Date,price
2009-01-02,20.344074249267578
2009-01-05,22.646472930908203
2009-01-06,22.63408851623535
2009-01-07,19.935579299926758
2009-01-08,18.66678237915039
2009-01-09,19.9417667388916
2009-01-12,21.161048889160156
2009-01-13,20.21409797668457
2009-01-14,21.520029067993164
2009-01-15,19.18667984008789
2009-01-16,18.567752838134766
2009-01-19,20.876346588134766
2009-01-20,20.325502395629883
2009-01-21,18.877222061157227
2009-02-02,20.449291229248047
2009-02-03,19.477575302124023
2009-02-04,19.613740921020508
2009-02-05,19.45281982421875
2009-02-06,19.92938995361328
2009-02-09,21.520029067993164
2009-02-10,21.650001525878906
2009-02-11,19.14335823059082
2009-02-12,21.421001434326172
2009-02-13,20.59783172607422
2009-02-16,21.99041175842285
2009-02-17,20.07793426513672
2009-02-18,18.70391845703125
2009-02-19,21.79854393005371
2009-02-20,21.253890991210938
2009-02-23,20.07793426513672
2009-02-24,21.297216415405273
2009-02-25,20.26361083984375
2009-02-26,20.30074691772461
2009-02-27,20.455474853515625
2009-03-02,19.762283325195312
2009-03-03,19.774656295776367
2009-03-04,20.269798278808594
2009-03-05,20.703044891357422
2009-03-06,22.29368782043457
2009-03-09,20.622587203979492
2009-03-10,20.721614837646484
2009-03-11,21.19818878173828
2009-03-12,21.074398040771484
2009-03-13,21.662382125854492
2009-03-16,21.99041175842285
2009-03-17,22.38652229309082
2009-03-18,22.343196868896484
2009-03-19,22.21941375732422
2009-03-20,21.922321319580078
2009-03-23,22.63408851623535
2009-03-24,23.147802352905273
2009-03-25,23.407745361328125
2009-03-26,23.5810489654541
2009-03-27,23.376802444458008
2009-03-30,22.460796356201172
2009-03-31,22.67741584777832
2009-04-02,23.87813377380371
2009-04-03,23.89051055908203
2009-04-06,24.008108139038086
2009-04-07,24.014293670654297
2009-04-08,23.35205078125
2009-04-09,24.311376571655273
2009-04-10,24.73843765258789
2009-04-13,24.8684139251709
2009-04-14,25.06647300720215
2009-04-15,24.91172981262207
2009-04-16,25.499713897705078
2009-04-17,24.682737350463867
2009-04-20,24.86222267150879
2009-04-21,25.239768981933594
2009-04-22,25.159313201904297
2009-04-23,25.041715621948242
2009-04-24,25.06647300720215
2009-04-27,24.459924697875977
2009-04-28,24.169023513793945
2009-04-29,24.385652542114258
2009-04-30,26.087696075439453
2009-05-04,27.913522720336914
2009-05-05,28.656232833862305
2009-05-06,28.71812629699707
2009-05-07,28.656232833862305
2009-05-08,28.365341186523438
2009-05-11,28.594343185424805
2009-05-12,27.604061126708984
2009-05-13,27.647384643554688
2009-05-14,27.016088485717773
2009-05-15,27.72785186767578
2009-05-18,27.888763427734375
2009-05-19,28.53244400024414
2009-05-20,28.656232833862305
2009-05-21,28.439613342285156
2009-05-22,28.33439064025879
2009-05-25,28.303447723388672
2009-05-26,28.222984313964844
2009-05-27,29.708410263061523
2009-06-01,29.535110473632812
2009-06-02,29.615564346313477
2009-06-03,29.57843780517578
2009-06-04,28.90380096435547
2009-06-05,28.854291915893555
2009-06-08,28.291067123413086
2009-06-09,27.511226654052734
2009-06-10,27.7587947845459
2009-06-11,28.00636863708496
2009-06-12,27.641193389892578
2009-06-15,26.638532638549805
2009-06-16,26.644731521606445
2009-06-17,26.5952091217041
2009-06-18,26.459047317504883
2009-06-19,26.76851463317871
2009-06-22,27.170812606811523
2009-06-23,26.52094078063965
2009-06-24,27.282222747802734
2009-06-25,27.591686248779297
2009-06-26,27.604061126708984
2009-06-29,27.406007766723633
2009-06-30,27.51740837097168
2009-07-01,28.130149841308594
2009-07-02,28.408676147460938
2009-07-03,28.346771240234375
2009-07-06,28.27869415283203
2009-07-07,28.58814811706543
2009-07-08,28.26012420654297
2009-07-09,28.78002166748047
2009-07-10,28.953319549560547
2009-07-13,28.037311553955078
2009-07-14,28.55720329284668
2009-07-15,29.12042808532715
2009-07-16,29.368000030517578
2009-07-17,29.627944946289062
2009-07-20,30.017868041992188
2009-07-21,29.95598030090332
2009-07-22,30.005489349365234
2009-07-23,30.024063110351562
2009-07-24,29.943599700927734
2009-07-27,30.222126007080078
2009-07-28,30.760583877563477
2009-07-29,30.54395866394043
2009-07-30,30.234498977661133
2009-07-31,30.33971405029297
2009-08-03,30.444929122924805
2009-08-04,30.110713958740234
2009-08-05,29.73934555053711
2009-08-06,29.795061111450195
2009-08-07,29.795061111450195
2009-08-10,29.869325637817383
2009-08-11,29.968360900878906
2009-08-12,29.863143920898438
2009-08-13,30.55014991760254
2009-08-14,30.711061477661133
2009-08-17,30.116891860961914
2009-08-18,29.72079086303711
2009-08-19,29.62175941467285
2009-08-20,29.460838317871094
2009-08-21,29.200883865356445
2009-08-24,30.141658782958984
2009-08-25,29.912654876708984
2009-08-26,29.708410263061523
2009-08-27,29.553682327270508
2009-08-28,29.95598030090332
2009-08-31,29.98692512512207
2009-09-01,31.070043563842773
2009-09-02,31.070043563842773
2009-09-03,31.224775314331055
2009-09-04,31.596126556396484
2009-09-07,32.060325622558594
2009-09-08,32.49357986450195
2009-09-09,32.21504211425781
2009-09-10,32.71019744873047
2009-09-11,32.49357986450195
2009-09-14,32.091270446777344
2009-09-15,32.46262741088867
2009-09-16,32.926822662353516
2009-09-17,32.89586639404297
2009-09-18,32.988712310791016
2009-09-21,32.89586639404297
2009-09-22,32.77208709716797
2009-09-23,32.61735916137695
2009-09-24,32.184112548828125
2009-09-25,32.40073776245117
2009-09-28,32.060325622558594
2009-09-29,32.71019744873047
2009-09-30,32.988712310791016
2009-10-01,33.20533752441406
2009-10-02,32.61735916137695
2009-10-05,32.58641815185547
2009-10-06,33.174381256103516
2009-10-07,33.360069274902344
2009-10-08,32.833984375
2009-10-09,33.019649505615234
2009-10-12,33.174381256103516
2009-10-13,33.23628234863281
2009-10-14,33.63857650756836
2009-10-15,33.82426071166992
2009-10-16,33.82426071166992
2009-10-19,33.94804382324219
2009-10-20,33.9789924621582
2009-10-21,33.731422424316406
2009-10-22,33.23628234863281
2009-10-23,32.95777130126953
2009-10-26,33.112491607666016
2009-10-27,33.050601959228516
2009-10-28,32.52451705932617
2009-10-29,31.90559959411621
2009-10-30,31.967487335205078
2009-11-02,31.781801223754883
2009-11-03,31.565176010131836
2009-11-04,32.15317153930664
2009-11-05,32.091270446777344
2009-11-06,32.338829040527344
2009-11-09,32.64830017089844
2009-11-10,32.89586639404297
2009-11-11,33.32912063598633
2009-11-12,33.29818344116211
2009-11-13,33.20533752441406
2009-11-16,33.762367248535156
2009-11-17,33.48385238647461
2009-11-18,33.51479721069336
2009-11-19,33.391014099121094
2009-11-20,33.0815544128418
2009-11-23,33.050601959228516
2009-11-24,33.20533752441406
2009-11-25,33.42196273803711
2009-11-26,33.32912063598633
2009-11-27,32.307891845703125
2009-11-30,32.61735916137695
2009-12-01,32.95777130126953
2009-12-02,33.050601959228516
2009-12-03,33.0815544128418
2009-12-04,32.86492919921875
2009-12-07,33.391014099121094
2009-12-08,33.23628234863281
2009-12-09,33.32912063598633
2009-12-10,32.80303192138672
2009-12-11,33.32912063598633
2009-12-14,33.360069274902344
2009-12-15,33.26723098754883
2009-12-16,32.926822662353516
2009-12-17,33.050601959228516
2009-12-18,32.95777130126953
2009-12-21,33.23628234863281
2009-12-22,33.51479721069336
2009-12-23,33.762367248535156
2009-12-24,34.10276794433594
2009-12-25,34.1646728515625
2009-12-28,34.41223907470703
2009-12-29,34.3503532409668
2009-12-30,34.4741325378418
2009-12-31,34.938331604003906
2010-01-04,34.96927261352539
2010-01-05,34.96927261352539
2010-01-06,35.619140625
2010-01-07,35.526302337646484
2010-01-08,35.74293518066406
2010-01-11,35.83576583862305
2010-01-12,35.650089263916016
2010-01-13,35.12400817871094
2010-01-14,35.5572509765625
2010-01-15,35.77387619018555
2010-01-18,35.58819580078125
2010-01-19,35.12400817871094
2010-01-20,34.907386779785156
2010-01-21,34.62887191772461
2010-01-22,33.66952896118164
2010-01-25,33.545745849609375
2010-01-26,32.77208709716797
2010-01-27,32.74114990234375
2010-01-28,33.45290756225586
2010-01-29,32.80303192138672
2010-02-01,32.431671142578125
2010-02-02,32.091270446777344
2010-02-03,32.64830017089844
2010-02-04,32.52451705932617
2010-02-05,31.41045379638672
2010-02-08,31.47234535217285
2010-02-09,31.90559959411621
2010-02-10,32.245994567871094
2010-02-22,32.55546569824219
2010-02-23,32.55546569824219
2010-02-24,32.338829040527344
2010-02-25,31.967487335205078
2010-02-26,31.90559959411621
2010-03-01,32.67924880981445
2010-03-02,32.58641815185547
2010-03-03,32.58641815185547
2010-03-04,32.307891845703125
2010-03-05,32.77208709716797
2010-03-08,33.20533752441406
2010-03-09,33.29818344116211
2010-03-10,33.29818344116211
2010-03-11,33.20533752441406
2010-03-12,33.174381256103516
2010-03-15,32.71019744873047
2010-03-16,32.86492919921875
2010-03-17,33.51479721069336
2010-03-18,33.66952896118164
2010-03-19,33.57669448852539
2010-03-22,33.23628234863281
2010-03-23,33.019649505615234
2010-03-24,33.112491607666016
2010-03-25,33.112491607666016
2010-03-26,33.42196273803711
2010-03-29,33.731422424316406
2010-03-30,33.70048522949219
2010-03-31,33.57669448852539
2010-04-01,33.88615036010742
2010-04-02,33.88615036010742
2010-04-06,34.22657012939453
2010-04-07,34.288455963134766
2010-04-08,34.071834564208984
2010-04-09,34.1646728515625
2010-04-12,34.31939697265625
2010-04-13,33.91710662841797
2010-04-14,34.1646728515625
2010-04-15,34.38130187988281
2010-04-16,34.1646728515625
2010-04-19,33.20533752441406
2010-04-20,33.32912063598633
2010-04-21,33.762367248535156
2010-04-22,33.70048522949219
2010-04-23,33.88615036010742
2010-04-26,34.5979118347168
2010-04-27,34.56697463989258
2010-04-28,34.19561767578125
2010-04-29,34.04087448120117
2010-04-30,33.91710662841797
2010-05-03,33.70048522949219
2010-05-04,33.731422424316406
2010-05-05,32.80303192138672
2010-05-06,32.15317153930664
2010-05-07,32.15317153930664
2010-05-10,32.431671142578125
2010-05-11,32.307891845703125
2010-05-12,32.245994567871094
2010-05-13,32.95777130126953
2010-05-14,32.86492919921875
2010-05-17,32.12221908569336
2010-05-18,32.184112548828125
2010-05-19,31.84370231628418
2010-05-20,31.441394805908203
2010-05-21,30.791521072387695
2010-05-24,31.224775314331055
2010-05-25,30.401601791381836
2010-05-26,30.525392532348633
2010-05-27,30.735830307006836
2010-05-28,30.865785598754883
2010-05-31,31.008150100708008
2010-06-01,30.84104347229004
2010-06-02,30.3582763671875
2010-06-03,31.070043563842773
2010-06-04,30.977209091186523
2010-06-07,30.166412353515625
2010-06-08,30.055011749267578
2010-06-09,29.819807052612305
2010-06-10,30.234498977661133
2010-06-11,30.711061477661133
2010-06-14,31.162879943847656
2010-06-15,31.379512786865234
2010-06-17,31.596126556396484
2010-06-18,31.50328826904297
2010-06-21,32.184112548828125
2010-06-22,31.99843406677246
2010-06-23,31.658031463623047
2010-06-24,31.750865936279297
2010-06-25,31.317607879638672
2010-06-28,31.441394805908203
2010-06-29,31.255720138549805
2010-06-30,30.66773796081543
2010-07-01,30.55014991760254
2010-07-02,30.630603790283203
2010-07-05,31.255720138549805
2010-07-06,31.812755584716797
2010-07-07,31.750865936279297
2010-07-08,32.21504211425781
2010-07-09,32.40073776245117
2010-07-12,32.36979293823242
2010-07-13,32.276947021484375
2010-07-14,32.89586639404297
2010-07-15,32.95777130126953
2010-07-16,32.74114990234375
2010-07-19,32.64830017089844
2010-07-20,32.926822662353516
2010-07-21,32.74114990234375
2010-07-22,32.77208709716797
2010-07-23,33.23628234863281
2010-07-26,33.32912063598633
2010-07-27,33.174381256103516
2010-07-28,33.45290756225586
2010-07-29,33.48385238647461
2010-07-30,33.360069274902344
2010-08-02,34.00993728637695
2010-08-03,34.1646728515625
2010-08-04,34.10276794433594
2010-08-05,34.071834564208984
2010-08-06,34.1646728515625
2010-08-09,34.3503532409668
2010-08-10,34.288455963134766
2010-08-11,33.85520935058594
2010-08-12,33.57669448852539
2010-08-13,33.94804382324219
2010-08-16,34.04087448120117
2010-08-17,34.00993728637695
2010-08-18,33.82426071166992
2010-08-19,34.00993728637695
2010-08-20,34.00993728637695
2010-08-23,34.22657012939453
2010-08-24,34.00993728637695
2010-08-25,33.391014099121094
2010-08-26,33.174381256103516
2010-08-27,33.32912063598633
2010-08-30,33.48385238647461
2010-08-31,32.988712310791016
2010-09-01,33.23628234863281
2010-09-02,33.42196273803711
2010-09-03,33.762367248535156
2010-09-06,34.00993728637695
2010-09-07,33.94804382324219
2010-09-08,33.88615036010742
2010-09-09,33.88615036010742
2010-09-10,34.19561767578125
2010-09-13,35.15495300292969
2010-09-14,35.27873611450195
2010-09-15,35.43346405029297
2010-09-16,35.06210708618164
2010-09-17,35.46440505981445
2010-09-20,35.43346405029297
2010-09-21,35.4953498840332
2010-09-23,35.4953498840332
2010-09-24,35.27873611450195
2010-09-27,35.58819580078125
2010-09-28,35.526302337646484
2010-09-29,35.77387619018555
2010-09-30,35.71198654174805
2010-10-01,35.74293518066406
2010-10-04,35.74293518066406
2010-10-05,35.526302337646484
2010-10-06,35.74293518066406
2010-10-07,35.86671829223633
2010-10-08,35.650089263916016
2010-10-11,35.24779510498047
2010-10-12,34.783592224121094
2010-10-13,35.000221252441406
2010-10-14,35.5572509765625
2010-10-15,35.4953498840332
2010-10-18,34.783592224121094
2010-10-19,34.69075393676758
2010-10-20,35.09306335449219
2010-10-21,35.12400817871094
2010-10-22,35.34062576293945
2010-10-25,34.721702575683594
2010-10-26,34.876434326171875
2010-10-27,34.69075393676758
2010-10-28,34.96927261352539
2010-10-29,34.65980911254883
2010-11-01,35.15495300292969
2010-11-02,35.15495300292969
2010-11-03,35.09306335449219
2010-11-04,35.30967330932617
2010-11-05,35.681034088134766
2010-11-08,35.619140625
2010-11-09,35.71198654174805
2010-11-10,35.681034088134766
2010-11-11,35.58819580078125
2010-11-12,34.876434326171875
2010-11-15,34.75263595581055
2010-11-16,35.12400817871094
2010-11-17,34.96927261352539
2010-11-18,35.03116989135742
2010-11-19,35.06210708618164
2010-11-22,35.4953498840332
2010-11-23,35.21683883666992
2010-11-24,35.18589401245117
2010-11-25,35.34062576293945
2010-11-26,35.15495300292969
2010-11-29,35.21683883666992
2010-11-30,35.34062576293945
2010-12-01,35.89765548706055
2010-12-02,36.17618179321289
2010-12-03,36.51658630371094
2010-12-06,36.60942459106445
2010-12-07,36.57847213745117
2010-12-08,36.57847213745117
2010-12-09,36.949832916259766
2010-12-10,36.702266693115234
2010-12-13,36.79510498046875
2010-12-14,36.702266693115234
2010-12-15,36.887939453125
2010-12-16,36.949832916259766
2010-12-17,37.25929260253906
2010-12-20,37.07362365722656
2010-12-21,37.16645050048828
2010-12-22,37.16645050048828
2010-12-23,37.414031982421875
2010-12-24,37.25929260253906
2010-12-27,37.414031982421875
2010-12-28,37.352134704589844
2010-12-29,37.44497299194336
2010-12-30,37.630653381347656
2010-12-31,38.00199508666992
2011-01-03,38.03294372558594
2011-01-04,37.94010543823242
2011-01-05,37.32118225097656
2011-01-06,37.25929260253906
2011-01-07,36.91889572143555
2011-01-10,37.04267501831055
2011-01-11,37.661598205566406
2011-01-12,37.81632995605469
2011-01-13,37.785377502441406
2011-01-14,37.75444412231445
2011-01-17,37.661598205566406
2011-01-18,37.9710578918457
2011-01-19,38.40430450439453
2011-01-20,38.15673065185547
2011-01-21,37.75444412231445
2011-01-24,37.723487854003906
2011-01-25,38.03294372558594
2011-01-26,38.37335968017578
2011-01-27,38.65187072753906
2011-01-28,38.992279052734375
2011-02-08,38.74471664428711
2011-02-09,38.37335968017578
2011-02-10,37.661598205566406
2011-02-11,36.45469665527344
2011-02-14,36.7641487121582
2011-02-15,36.98078155517578
2011-02-16,37.04267501831055
2011-02-17,36.91889572143555
2011-02-18,37.53781509399414
2011-02-21,37.53781509399414
2011-02-22,37.04267501831055
2011-02-23,36.51658630371094
2011-02-24,36.51658630371094
2011-02-25,36.826053619384766
2011-03-01,37.10456466674805
2011-03-02,36.79510498046875
2011-03-03,37.25929260253906
2011-03-04,37.53781509399414
2011-03-07,37.25929260253906
2011-03-08,37.29023742675781
2011-03-09,37.25929260253906
2011-03-10,36.826053619384766
2011-03-11,36.423744201660156
2011-03-14,36.392791748046875
2011-03-15,35.58819580078125
2011-03-16,35.46440505981445
2011-03-17,35.46440505981445
2011-03-18,35.74293518066406
2011-03-21,35.95954895019531
2011-03-22,36.145233154296875
2011-03-23,36.207122802734375
2011-03-24,36.36185073852539
2011-03-25,36.73320388793945
2011-03-28,36.60942459106445
2011-03-29,36.67131423950195
2011-03-30,36.887939453125
2011-03-31,36.85699462890625
2011-04-01,37.04267501831055
2011-04-06,37.84727478027344
2011-04-07,37.94010543823242
2011-04-08,37.81632995605469
2011-04-11,37.81632995605469
2011-04-12,37.16645050048828
2011-04-13,37.38308334350586
2011-04-14,37.352134704589844
2011-04-15,36.91889572143555
2011-04-18,36.85699462890625
2011-04-19,36.640377044677734
2011-04-20,37.32118225097656
2011-04-21,38.187679290771484
2011-04-22,38.125797271728516
2011-04-25,38.03294372558594
2011-04-26,37.87821960449219
2011-04-27,38.46620178222656
2011-04-28,38.46620178222656
2011-04-29,38.37335968017578
2011-05-03,38.46620178222656
2011-05-04,38.24958038330078
2011-05-05,38.52809524536133
2011-05-06,38.342411041259766
2011-05-09,38.55902862548828
2011-05-10,38.55902862548828
2011-05-11,38.40430450439453
2011-05-12,38.52809524536133
2011-05-13,38.40430450439453
2011-05-16,37.94010543823242
2011-05-17,37.9091682434082
2011-05-18,38.125797271728516
2011-05-19,37.785377502441406
2011-05-20,37.81632995605469
2011-05-23,37.352134704589844
2011-05-24,37.414031982421875
2011-05-25,37.29023742675781
2011-05-26,37.661598205566406
2011-05-27,37.50686264038086
2011-05-30,37.44497299194336
2011-05-31,38.37335968017578
2011-06-01,38.589988708496094
2011-06-02,38.31147384643555
2011-06-03,38.49714279174805
2011-06-07,38.49714279174805
2011-06-08,38.37335968017578
2011-06-09,38.37335968017578
2011-06-10,37.47592544555664
2011-06-13,36.98078155517578
2011-06-14,37.599708557128906
2011-06-15,37.44497299194336
2011-06-16,36.7641487121582
2011-06-17,36.640377044677734
2011-06-20,36.26901626586914
2011-06-21,36.54753494262695
2011-06-22,36.640377044677734
2011-06-23,36.299957275390625
2011-06-24,36.02144241333008
2011-06-27,35.77387619018555
2011-06-28,35.681034088134766
2011-06-29,36.299957275390625
2011-06-30,36.423744201660156
2011-07-01,36.949832916259766
2011-07-04,37.16645050048828
2011-07-05,37.10456466674805
2011-07-06,37.50686264038086
2011-07-07,37.352134704589844
2011-07-08,37.16645050048828
2011-07-11,36.91889572143555
2011-07-12,36.33090591430664
2011-07-13,36.33090591430664
2011-07-14,36.45469665527344
2011-07-15,36.640377044677734
2011-07-18,36.51658630371094
2011-07-19,36.45469665527344
2011-07-20,37.414031982421875
2011-07-21,37.50686264038086
2011-07-22,37.75444412231445
2011-07-25,37.38308334350586
2011-07-26,37.87821960449219
2011-07-27,37.9710578918457
2011-07-28,37.661598205566406
2011-07-29,37.07362365722656
2011-08-01,37.352134704589844
2011-08-02,36.85699462890625
2011-08-03,36.26901626586914
2011-08-04,35.804832458496094
2011-08-05,33.70048522949219
2011-08-08,33.112491607666016
2011-08-09,32.80303192138672
2011-08-10,33.48385238647461
2011-08-11,33.48385238647461
2011-08-12,33.1434440612793
2011-08-15,33.79331970214844
2011-08-16,33.63857650756836
2011-08-17,33.391014099121094
2011-08-18,32.77208709716797
2011-08-19,31.6270809173584
2011-08-22,31.874645233154297
2011-08-23,32.988712310791016
2011-08-24,32.55546569824219
2011-08-25,32.40073776245117
2011-08-26,32.833984375
2011-08-29,33.29818344116211
2011-08-30,33.545745849609375
2011-08-31,33.762367248535156
2011-09-01,34.13372802734375
2011-09-02,34.13372802734375
2011-09-05,33.174381256103516
2011-09-06,32.52451705932617
2011-09-07,33.1434440612793
2011-09-08,33.23628234863281
2011-09-09,33.51479721069336
2011-09-13,32.58641815185547
2011-09-14,31.936542510986328
2011-09-15,32.71019744873047
2011-09-16,33.48385238647461
2011-09-19,32.926822662353516
2011-09-20,33.050601959228516
2011-09-21,33.174381256103516
2011-09-22,32.245994567871094
2011-09-23,31.162879943847656
2011-09-26,30.525392532348633
2011-09-27,31.6270809173584
2011-09-28,31.658031463623047
2011-09-29,31.936542510986328
2011-09-30,31.967487335205078
2011-10-03,31.131935119628906
2011-10-04,31.41045379638672
2011-10-05,31.100990295410156
2011-10-06,31.71991729736328
2011-10-07,31.90559959411621
2011-10-11,32.80303192138672
2011-10-12,32.71019744873047
2011-10-13,32.67924880981445
2011-10-14,32.46262741088867
2011-10-17,32.86492919921875
2011-10-18,32.52451705932617
2011-10-19,32.40073776245117
2011-10-20,32.02938461303711
2011-10-21,32.15317153930664
2011-10-24,33.174381256103516
2011-10-25,33.174381256103516
2011-10-26,32.276947021484375
2011-10-27,32.338829040527344
2011-10-28,32.431671142578125
2011-10-31,32.307891845703125
2011-11-01,32.52451705932617
2011-11-02,32.431671142578125
2011-11-03,31.84370231628418
2011-11-04,32.36979293823242
2011-11-07,32.431671142578125
2011-11-08,32.276947021484375
2011-11-09,32.307891845703125
2011-11-10,31.28666877746582
2011-11-11,31.50328826904297
2011-11-14,32.276947021484375
2011-11-15,32.091270446777344
2011-11-16,31.688974380493164
2011-11-17,31.781801223754883
2011-11-18,31.131935119628906
2011-11-21,30.469682693481445
2011-11-22,30.33971405029297
2011-11-23,29.615564346313477
2011-11-24,29.62175941467285
2011-11-25,29.361806869506836
2011-11-28,29.88790512084961
2011-11-29,30.154027938842773
2011-11-30,29.757923126220703
2011-12-01,31.131935119628906
2011-12-02,30.834848403930664
2011-12-05,30.735830307006836
2011-12-06,30.13547706604004
2011-12-07,30.45111846923828
2011-12-08,30.24068260192871
2011-12-09,29.856950759887695
2011-12-12,30.203548431396484
2011-12-13,30.048816680908203
2011-12-14,30.07356834411621
2011-12-15,29.398950576782227
2011-12-16,29.522729873657227
2011-12-19,28.928565979003906
2011-12-20,29.089475631713867
2011-12-21,30.500625610351562
2011-12-22,30.426362991333008
2011-12-23,30.946264266967773
2011-12-26,30.91531753540039
2011-12-27,30.85341453552246
2011-12-28,30.68012046813965
2011-12-29,30.704877853393555
2011-12-30,30.828659057617188
2012-01-02,30.364471435546875
2012-01-03,30.760583877563477
2012-01-04,30.946264266967773
2012-01-05,31.039098739624023
2012-01-06,30.946264266967773
2012-01-09,30.828659057617188
2012-01-10,31.379512786865234
2012-01-11,31.348552703857422
2012-01-12,31.41045379638672
2012-01-13,31.47234535217285
2012-01-16,30.977209091186523
2012-01-17,31.28666877746582
2012-01-18,31.193832397460938
2012-01-30,32.060325622558594
2012-01-31,32.15317153930664
2012-02-01,32.36979293823242
2012-02-02,32.74114990234375
2012-02-03,32.833984375
2012-02-06,32.926822662353516
2012-02-07,32.988712310791016
2012-02-08,33.70048522949219
2012-02-09,33.66952896118164
2012-02-10,33.391014099121094
2012-02-13,33.545745849609375
2012-02-14,33.42196273803711
2012-02-15,33.9789924621582
2012-02-16,33.57669448852539
2012-02-17,33.88615036010742
2012-02-20,33.85520935058594
2012-02-21,33.731422424316406
2012-02-22,33.94804382324219
2012-02-23,33.79331970214844
2012-02-24,33.88615036010742
2012-02-29,34.65980911254883
2012-03-01,34.5979118347168
2012-03-02,34.41223907470703
2012-03-05,33.94804382324219
2012-03-06,33.79331970214844
2012-03-07,33.66952896118164
2012-03-08,33.85520935058594
2012-03-09,34.00993728637695
2012-03-12,33.63857650756836
2012-03-13,34.10276794433594
2012-03-14,34.5979118347168
2012-03-15,34.44318771362305
2012-03-16,34.288455963134766
2012-03-19,34.19561767578125
2012-03-20,33.94804382324219
2012-03-21,33.94804382324219
2012-03-22,34.41223907470703
2012-03-23,34.31939697265625
2012-03-26,33.762367248535156
2012-03-27,34.19561767578125
2012-03-28,34.31939697265625
2012-03-29,33.85520935058594
2012-03-30,33.9789924621582
2012-04-02,33.85520935058594
2012-04-03,33.57669448852539
2012-04-05,33.20533752441406
2012-04-06,33.26723098754883
2012-04-09,32.86492919921875
2012-04-10,32.86492919921875
2012-04-11,32.988712310791016
2012-04-12,33.019649505615234
2012-04-13,33.391014099121094
2012-04-16,33.29818344116211
2012-04-17,32.74114990234375
2012-04-18,32.80303192138672
2012-04-19,32.833984375
2012-04-20,32.40073776245117
2012-04-23,32.36979293823242
2012-04-24,32.431671142578125
2012-04-25,32.61735916137695
2012-04-26,32.36979293823242
2012-04-27,32.307891845703125
2012-04-30,32.21504211425781
2012-05-02,33.019649505615234
2012-05-03,32.86492919921875
2012-05-04,32.926822662353516
2012-05-07,32.21504211425781
2012-05-08,32.21504211425781
2012-05-09,31.99843406677246
2012-05-10,31.99843406677246
2012-05-11,31.658031463623047
2012-05-14,31.688974380493164
2012-05-15,31.688974380493164
2012-05-16,31.070043563842773
2012-05-17,31.441394805908203
2012-05-18,30.74201011657715
2012-05-21,30.91531753540039
2012-05-22,31.193832397460938
2012-05-23,30.630603790283203
2012-05-24,30.56252098083496
2012-05-25,30.33353042602539
2012-05-28,30.618234634399414
2012-05-29,31.379512786865234
2012-05-30,31.008150100708008
2012-05-31,31.039098739624023
2012-06-01,30.4201717376709
2012-06-04,29.510351181030273
2012-06-05,29.89407730102539
2012-06-06,30.098325729370117
2012-06-07,30.166412353515625
2012-06-08,29.708410263061523
2012-06-11,30.32114601135254
2012-06-12,30.085948944091797
2012-06-13,30.147842407226562
2012-06-14,30.19116973876953
2012-06-15,30.574899673461914
2012-06-18,31.070043563842773
2012-06-19,30.89055633544922
2012-06-20,31.224775314331055
2012-06-21,31.039098739624023
2012-06-22,30.673931121826172
2012-06-25,30.45111846923828
2012-06-26,30.32114601135254
2012-06-27,30.60584831237793
2012-06-28,30.655363082885742
2012-06-29,31.070043563842773
2012-07-02,31.317607879638672
2012-07-03,31.688974380493164
2012-07-04,31.812755584716797
2012-07-05,31.750865936279297
2012-07-06,31.565176010131836
2012-07-09,31.53424072265625
2012-07-10,31.193832397460938
2012-07-11,31.28666877746582
2012-07-12,30.729646682739258
2012-07-13,30.63679313659668
2012-07-16,30.63679313659668
2012-07-17,30.85341453552246
2012-07-18,30.45111846923828
2012-07-19,31.070043563842773
2012-07-20,31.039098739624023
2012-07-23,30.48206329345703
2012-07-24,30.401601791381836
2012-07-25,30.24068260192871
2012-07-26,30.290193557739258
2012-07-27,30.89674186706543
2012-07-30,31.100990295410156
2012-07-31,31.6270809173584
2012-08-01,31.688974380493164
2012-08-02,31.688974380493164
2012-08-03,31.50328826904297
2012-08-06,31.90559959411621
2012-08-07,31.936542510986328
2012-08-08,32.02938461303711
2012-08-09,32.71019744873047
2012-08-10,32.67924880981445
2012-08-13,32.80303192138672
2012-08-14,32.95777130126953
2012-08-15,32.833984375
2012-08-16,32.926822662353516
2012-08-17,32.77208709716797
2012-08-20,32.67924880981445
2012-08-21,33.050601959228516
2012-08-22,33.019649505615234
2012-08-23,32.988712310791016
2012-08-24,32.86492919921875
2012-08-27,32.926822662353516
2012-08-28,32.49357986450195
2012-08-29,32.61735916137695
2012-08-30,32.52451705932617
2012-08-31,32.64830017089844
2012-09-03,32.89586639404297
2012-09-04,32.833984375
2012-09-05,32.40073776245117
2012-09-06,32.276947021484375
2012-09-07,32.77208709716797
2012-09-10,33.019649505615234
2012-09-11,32.988712310791016
2012-09-12,33.45290756225586
2012-09-13,33.51479721069336
2012-09-14,34.3503532409668
2012-09-17,34.41223907470703
2012-09-18,34.288455963134766
2012-09-19,34.44318771362305
2012-09-20,34.19561767578125
2012-09-21,34.31939697265625
2012-09-24,34.3503532409668
2012-09-25,34.22657012939453
2012-09-26,33.9789924621582
2012-09-27,34.10276794433594
2012-09-28,34.13372802734375
2012-10-01,34.04087448120117
2012-10-02,34.19561767578125
2012-10-03,34.04087448120117
2012-10-04,34.071834564208984
2012-10-05,34.10276794433594
2012-10-08,33.82426071166992
2012-10-09,33.66952896118164
2012-10-11,32.988712310791016
2012-10-12,32.89586639404297
2012-10-15,32.95777130126953
2012-10-16,33.112491607666016
2012-10-17,33.050601959228516
2012-10-18,33.20533752441406
2012-10-19,32.95777130126953
2012-10-22,32.74114990234375
2012-10-23,32.74114990234375
2012-10-24,31.565176010131836
2012-10-25,31.255720138549805
2012-10-26,30.89055633544922
2012-10-29,30.946264266967773
2012-10-30,31.224775314331055
2012-10-31,31.193832397460938
2012-11-01,31.162879943847656
2012-11-02,31.379512786865234
2012-11-05,31.255720138549805
2012-11-06,31.50328826904297
2012-11-07,31.658031463623047
2012-11-08,31.41045379638672
2012-11-09,31.6270809173584
2012-11-12,31.50328826904297
2012-11-13,30.977209091186523
2012-11-14,31.039098739624023
2012-11-15,30.946264266967773
2012-11-16,30.90912628173828
2012-11-19,31.100990295410156
2012-11-20,31.162879943847656
2012-11-21,30.927690505981445
2012-11-22,31.070043563842773
2012-11-23,31.99843406677246
2012-11-26,32.307891845703125
2012-11-27,32.431671142578125
2012-11-28,32.46262741088867
2012-11-29,32.86492919921875
2012-11-30,33.1434440612793
2012-12-03,33.112491607666016
2012-12-04,33.0815544128418
2012-12-05,33.26723098754883
2012-12-06,33.174381256103516
2012-12-07,33.360069274902344
2012-12-10,33.23628234863281
2012-12-11,33.20533752441406
2012-12-12,33.48385238647461
2012-12-13,33.85520935058594
2012-12-14,33.545745849609375
2012-12-17,33.112491607666016
2012-12-18,33.1434440612793
2012-12-19,33.23628234863281
2012-12-20,32.833984375
2012-12-21,32.67924880981445
2012-12-24,32.61735916137695
2012-12-25,33.174381256103516
2012-12-26,33.112491607666016
2012-12-27,33.0815544128418
2012-12-28,33.29818344116211
2013-01-02,33.66952896118164
2013-01-03,33.94804382324219
2013-01-04,33.731422424316406
2013-01-07,33.57669448852539
2013-01-08,33.360069274902344
2013-01-09,33.48385238647461
2013-01-10,33.731422424316406
2013-01-11,33.70048522949219
2013-01-14,33.731422424316406
2013-01-15,33.42196273803711
2013-01-16,33.23628234863281
2013-01-17,32.988712310791016
2013-01-18,33.391014099121094
2013-01-21,33.360069274902344
2013-01-22,33.45290756225586
2013-01-23,33.42196273803711
2013-01-24,33.23628234863281
2013-01-25,33.112491607666016
2013-01-28,33.26723098754883
2013-01-29,33.731422424316406
2013-01-30,33.79331970214844
2013-01-31,33.79331970214844
2013-02-01,33.91710662841797
2013-02-04,34.1646728515625
2013-02-05,34.04087448120117
2013-02-06,34.288455963134766
2013-02-18,34.41223907470703
2013-02-19,34.44318771362305
2013-02-20,34.721702575683594
2013-02-21,34.4741325378418
2013-02-22,34.3503532409668
2013-02-25,34.4741325378418
2013-02-26,34.10276794433594
2013-02-27,34.1646728515625
2013-03-01,34.288455963134766
2013-03-04,33.88615036010742
2013-03-05,34.1646728515625
2013-03-06,34.31939697265625
2013-03-07,34.288455963134766
2013-03-08,34.5360221862793
2013-03-11,34.5979118347168
2013-03-12,34.38130187988281
2013-03-13,34.44318771362305
2013-03-14,34.41223907470703
2013-03-15,34.1646728515625
2013-03-18,33.731422424316406
2013-03-19,33.79331970214844
2013-03-20,33.57669448852539
2013-03-21,33.607635498046875
2013-03-22,33.51479721069336
2013-03-25,33.762367248535156
2013-03-26,33.762367248535156
2013-03-27,33.85520935058594
2013-03-28,33.762367248535156
2013-03-29,34.10276794433594
2013-04-01,34.04087448120117
2013-04-02,33.94804382324219
2013-04-03,34.04087448120117
2013-04-08,33.32912063598633
2013-04-09,33.23628234863281
2013-04-10,33.29818344116211
2013-04-11,33.63857650756836
2013-04-12,33.63857650756836
2013-04-15,33.360069274902344
2013-04-16,33.42196273803711
2013-04-17,33.360069274902344
2013-04-18,33.32912063598633
2013-04-19,34.31939697265625
2013-04-22,34.288455963134766
2013-04-23,34.10276794433594
2013-04-24,34.38130187988281
2013-04-25,34.44318771362305
2013-04-26,34.56697463989258
2013-04-29,34.5360221862793
2013-04-30,34.907386779785156
2013-05-02,35.000221252441406
2013-05-03,35.06210708618164
2013-05-06,35.21683883666992
2013-05-07,35.34062576293945
2013-05-08,35.804832458496094
2013-05-09,36.02144241333008
2013-05-10,35.83576583862305
2013-05-13,35.74293518066406
2013-05-14,35.83576583862305
2013-05-15,35.86671829223633
2013-05-16,36.33090591430664
2013-05-17,36.145233154296875
2013-05-20,36.08333969116211
2013-05-21,36.08333969116211
2013-05-22,36.052391052246094
2013-05-23,35.27873611450195
2013-05-24,35.18589401245117
2013-05-27,35.4953498840332
2013-05-28,35.371585845947266
2013-05-29,35.681034088134766
2013-05-30,35.24779510498047
2013-05-31,35.24779510498047
2013-06-03,35.09306335449219
2013-06-04,35.03116989135742
2013-06-05,35.03116989135742
2013-06-06,34.5979118347168
2013-06-07,34.69075393676758
2013-06-10,34.96927261352539
2013-06-11,34.876434326171875
2013-06-13,34.04087448120117
2013-06-14,33.91710662841797
2013-06-17,34.13372802734375
2013-06-18,34.288455963134766
2013-06-19,34.22657012939453
2013-06-20,33.57669448852539
2013-06-21,33.174381256103516
2013-06-24,33.050601959228516
2013-06-25,32.80303192138672
2013-06-26,33.23628234863281
2013-06-27,33.63857650756836
2013-06-28,34.10276794433594
2013-07-01,34.41223907470703
2013-07-02,34.3503532409668
2013-07-03,33.94804382324219
2013-07-04,34.00993728637695
2013-07-05,34.69075393676758
2013-07-08,34.04087448120117
2013-07-09,34.44318771362305
2013-07-10,34.5360221862793
2013-07-11,35.402523040771484
2013-07-12,35.4953498840332
2013-07-15,35.58819580078125
2013-07-16,35.58819580078125
2013-07-17,35.650089263916016
2013-07-18,35.402523040771484
2013-07-19,34.62887191772461
2013-07-22,34.75263595581055
2013-07-23,35.30967330932617
2013-07-24,35.21683883666992
2013-07-25,35.27873611450195
2013-07-26,35.21683883666992
2013-07-29,34.96927261352539
2013-07-30,35.24779510498047
2013-07-31,35.03116989135742
2013-08-01,34.783592224121094
2013-08-02,35.000221252441406
2013-08-05,35.09306335449219
2013-08-06,34.5979118347168
2013-08-07,34.10276794433594
2013-08-08,33.9789924621582
2013-08-09,33.94804382324219
2013-08-12,34.04087448120117
2013-08-13,34.38130187988281
2013-08-14,34.288455963134766
2013-08-15,34.04087448120117
2013-08-16,34.19561767578125
2013-08-19,34.10276794433594
2013-08-20,33.79331970214844
2013-08-22,33.51479721069336
2013-08-23,33.94804382324219
2013-08-26,34.10276794433594
2013-08-27,33.79331970214844
2013-08-28,33.88615036010742
2013-08-29,34.3503532409668
2013-08-30,34.56697463989258
2013-09-02,34.84548568725586
2013-09-03,35.06210708618164
2013-09-04,35.000221252441406
2013-09-05,35.21683883666992
2013-09-06,35.27873611450195
2013-09-09,35.402523040771484
2013-09-10,35.4953498840332
2013-09-11,35.58819580078125
2013-09-12,35.619140625
2013-09-13,35.34062576293945
2013-09-16,35.77387619018555
2013-09-17,35.74293518066406
2013-09-18,35.619140625
2013-09-23,35.89765548706055
2013-09-24,35.92860412597656
2013-09-25,35.77387619018555
2013-09-26,35.43346405029297
2013-09-27,35.526302337646484
2013-09-30,35.371585845947266
2013-10-01,35.371585845947266
2013-10-02,35.4953498840332
2013-10-03,36.23807144165039
2013-10-04,36.17618179321289
2013-10-07,35.83576583862305
2013-10-08,36.114280700683594
2013-10-09,36.02144241333008
2013-10-11,36.17618179321289
2013-10-14,35.89765548706055
2013-10-15,36.207122802734375
2013-10-16,36.052391052246094
2013-10-17,36.23807144165039
2013-10-18,36.54753494262695
2013-10-21,36.51658630371094
2013-10-22,36.51658630371094
2013-10-23,36.33090591430664
2013-10-24,36.457603454589844
2013-10-25,36.17253494262695
2013-10-28,36.42593002319336
2013-10-29,36.58430862426758
2013-10-30,36.67932891845703
2013-10-31,36.67932891845703
2013-11-01,36.489280700683594
2013-11-04,36.33089828491211
2013-11-05,35.982486724853516
2013-11-06,35.982486724853516
2013-11-07,35.8874626159668
2013-11-08,35.760765075683594
2013-11-11,35.66573715209961
2013-11-12,35.79243469238281
2013-11-13,35.317317962646484
2013-11-14,35.41233825683594
2013-11-15,35.570701599121094
2013-11-18,35.760765075683594
2013-11-19,35.982486724853516
2013-11-20,35.760765075683594
2013-11-21,35.12726974487305
2013-11-22,35.1589469909668
2013-11-25,35.634063720703125
2013-11-26,35.91913604736328
2013-11-27,36.109188079833984
2013-11-28,36.33089828491211
2013-11-29,36.457603454589844
2013-12-02,36.39426040649414
2013-12-03,36.42593002319336
2013-12-04,36.39426040649414
2013-12-05,36.17253494262695
2013-12-06,36.20421600341797
2013-12-09,36.52095413208008
2013-12-10,36.6159782409668
2013-12-11,36.64766311645508
2013-12-12,36.362579345703125
2013-12-13,36.33089828491211
2013-12-16,36.045833587646484
2013-12-17,36.23588943481445
2013-12-18,36.109188079833984
2013-12-19,36.33089828491211
2013-12-20,36.39426040649414
2013-12-23,36.64766311645508
2013-12-24,36.6159782409668
2013-12-25,36.64766311645508
2013-12-26,36.64766311645508
2013-12-27,36.93273162841797
2013-12-30,37.24946594238281
2013-12-31,37.18612289428711
2014-01-02,9.272775650024414
2014-01-03,9.16191577911377
2014-01-06,9.138157844543457
2014-01-07,9.138157844543457
2014-01-08,9.1539945602417
2014-01-09,9.114400863647461
2014-01-10,9.114400863647461
2014-01-13,9.169832229614258
2014-01-14,9.1539945602417
2014-01-15,9.249019622802734
2014-01-16,9.272775650024414
2014-01-17,9.288610458374023
2014-01-20,9.312366485595703
2014-01-21,9.272775650024414
2014-01-22,9.288610458374023
2014-01-23,9.264856338500977
2014-01-24,9.288610458374023
2014-01-27,9.122320175170898
2014-02-05,8.83724594116211
2014-02-06,8.868922233581543
2014-02-07,8.963947296142578
2014-02-10,8.963947296142578
2014-02-11,9.019379615783691
2014-02-12,9.114400863647461
2014-02-13,9.090644836425781
2014-02-14,9.177751541137695
2014-02-17,9.177751541137695
2014-02-18,9.209426879882812
2014-02-19,9.209426879882812
2014-02-20,9.13023853302002
2014-02-21,9.217344284057617
2014-02-24,9.169832229614258
2014-02-25,9.209426879882812
2014-02-26,9.249019622802734
2014-02-27,9.233182907104492
2014-03-03,9.177751541137695
2014-03-04,9.138157844543457
2014-03-05,9.233182907104492
2014-03-06,9.367799758911133
2014-03-07,9.407392501831055
2014-03-10,9.35196304321289
2014-03-11,9.3994722366333
2014-03-12,9.312366485595703
2014-03-13,9.462823867797852
2014-03-14,9.367799758911133
2014-03-17,9.35196304321289
2014-03-18,9.407392501831055
2014-03-19,9.383635520935059
2014-03-20,9.264856338500977
2014-03-21,9.264856338500977
2014-03-24,9.288610458374023
2014-03-25,9.367799758911133
2014-03-26,9.454904556274414
2014-03-27,9.470741271972656
2014-03-28,9.486580848693848
2014-03-31,9.518255233764648
2014-04-01,9.597440719604492
2014-04-02,9.62911605834961
2014-04-03,9.60536003112793
2014-04-07,9.581604957580566
2014-04-08,9.62911605834961
2014-04-09,9.660791397094727
2014-04-10,9.692464828491211
2014-04-11,9.68454647064209
2014-04-14,9.668708801269531
2014-04-15,9.71622085571289
2014-04-16,9.708301544189453
2014-04-17,9.68454647064209
2014-04-18,9.747895240783691
2014-04-21,9.747895240783691
2014-04-22,9.779569625854492
2014-04-23,9.763731956481934
2014-04-24,9.779569625854492
2014-04-25,9.613277435302734
2014-04-28,9.700384140014648
2014-04-29,9.71622085571289
2014-04-30,9.660791397094727
2014-05-02,9.708301544189453
2014-05-05,9.692464828491211
2014-05-06,9.747895240783691
2014-05-07,9.724137306213379
2014-05-08,9.795408248901367
2014-05-09,9.7320556640625
2014-05-12,9.68454647064209
2014-05-13,9.7320556640625
2014-05-14,9.787489891052246
2014-05-15,9.779569625854492
2014-05-16,9.795408248901367
2014-05-19,9.795408248901367
2014-05-20,9.835000038146973
2014-05-21,9.787489891052246
2014-05-22,9.922106742858887
2014-05-23,9.937943458557129
2014-05-26,9.985455513000488
2014-05-27,9.993375778198242
2014-05-28,10.088399887084961
2014-05-29,10.040887832641602
2014-05-30,9.993375778198242
2014-06-03,10.001291275024414
2014-06-04,10.040887832641602
2014-06-05,10.040887832641602
2014-06-06,10.064642906188965
2014-06-09,10.104235649108887
2014-06-10,10.167584419250488
2014-06-11,10.159667015075684
2014-06-12,10.135910987854004
2014-06-13,10.112154960632324
2014-06-16,10.120072364807129
2014-06-17,10.191341400146484
2014-06-18,10.21509838104248
2014-06-19,10.286364555358887
2014-06-20,10.254693031311035
2014-06-23,10.246771812438965
2014-06-24,10.26261043548584
2014-06-25,10.238852500915527
2014-06-26,10.349712371826172
2014-06-27,10.349712371826172
2014-06-30,10.444740295410156
2014-07-01,10.539763450622559
2014-07-02,10.626867294311523
2014-07-03,10.721894264221191
2014-07-04,10.721894264221191
2014-07-07,10.706055641174316
2014-07-08,10.729813575744629
2014-07-09,10.745649337768555
2014-07-10,10.824834823608398
2014-07-11,10.816917419433594
2014-07-14,10.880266189575195
2014-07-15,10.919861793518066
2014-07-16,10.824834823608398
2014-07-17,10.690218925476074
2014-07-18,10.690218925476074
2014-07-21,10.690218925476074
2014-07-22,10.785240173339844
2014-07-23,10.785240173339844
2014-07-24,10.832756996154785
2014-07-25,10.713974952697754
2014-07-28,10.690218925476074
2014-07-29,10.68229866027832
2014-07-30,10.745649337768555
2014-07-31,10.571436882019043
2014-08-01,10.4922513961792
2014-08-04,10.54768180847168
2014-08-05,10.333877563476562
2014-08-06,10.405144691467285
2014-08-07,10.405144691467285
2014-08-08,10.405144691467285
2014-08-11,10.460575103759766
2014-08-12,10.46849536895752
2014-08-13,10.571436882019043
2014-08-14,10.626867294311523
2014-08-15,10.626867294311523
2014-08-18,10.595192909240723
2014-08-19,10.729813575744629
2014-08-20,10.769404411315918
2014-08-21,10.753568649291992
2014-08-22,10.888185501098633
2014-08-25,10.87234878540039
2014-08-26,10.864429473876953
2014-08-27,10.967371940612793
2014-08-28,10.983209609985352
2014-08-29,10.959453582763672
2014-09-01,11.054478645324707
2014-09-02,10.888185501098633
2014-09-03,10.967371940612793
2014-09-04,10.927778244018555
2014-09-05,10.927778244018555
2014-09-09,10.967371940612793
2014-09-10,10.87234878540039
2014-09-11,10.832756996154785
2014-09-12,10.729813575744629
2014-09-15,10.729813575744629
2014-09-16,10.642706871032715
2014-09-17,10.721894264221191
2014-09-18,10.745649337768555
2014-09-19,10.769404411315918
2014-09-22,10.603111267089844
2014-09-23,10.579357147216797
2014-09-24,10.539763450622559
2014-09-25,10.444740295410156
2014-09-26,10.389309883117676
2014-09-29,10.357635498046875
2014-09-30,10.341795921325684
2014-10-01,10.373470306396484
2014-10-02,10.373470306396484
2014-10-03,10.563516616821289
2014-10-06,10.555601119995117
2014-10-07,10.46849536895752
2014-10-08,10.405144691467285
2014-10-09,10.452656745910645
2014-10-13,10.135910987854004
2014-10-14,10.22301959991455
2014-10-15,10.151748657226562
2014-10-16,10.135910987854004
2014-10-17,10.032966613769531
2014-10-20,10.230934143066406
2014-10-21,10.18342399597168
2014-10-22,10.341795921325684
2014-10-23,10.302204132080078
2014-10-24,11.037447929382324
2014-10-27,11.07246208190918
2014-10-28,11.265024185180664
2014-10-29,11.378813743591309
2014-10-30,11.343802452087402
2014-10-31,11.431333541870117
2014-11-03,11.483848571777344
2014-11-04,11.49260425567627
2014-11-05,11.466344833374023
2014-11-06,11.396319389343262
2014-11-07,11.413827896118164
2014-11-10,11.580130577087402
2014-11-11,11.545119285583496
2014-11-12,11.378813743591309
2014-11-13,11.49260425567627
2014-11-14,11.501355171203613
2014-11-17,11.396319389343262
2014-11-18,11.361309051513672
2014-11-19,11.527615547180176
2014-11-20,11.65890884399414
2014-11-21,11.6676607131958
2014-11-24,11.693921089172363
2014-11-25,11.702672004699707
2014-11-26,11.702672004699707
2014-11-27,11.816460609436035
2014-11-28,11.816460609436035
2014-12-01,11.693921089172363
2014-12-02,11.518863677978516
2014-12-03,11.702672004699707
2014-12-04,11.746438026428223
2014-12-05,11.702672004699707
2014-12-08,11.615141868591309
2014-12-09,11.588886260986328
2014-12-10,11.431333541870117
2014-12-11,11.422578811645508
2014-12-12,11.431333541870117
2014-12-15,11.396319389343262
2014-12-16,11.300039291381836
2014-12-17,11.124978065490723
2014-12-18,11.151238441467285
2014-12-19,11.413827896118164
2014-12-22,11.553871154785156
2014-12-23,11.518863677978516
2014-12-24,11.606389045715332
2014-12-25,11.606389045715332
2014-12-26,11.632648468017578
2014-12-29,11.763943672180176
2014-12-30,11.702672004699707
2014-12-31,11.702672004699707
2015-01-05,11.650154113769531
2015-01-06,11.361309051513672
2015-01-07,11.378813743591309
2015-01-08,11.641403198242188
2015-01-09,11.580130577087402
2015-01-12,11.510108947753906
2015-01-13,11.545119285583496
2015-01-14,11.483848571777344
2015-01-15,11.518863677978516
2015-01-16,11.466344833374023
2015-01-19,11.597638130187988
2015-01-20,11.685166358947754
2015-01-21,11.772697448730469
2015-01-22,11.833967208862305
2015-01-23,12.026533126831055
2015-01-26,12.026533126831055
2015-01-27,12.10530948638916
2015-01-28,12.10530948638916
2015-01-29,11.956506729125977
2015-01-30,11.903992652893066
2015-02-02,11.930249214172363
2015-02-03,12.017776489257812
2015-02-04,12.14907455444336
2015-02-05,12.096553802490234
2015-02-06,12.035283088684082
2015-02-09,11.991519927978516
2015-02-10,11.947754859924316
2015-02-11,12.079050064086914
2015-02-12,12.079050064086914
2015-02-13,12.15782356262207
2015-02-24,12.297872543334961
2015-02-25,12.394155502319336
2015-02-26,12.306626319885254
2015-03-02,12.254109382629395
2015-03-03,12.236602783203125
2015-03-04,12.245353698730469
2015-03-05,12.201587677001953
2015-03-06,12.219096183776855
2015-03-09,12.096553802490234
2015-03-10,12.070296287536621
2015-03-11,12.08780288696289
2015-03-12,12.192837715148926
2015-03-13,12.15782356262207
2015-03-16,12.061542510986328
2015-03-17,12.10530948638916
2015-03-18,12.236602783203125
2015-03-19,12.367895126342773
2015-03-20,12.350387573242188
2015-03-23,12.385400772094727
2015-03-24,12.341635704040527
2015-03-25,12.297872543334961
2015-03-26,12.14907455444336
2015-03-27,12.035283088684082
2015-03-30,12.044038772583008
2015-03-31,12.08780288696289
2015-04-01,12.017776489257812
2015-04-02,12.166579246520996
2015-04-07,12.184083938598633
2015-04-08,12.079050064086914
2015-04-09,12.096553802490234
2015-04-10,12.192837715148926
2015-04-13,12.227848052978516
2015-04-14,12.166579246520996
2015-04-15,12.017776489257812
2015-04-16,12.201587677001953
2015-04-17,12.08780288696289
2015-04-20,12.070296287536621
2015-04-21,12.070296287536621
2015-04-22,12.192837715148926
2015-04-23,12.516695022583008
2015-04-24,12.639237403869629
2015-04-27,12.735520362854004
2015-04-28,12.709260940551758
2015-04-29,12.569212913513184
2015-04-30,12.507941246032715
2015-05-04,12.534199714660645
2015-05-05,12.464179039001465
2015-05-06,12.481684684753418
2015-05-07,12.332884788513184
2015-05-08,12.341635704040527
2015-05-11,12.402909278869629
2015-05-12,12.37664794921875
2015-05-13,12.446670532226562
2015-05-14,12.271613121032715
2015-05-15,12.254109382629395
2015-05-18,12.297872543334961
2015-05-19,12.481684684753418
2015-05-20,12.394155502319336
2015-05-21,12.280366897583008
2015-05-22,12.37664794921875
2015-05-25,12.37664794921875
2015-05-26,12.429166793823242
2015-05-27,12.455427169799805
2015-05-28,12.516695022583008
2015-05-29,12.446670532226562
2015-06-01,12.341635704040527
2015-06-02,12.324131965637207
2015-06-03,12.245353698730469
2015-06-04,12.009024620056152
2015-06-05,11.982766151428223
2015-06-08,12.061542510986328
2015-06-09,11.96526050567627
2015-06-10,12.017776489257812
2015-06-11,12.052790641784668
2015-06-12,12.044038772583008
2015-06-15,12.017776489257812
2015-06-16,11.939001083374023
2015-06-17,11.991519927978516
2015-06-18,11.974013328552246
2015-06-22,12.1403169631958
2015-06-23,12.175332069396973
2015-06-24,12.192837715148926
2015-06-25,12.332884788513184
2015-06-26,12.332884788513184
2015-06-29,12.044038772583008
2015-06-30,12.14907455444336
2015-07-01,12.262862205505371
2015-07-02,12.271613121032715
2015-07-03,12.271613121032715
2015-07-06,12.131566047668457
2015-07-07,12.184083938598633
2015-07-08,11.816460609436035
2015-07-09,11.746438026428223
2015-07-10,11.746438026428223
2015-07-13,11.921494483947754
2015-07-14,11.921494483947754
2015-07-15,11.947754859924316
2015-07-16,12.009024620056152
2015-07-17,11.991519927978516
2015-07-20,11.903992652893066
2015-07-21,12.017776489257812
2015-07-22,11.868980407714844
2015-07-23,11.7551908493042
2015-07-24,11.685166358947754
2015-07-27,11.518863677978516
2015-07-28,11.527615547180176
2015-07-29,11.44883918762207
2015-07-30,11.641403198242188
2015-07-31,11.580130577087402
2015-08-03,11.422578811645508
2015-08-04,11.431333541870117
2015-08-05,11.501355171203613
2015-08-06,11.378813743591309
2015-08-07,11.32629680633545
2015-08-10,11.300039291381836
2015-08-11,11.300039291381836
2015-08-12,11.107473373413086
2015-08-13,11.124978065490723
2015-08-14,11.08121395111084
2015-08-17,11.011191368103027
2015-08-18,10.949919700622559
2015-08-19,10.783613204956055
2015-08-20,10.748603820800781
2015-08-21,10.46850872039795
2015-08-24,10.065873146057129
2015-08-25,10.503519058227539
2015-08-26,10.564789772033691
2015-08-27,10.529779434204102
2015-08-28,10.818624496459961
2015-08-31,10.90615463256836
2015-09-01,10.8098726272583
2015-09-02,10.871142387390137
2015-09-03,10.879897117614746
2015-09-04,10.739850044250488
2015-09-07,10.722344398498535
2015-09-08,10.757355690002441
2015-09-09,11.23001480102539
2015-09-10,11.107473373413086
2015-09-11,11.116225242614746
2015-09-14,11.142486572265625
2015-09-15,11.054954528808594
2015-09-16,11.186249732971191
2015-09-17,11.378813743591309
2015-09-18,11.352556228637695
2015-09-21,11.107473373413086
2015-09-22,11.168743133544922
2015-09-23,10.914905548095703
2015-09-24,10.8536376953125
2015-09-25,10.897401809692383
2015-09-29,10.897401809692383
2015-09-30,10.923662185668945
2015-10-01,11.133729934692383
2015-10-02,11.07246208190918
2015-10-05,11.098722457885742
2015-10-06,11.186249732971191
2015-10-07,11.352556228637695
2015-10-08,11.32629680633545
2015-10-12,11.475095748901367
2015-10-13,11.431333541870117
2015-10-14,11.387567520141602
2015-10-15,11.553871154785156
2015-10-16,11.510108947753906
2015-10-19,11.545119285583496
2015-10-20,11.545119285583496
2015-10-21,11.466344833374023
2015-10-22,11.466344833374023
2015-10-23,11.536367416381836
2015-10-26,11.653717994689941
2015-10-27,11.590526580810547
2015-10-28,11.509284973144531
2015-10-29,11.428044319152832
2015-10-30,11.409990310668945
2015-11-02,11.428044319152832
2015-11-03,11.608582496643066
2015-11-04,11.834254264831543
2015-11-05,11.807174682617188
2015-11-06,11.572473526000977
2015-11-09,11.491233825683594
2015-11-10,11.355830192565918
2015-11-11,11.220426559448242
2015-11-12,11.238478660583496
2015-11-13,11.121129035949707
2015-11-16,11.039887428283691
2015-11-17,11.25653076171875
2015-11-18,11.085022926330566
2015-11-19,11.247506141662598
2015-11-20,11.247506141662598
2015-11-23,11.301668167114258
2015-11-24,11.184318542480469
2015-11-25,11.184318542480469
2015-11-26,11.337774276733398
2015-11-27,11.184318542480469
2015-11-30,11.048914909362793
2015-12-01,11.265560150146484
2015-12-02,11.247506141662598
2015-12-03,11.265560150146484
2015-12-04,11.148209571838379
2015-12-07,11.283613204956055
2015-12-08,11.10307502746582
2015-12-09,10.967673301696777
2015-12-10,10.93156623840332
2015-12-11,10.805188179016113
2015-12-14,10.723946571350098
2015-12-15,10.732972145080566
2015-12-16,10.895456314086914
2015-12-17,11.021835327148438
2015-12-18,10.967673301696777
2015-12-21,10.949620246887207
2015-12-22,10.976698875427246
2015-12-23,10.994754791259766
2015-12-24,11.048914909362793
2015-12-25,11.121129035949707
2015-12-28,11.094049453735352
2015-12-29,11.012808799743652
2015-12-30,10.93156623840332
2015-12-31,10.967673301696777
2016-01-04,10.751025199890137
2016-01-05,10.660758018493652
2016-01-06,10.552435874938965
2016-01-07,10.353843688964844
2016-01-08,10.371896743774414
2016-01-11,10.209413528442383
2016-01-12,10.200387001037598
2016-01-13,10.31773567199707
2016-01-14,10.236496925354004
2016-01-15,10.236496925354004
2016-01-18,10.308708190917969
2016-01-19,10.335790634155273
2016-01-20,10.09206485748291
2016-01-21,10.07400894165039
2016-01-22,10.209413528442383
2016-01-25,10.3899507522583
2016-01-26,10.290655136108398
2016-01-27,10.335790634155273
2016-01-28,10.3899507522583
2016-01-29,10.6517333984375
2016-02-01,10.751025199890137
2016-02-02,10.714919090270996
2016-02-03,10.642705917358398
2016-02-15,10.6517333984375
2016-02-16,10.877403259277344
2016-02-17,10.823241233825684
2016-02-18,10.994754791259766
2016-02-19,10.985724449157715
2016-02-22,10.976698875427246
2016-02-23,10.985724449157715
2016-02-24,10.886429786682129
2016-02-25,11.030860900878906
2016-02-26,11.057941436767578
2016-03-01,11.166264533996582
2016-03-02,11.25653076171875
2016-03-03,11.364855766296387
2016-03-04,11.391935348510742
2016-03-07,11.391935348510742
2016-03-08,11.38290786743164
2016-03-09,11.391935348510742
2016-03-10,11.419018745422363
2016-03-11,11.473177909851074
2016-03-14,11.554420471191406
2016-03-15,11.38290786743164
2016-03-16,11.482203483581543
2016-03-17,11.608582496643066
2016-03-18,11.68079662322998
2016-03-21,11.662744522094727
2016-03-22,11.626635551452637
2016-03-23,11.617607116699219
2016-03-24,11.617607116699219
2016-03-25,11.563447952270508
2016-03-28,11.572473526000977
2016-03-29,11.491233825683594
2016-03-30,11.68079662322998
2016-03-31,11.671770095825195
2016-04-01,11.536367416381836
2016-04-06,11.265560150146484
2016-04-07,11.220426559448242
2016-04-08,11.328746795654297
2016-04-11,11.373884201049805
2016-04-12,11.364855766296387
2016-04-13,11.563447952270508
2016-04-14,11.599555015563965
2016-04-15,11.599555015563965
2016-04-18,11.527338027954102
2016-04-19,11.482203483581543
2016-04-20,11.31069278717041
2016-04-21,11.364855766296387
2016-04-22,11.409990310668945
2016-04-25,11.419018745422363
2016-04-26,11.464150428771973
2016-04-27,11.446099281311035
2016-04-28,11.265560150146484
2016-04-29,11.121129035949707
2016-05-03,10.967673301696777
2016-05-04,10.850323677062988
2016-05-05,10.868377685546875
2016-05-06,10.778106689453125
2016-05-09,10.778106689453125
2016-05-10,10.832268714904785
2016-05-11,10.805188179016113
2016-05-12,10.796161651611328
2016-05-13,10.678812026977539
2016-05-16,10.760054588317871
2016-05-17,10.841296195983887
2016-05-18,10.823241233825684
2016-05-19,10.769082069396973
2016-05-20,10.832268714904785
2016-05-23,11.193345069885254
2016-05-24,11.075995445251465
2016-05-25,11.193345069885254
2016-05-26,11.220426559448242
2016-05-27,11.301668167114258
2016-05-30,11.400962829589844
2016-05-31,11.400962829589844
2016-06-01,11.500259399414062
2016-06-02,11.500259399414062
2016-06-03,11.527338027954102
2016-06-06,11.563447952270508
2016-06-07,11.71690559387207
2016-06-08,11.7800931930542
2016-06-13,11.509284973144531
2016-06-14,11.581501960754395
2016-06-15,11.599555015563965
2016-06-16,11.437071800231934
2016-06-17,11.563447952270508
2016-06-20,11.644688606262207
2016-06-21,11.689824104309082
2016-06-22,11.725931167602539
2016-06-23,11.698850631713867
2016-06-24,11.391935348510742
2016-06-27,11.509284973144531
2016-06-28,11.554420471191406
2016-06-29,11.68079662322998
2016-06-30,11.81619930267334
2016-07-01,11.960631370544434
2016-07-04,11.969656944274902
2016-07-05,11.933550834655762
2016-07-06,11.71690559387207
2016-07-07,11.861334800720215
2016-07-08,11.861334800720215
2016-07-11,12.096033096313477
2016-07-12,12.204358100891113
2016-07-13,12.213384628295898
2016-07-14,12.222410202026367
2016-07-15,12.366842269897461
2016-07-18,12.484192848205566
2016-07-19,12.502246856689453
2016-07-20,12.493216514587402
2016-07-21,12.55640697479248
2016-07-22,12.511270523071289
2016-07-25,12.457110404968262
2016-07-26,12.529326438903809
2016-07-27,12.583483695983887
2016-07-28,12.620040893554688
2016-07-29,12.528657913208008
2016-08-01,12.665730476379395
2016-08-02,12.665730476379395
2016-08-03,12.565208435058594
2016-08-04,12.592623710632324
2016-08-05,12.720561981201172
2016-08-08,12.802807807922363
2016-08-09,12.866774559020996
2016-08-10,12.903328895568848
2016-08-11,12.784529685974121
2016-08-12,12.830222129821777
2016-08-15,12.857637405395508
2016-08-16,12.784529685974121
2016-08-17,12.802807807922363
2016-08-18,12.775392532348633
2016-08-19,12.647453308105469
2016-08-22,12.556072235107422
2016-08-23,12.68401050567627
2016-08-24,12.647453308105469
2016-08-25,12.793668746948242
2016-08-26,12.811944961547852
2016-08-29,12.802807807922363
2016-08-30,12.793668746948242
2016-08-31,12.68401050567627
2016-09-01,12.620040893554688
2016-09-02,12.638318061828613
2016-09-05,12.84850025177002
2016-09-06,12.949021339416504
2016-09-07,13.131786346435547
2016-09-08,13.086092948913574
2016-09-09,12.866774559020996
2016-09-12,12.583487510681152
2016-09-13,12.583487510681152
2016-09-14,12.51037883758545
2016-09-19,12.976434707641602
2016-09-20,12.958157539367676
2016-09-21,13.022126197814941
2016-09-22,13.049541473388672
2016-09-23,13.140925407409668
2016-09-26,12.976434707641602
2016-09-27,12.976434707641602
2016-09-28,12.976434707641602
2016-09-29,13.140925407409668
2016-09-30,12.967294692993164
2016-10-03,13.05867862701416
2016-10-04,13.113509178161621
2016-10-05,13.067816734313965
2016-10-06,13.104372024536133
2016-10-07,13.095232009887695
2016-10-11,13.05867862701416
2016-10-12,13.204891204833984
2016-10-13,13.104372024536133
2016-10-14,13.05867862701416
2016-10-17,13.05867862701416
2016-10-18,13.15006160736084
2016-10-19,13.22316837310791
2016-10-20,13.277998924255371
2016-10-21,13.268861770629883
2016-10-24,13.287137985229492
2016-10-25,13.415077209472656
2016-10-26,13.341965675354004
2016-10-27,13.268861770629883
2016-10-28,13.268861770629883
2016-10-31,13.268861770629883
2016-11-01,13.268861770629883
2016-11-02,13.113509178161621
2016-11-03,13.012989044189453
2016-11-04,12.976434707641602
2016-11-07,13.159201622009277
2016-11-08,13.22316837310791
2016-11-09,12.793668746948242
2016-11-10,13.159201622009277
2016-11-11,12.802807807922363
2016-11-14,12.811944961547852
2016-11-15,12.775392532348633
2016-11-16,12.793668746948242
2016-11-17,12.830222129821777
2016-11-18,12.866774559020996
2016-11-21,12.885049819946289
2016-11-22,13.05867862701416
2016-11-23,13.122647285461426
2016-11-24,13.049541473388672
2016-11-25,13.040401458740234
2016-11-28,13.113509178161621
2016-11-29,13.095232009887695
2016-11-30,13.104372024536133
2016-12-01,13.159201622009277
2016-12-02,13.012989044189453
2016-12-05,12.994709014892578
2016-12-06,13.159201622009277
2016-12-07,13.159201622009277
2016-12-08,13.323691368103027
2016-12-09,13.369382858276367
2016-12-12,13.314552307128906
2016-12-13,13.332826614379883
2016-12-14,13.36024284362793
2016-12-15,13.341965675354004
2016-12-16,13.214033126831055
2016-12-19,13.131786346435547
2016-12-20,13.113509178161621
2016-12-21,13.104372024536133
2016-12-22,12.939882278442383
2016-12-23,12.894187927246094
2016-12-26,12.939882278442383
2016-12-27,12.930741310119629
2016-12-28,13.086092948913574
2016-12-29,13.022126197814941
2016-12-30,13.122647285461426
2017-01-03,13.140925407409668
2017-01-04,13.131786346435547
2017-01-05,13.250582695007324
2017-01-06,13.277998924255371
2017-01-09,13.241445541381836
2017-01-10,13.232309341430664
2017-01-11,13.232309341430664
2017-01-12,13.369382858276367
2017-01-13,13.268861770629883
2017-01-16,13.159201622009277
2017-01-17,13.214033126831055
2017-01-18,13.186614990234375
2017-01-19,13.15006160736084
2017-01-20,13.186614990234375
2017-01-23,13.29627799987793
2017-01-24,13.396795272827148
2017-02-02,13.323691368103027
2017-02-03,13.314552307128906
2017-02-06,13.38766098022461
2017-02-07,13.396795272827148
2017-02-08,13.424861907958984
2017-02-09,13.471641540527344
2017-02-10,13.621325492858887
2017-02-13,13.649389266967773
2017-02-14,13.696167945861816
2017-02-15,13.827141761779785
2017-02-16,13.74294376373291
2017-02-17,13.724231719970703
2017-02-20,13.677454948425293
2017-02-21,13.705522537231445
2017-02-22,13.714876174926758
2017-02-23,13.677454948425293
2017-02-24,13.686812400817871
2017-03-01,13.537126541137695
2017-03-02,13.57455062866211
2017-03-03,13.490346908569336
2017-03-06,13.49970531463623
2017-03-07,13.555835723876953
2017-03-08,13.6306791305542
2017-03-09,13.480998039245605
2017-03-10,13.471641540527344
2017-03-13,13.565190315246582
2017-03-14,13.658744812011719
2017-03-15,13.6306791305542
2017-03-16,13.808430671691895
2017-03-17,13.845849990844727
2017-03-20,13.836498260498047
2017-03-21,14.014248847961426
2017-03-22,13.88327407836914
2017-03-23,13.911338806152344
2017-03-24,13.892629623413086
2017-03-27,13.88327407836914
2017-03-28,13.892629623413086
2017-03-29,13.845849990844727
2017-03-30,13.827141761779785
2017-03-31,13.789722442626953
2017-04-05,13.967473983764648
2017-04-06,13.920694351196289
2017-04-07,13.8645601272583
2017-04-10,13.88327407836914
2017-04-11,13.827141761779785
2017-04-12,13.855207443237305
2017-04-13,13.920694351196289
2017-04-14,13.761655807495117
2017-04-17,13.771010398864746
2017-04-18,13.771010398864746
2017-04-19,13.621325492858887
2017-04-20,13.621325492858887
2017-04-21,13.752300262451172
2017-04-24,13.780366897583008
2017-04-25,13.911338806152344
2017-04-26,13.948761940002441
2017-04-27,13.939406394958496
2017-04-28,13.948761940002441
2017-05-02,14.070382118225098
2017-05-03,14.13586711883545
2017-05-04,14.154580116271973
2017-05-05,14.06102180480957
2017-05-08,14.163932800292969
2017-05-09,14.210708618164062
2017-05-10,14.266841888427734
2017-05-11,14.313618659973145
2017-05-12,14.276195526123047
2017-05-15,14.313618659973145
2017-05-16,14.313618659973145
2017-05-17,14.276195526123047
2017-05-18,14.201354026794434
2017-05-19,14.191994667053223
2017-05-22,14.229419708251953
2017-05-23,14.285551071166992
2017-05-24,14.276195526123047
2017-05-25,14.407167434692383
2017-05-26,14.39781379699707
2017-05-31,14.313618659973145
2017-06-01,14.388459205627441
2017-06-02,14.444588661193848
2017-06-05,14.594277381896973
2017-06-06,14.584919929504395
2017-06-07,14.584919929504395
2017-06-08,14.64105224609375
2017-06-09,14.594277381896973
2017-06-12,14.4352388381958
2017-06-13,14.453948020935059
2017-06-14,14.379103660583496
2017-06-15,14.388459205627441
2017-06-16,14.538145065307617
2017-06-19,14.697186470031738
2017-06-20,14.865580558776855
2017-06-21,14.884294509887695
2017-06-22,14.921710014343262
2017-06-23,14.91235637664795
2017-06-26,15.230439186096191
2017-06-27,15.211726188659668
2017-06-28,15.071394920349121
2017-06-29,15.090108871459961
2017-06-30,15.04333209991455
2017-07-03,15.05268669128418
2017-07-04,14.968488693237305
2017-07-05,15.10881519317627
2017-07-06,15.04333209991455
2017-07-07,14.95913314819336
2017-07-10,15.033974647521973
2017-07-11,15.258503913879395
2017-07-12,15.258503913879395
2017-07-13,15.380121231079102
2017-07-14,15.352058410644531
2017-07-17,15.380121231079102
2017-07-18,15.417546272277832
2017-07-19,15.473672866821289
2017-07-20,15.464319229125977
2017-07-21,15.361409187316895
2017-07-24,15.398835182189941
2017-07-25,15.426898956298828
2017-07-26,15.370766639709473
2017-07-27,15.529806137084961
2017-07-28,15.361409187316895
2017-07-31,15.351978302001953
2017-08-01,15.436893463134766
2017-08-02,15.568999290466309
2017-08-03,15.512383460998535
2017-08-04,15.540689468383789
2017-08-07,15.65391731262207
2017-08-08,15.644485473632812
2017-08-09,15.502949714660645
2017-08-10,15.39915943145752
2017-08-11,15.333105087280273
2017-08-14,15.238749504089355
2017-08-15,15.342540740966797
2017-08-16,15.285924911499023
2017-08-17,15.408592224121094
2017-08-18,15.31423282623291
2017-08-21,15.295365333557129
2017-08-22,15.446332931518555
2017-08-23,15.427465438842773
2017-08-24,15.578433990478516
2017-08-25,15.606741905212402
2017-08-28,15.578433990478516
2017-08-29,15.531257629394531
2017-08-30,15.606741905212402
2017-08-31,15.65391731262207
2017-09-01,15.66335678100586
2017-09-04,15.635046005249023
2017-09-05,15.65391731262207
2017-09-06,15.587872505187988
2017-09-07,15.521821022033691
2017-09-08,15.606741905212402
2017-09-11,15.578433990478516
2017-09-12,15.635046005249023
2017-09-13,15.531257629394531
2017-09-14,15.540689468383789
2017-09-15,15.540689468383789
2017-09-18,15.691662788391113
2017-09-19,15.616178512573242
2017-09-20,15.512383460998535
2017-09-21,15.606741905212402
2017-09-22,15.39915943145752
2017-09-25,15.276490211486816
2017-09-26,15.153822898864746
2017-09-27,15.229313850402832
2017-09-28,15.172696113586426
2017-09-29,15.219877243041992
2017-10-02,15.380284309387207
2017-10-03,15.380284309387207
2017-10-05,15.446332931518555
2017-10-06,15.493511199951172
2017-10-11,15.73884391784668
2017-10-12,15.889811515808105
2017-10-13,15.8615083694458
2017-10-16,15.946429252624512
2017-10-17,15.908687591552734
2017-10-18,15.965299606323242
2017-10-19,16.021915435791016
2017-10-20,15.955862045288086
2017-10-23,15.946429252624512
2017-10-24,15.927555084228516
2017-10-25,15.918120384216309
2017-10-26,15.899250030517578
2017-10-27,15.908687591552734
2017-10-30,16.031354904174805
2017-10-31,16.078529357910156
2017-11-01,16.05965805053711
2017-11-02,16.0030460357666
2017-11-03,15.984172821044922
2017-11-06,16.01247787475586
2017-11-07,16.09739875793457
2017-11-08,16.031354904174805
2017-11-09,15.927555084228516
2017-11-10,15.955862045288086
2017-11-13,15.908687591552734
2017-11-14,15.880377769470215
2017-11-15,15.719972610473633
2017-11-16,15.776586532592773
2017-11-17,15.918120384216309
2017-11-20,15.852070808410645
2017-11-21,15.993608474731445
2017-11-22,16.069093704223633
2017-11-23,16.078529357910156
2017-11-24,16.069093704223633
2017-11-27,15.880377769470215
2017-11-28,15.776586532592773
2017-11-29,15.795456886291504
2017-11-30,15.521821022033691
2017-12-01,15.587872505187988
2017-12-04,15.644485473632812
2017-12-05,15.521821022033691
2017-12-06,15.257620811462402
2017-12-07,15.267057418823242
2017-12-08,15.267057418823242
2017-12-11,15.380284309387207
2017-12-12,15.276490211486816
2017-12-13,15.285924911499023
2017-12-14,15.427465438842773
2017-12-15,15.304795265197754
2017-12-18,15.323664665222168
2017-12-19,15.248183250427246
2017-12-20,15.295365333557129
2017-12-21,15.285924911499023
2017-12-22,15.342540740966797
2017-12-25,15.370849609375
2017-12-26,15.219877243041992
2017-12-27,15.267057418823242
2017-12-28,15.418025016784668
2017-12-29,15.502949714660645
2018-01-02,15.587872505187988
2018-01-03,15.729405403137207
2018-01-04,15.757713317871094
2018-01-05,15.804890632629395
2018-01-08,15.870946884155273
2018-01-09,15.880377769470215
2018-01-10,15.804890632629395
2018-01-11,15.73884391784668
2018-01-12,15.870946884155273
2018-01-15,15.974738121032715
2018-01-16,16.04078483581543
2018-01-17,16.069093704223633
2018-01-18,16.286115646362305
2018-01-19,16.44652557373047
2018-01-22,16.597496032714844
2018-01-23,16.663549423217773
2018-01-24,16.455957412719727
2018-01-25,16.503137588500977
2018-01-26,16.512571334838867
2018-01-29,16.56096839904785
2018-01-30,16.36739158630371
2018-01-31,16.38674545288086
2018-02-01,16.50289535522461
2018-02-02,16.435142517089844
2018-02-05,16.183483123779297
2018-02-06,15.41883659362793
2018-02-07,15.612417221069336
2018-02-08,15.602734565734863
2018-02-09,15.302681922912598
2018-02-12,15.42851448059082
2018-02-21,15.776960372924805
2018-02-22,15.680168151855469
2018-02-23,15.873751640319824
2018-02-26,15.951190948486328
2018-02-27,15.941506385803223
2018-03-01,15.825358390808105
2018-03-02,15.709208488464355
2018-03-05,15.63177490234375
2018-03-06,15.902791023254395
2018-03-07,15.83503532409668
2018-03-08,16.01894187927246
2018-03-09,16.038297653198242
2018-03-12,16.289955139160156
2018-03-13,16.4448184967041
2018-03-14,16.318992614746094
2018-03-15,16.30931282043457
2018-03-16,16.241558074951172
2018-03-19,16.231876373291016
2018-03-20,16.222200393676758
2018-03-21,16.231876373291016
2018-03-22,16.173805236816406
2018-03-23,15.893110275268555
2018-03-26,15.912467002868652
2018-03-27,16.144760131835938
2018-03-28,15.922149658203125
2018-03-29,15.893110275268555
2018-03-30,16.038297653198242
2018-04-02,15.922149658203125
2018-04-03,15.776960372924805
2018-04-09,15.912467002868652
2018-04-10,15.970547676086426
2018-04-11,16.038297653198242
2018-04-12,15.970547676086426
2018-04-13,15.970547676086426
2018-04-16,15.931828498840332
2018-04-17,15.757604598999023
2018-04-18,15.796319007873535
2018-04-19,15.999581336975098
2018-04-20,15.63177490234375
2018-04-23,15.476908683776855
2018-04-24,15.399478912353516
2018-04-25,15.351081848144531
2018-04-26,15.302681922912598
2018-04-27,15.331719398498535
2018-04-30,15.486591339111328
2018-05-02,15.37043571472168
2018-05-03,15.205892562866211
2018-05-04,15.2833251953125
2018-05-07,15.38979434967041
2018-05-08,15.486591339111328
2018-05-09,15.573701858520508
2018-05-10,15.612417221069336
2018-05-11,15.796319007873535
2018-05-14,15.970547676086426
2018-05-15,15.805997848510742
2018-05-16,15.825358390808105
2018-05-17,15.718887329101562
2018-05-18,15.670488357543945
2018-05-21,15.883435249328613
2018-05-22,15.825358390808105
2018-05-23,15.7479248046875
2018-05-24,15.786643028259277
2018-05-25,15.844715118408203
2018-05-28,15.912467002868652
2018-05-29,15.844715118408203
2018-05-30,15.564021110534668
2018-05-31,15.63177490234375
2018-06-01,15.7479248046875
2018-06-04,15.989901542663574
2018-06-05,15.970547676086426
2018-06-06,16.125411987304688
2018-06-07,16.154449462890625
2018-06-08,15.980216979980469
2018-06-11,15.999581336975098
2018-06-12,15.970547676086426
2018-06-13,16.06733512878418
2018-06-14,15.825358390808105
2018-06-15,15.86407470703125
2018-06-19,15.602734565734863
2018-06-20,15.776960372924805
2018-06-21,15.728568077087402
2018-06-22,15.709208488464355
2018-06-25,15.66081428527832
2018-06-26,15.622097969055176
2018-06-27,15.564021110534668
2018-06-28,15.496264457702637
2018-06-29,15.767277717590332
2018-07-02,15.689850807189941
2018-07-03,15.709208488464355
2018-07-04,15.757604598999023
2018-07-05,15.63177490234375
2018-07-06,15.670488357543945
2018-07-09,15.922149658203125
2018-07-10,15.960860252380371
2018-07-11,15.815675735473633
2018-07-12,15.999581336975098
2018-07-13,16.135087966918945
2018-07-16,16.06733512878418
2018-07-17,15.980216979980469
2018-07-18,16.077016830444336
2018-07-19,16.125411987304688
2018-07-20,16.38674545288086
2018-07-23,16.503860473632812
2018-07-24,16.533143997192383
2018-07-25,16.542905807495117
2018-07-26,16.591705322265625
2018-07-27,16.72833824157715
2018-07-30,16.69906234741211
2018-07-31,16.69906234741211
2018-08-01,16.816177368164062
2018-08-02,16.562421798706055
2018-08-03,16.69906234741211
2018-08-06,16.72833824157715
2018-08-07,16.689302444458008
2018-08-08,16.816177368164062
2018-08-09,16.816177368164062
2018-08-10,16.72833824157715
2018-08-13,16.38674545288086
2018-08-14,16.503860473632812
2018-08-15,16.347707748413086
2018-08-16,16.357463836669922
2018-08-17,16.32819175720215
2018-08-20,16.38674545288086
2018-08-21,16.503860473632812
2018-08-22,16.52338409423828
2018-08-23,16.60146713256836
2018-08-24,16.552663803100586
2018-08-27,16.69906234741211
2018-08-28,16.83570098876953
2018-08-29,17.030893325805664
2018-08-30,17.089454650878906
2018-08-31,16.972335815429688
2018-09-03,16.874736785888672
2018-09-04,16.98209571838379
2018-09-05,16.98209571838379
2018-09-06,16.884496688842773
2018-09-07,16.864978790283203
2018-09-10,16.786897659301758
2018-09-11,16.71858024597168
2018-09-12,16.69906234741211
2018-09-13,16.58194351196289
2018-09-14,16.884496688842773
2018-09-17,16.757619857788086
2018-09-18,16.669784545898438
2018-09-19,16.816177368164062
2018-09-20,16.76738166809082
2018-09-21,16.952816009521484
2018-09-25,17.00161361694336
2018-09-26,16.962574005126953
2018-09-27,17.050411224365234
2018-09-28,16.962574005126953
2018-10-01,17.050411224365234
2018-10-02,16.796659469604492
2018-10-03,16.777141571044922
2018-10-04,16.57218360900879
2018-10-05,16.28915023803711
2018-10-08,16.20130729675293
2018-10-09,16.250110626220703
2018-10-11,15.1082124710083
2018-10-12,15.625479698181152
2018-10-15,15.45956039428711
2018-10-16,15.479083061218262
2018-10-17,15.498600959777832
2018-10-18,15.44980239868164
2018-10-19,15.479083061218262
2018-10-22,15.45956039428711
2018-10-23,15.17652702331543
2018-10-24,15.1082124710083
2018-10-25,14.737335205078125
2018-10-26,14.717815399169922
2018-10-29,14.786133766174316
2018-10-30,14.825174331665039
2018-10-31,15.13748836517334
2018-11-01,15.303406715393066
2018-11-02,15.352205276489258
2018-11-05,15.274125099182129
2018-11-06,15.225330352783203
2018-11-07,15.303406715393066
2018-11-08,15.391243934631348
2018-11-09,15.186285972595215
2018-11-12,15.225330352783203
2018-11-13,15.049651145935059
2018-11-14,15.098453521728516
2018-11-15,15.147249221801758
2018-11-16,15.020371437072754
2018-11-19,14.97157096862793
2018-11-20,14.834935188293457
2018-11-21,14.834935188293457
2018-11-22,14.756854057312012
2018-11-23,14.708054542541504
2018-11-26,14.864213943481445
2018-11-27,14.844696044921875
2018-11-28,15.010611534118652
2018-11-29,15.039889335632324
2018-11-30,14.981332778930664
2018-12-03,15.38148307800293
2018-12-04,15.274125099182129
2018-12-05,14.961811065673828
2018-12-06,14.659259796142578
2018-12-07,14.727575302124023
2018-12-10,14.532379150390625
2018-12-11,14.649497032165527
2018-12-12,14.873970031738281
2018-12-13,14.893491744995117
2018-12-14,14.708054542541504
2018-12-17,14.825174331665039
2018-12-18,14.698296546936035
2018-12-19,14.815415382385254
2018-12-20,14.649497032165527
2018-12-21,14.678778648376465
2018-12-24,14.581177711486816
2018-12-25,14.39574146270752
2018-12-26,14.35669994354248
2018-12-27,14.649497032165527
2018-12-28,14.737335205078125
2019-01-02,14.454300880432129
2019-01-03,14.317663192749023
2019-01-04,14.093186378479004
2019-01-07,14.43478012084961
2019-01-08,14.376224517822266
2019-01-09,14.639737129211426
2019-01-10,14.60069751739502
2019-01-11,14.737335205078125
2019-01-14,14.639737129211426
2019-01-15,14.766615867614746
2019-01-16,14.747095108032227
2019-01-17,14.747095108032227
2019-01-18,14.825174331665039
2019-01-21,14.932534217834473
2019-01-22,14.902344703674316
2019-01-23,14.8319091796875
2019-01-24,14.902344703674316
2019-01-25,15.09352970123291
2019-01-28,15.123717308044434
2019-01-29,14.992905616760254
2019-01-30,14.962719917297363
2019-02-11,15.123717308044434
2019-02-12,15.22434139251709
2019-02-13,15.19415283203125
2019-02-14,15.143838882446289
2019-02-15,15.103591918945312
2019-02-18,15.22434139251709
2019-02-19,15.19415283203125
2019-02-20,15.36521053314209
2019-02-21,15.516149520874023
2019-02-22,15.4859619140625
2019-02-25,15.596646308898926
2019-02-26,15.636897087097168
2019-02-27,15.626834869384766
2019-03-04,15.4859619140625
2019-03-05,15.44571304321289
2019-03-06,15.4859619140625
2019-03-07,15.425586700439453
2019-03-08,15.294778823852539
2019-03-11,15.324963569641113
2019-03-12,15.546338081359863
2019-03-13,15.516149520874023
2019-03-14,15.506085395812988
2019-03-15,15.616772651672363
2019-03-18,15.717395782470703
2019-03-19,15.777771949768066
2019-03-20,15.797892570495605
2019-03-21,15.928704261779785
2019-03-22,15.968953132629395
2019-03-25,15.727456092834473
2019-03-26,15.828083038330078
2019-03-27,15.797892570495605
2019-03-28,15.797892570495605
2019-03-29,15.928704261779785
2019-04-01,16.0695743560791
2019-04-02,16.12994956970215
2019-04-03,16.12994956970215
2019-04-08,16.280887603759766
2019-04-09,16.38150978088379
2019-04-10,16.401636123657227
2019-04-11,16.33120346069336
2019-04-12,16.321134567260742
2019-04-15,16.472074508666992
2019-04-16,16.522382736206055
2019-04-17,16.653196334838867
2019-04-18,16.643129348754883
2019-04-19,16.663259506225586
2019-04-22,16.643129348754883
2019-04-23,16.71356773376465
2019-04-24,16.743755340576172
2019-04-25,16.78400421142578
2019-04-26,16.592815399169922
2019-04-29,16.663259506225586
2019-04-30,16.663259506225586
2019-05-02,16.70350456237793
2019-05-03,16.854442596435547
2019-05-06,16.56263542175293
2019-05-07,16.733694076538086
2019-05-08,16.612943649291992
2019-05-09,16.411699295043945
2019-05-10,16.401636123657227
2019-05-13,16.12994956970215
2019-05-14,16.029327392578125
2019-05-15,16.049449920654297
2019-05-16,15.908581733703613
2019-05-17,15.74758243560791
2019-05-20,15.73752212524414
2019-05-21,15.777771949768066
2019-05-22,15.777771949768066
2019-05-23,15.4859619140625
2019-05-24,15.5664644241333
2019-05-27,15.526209831237793
2019-05-28,15.516149520874023
2019-05-29,15.44571304321289
2019-05-30,15.576525688171387
2019-05-31,15.787832260131836
2019-06-03,15.80795669555664
2019-06-04,15.707335472106934
2019-06-05,15.757645606994629
2019-06-06,15.636897087097168
2019-06-10,15.908581733703613
2019-06-11,15.979015350341797
2019-06-12,16.039392471313477
2019-06-13,15.908581733703613
2019-06-14,15.87839126586914
2019-06-17,15.838147163391113
2019-06-18,15.87839126586914
2019-06-19,16.250699996948242
2019-06-20,16.27082633972168
2019-06-21,16.27082633972168
2019-06-24,16.341259002685547
2019-06-25,16.250699996948242
2019-06-26,16.17020034790039
2019-06-27,16.401636123657227
2019-06-28,16.280887603759766
2019-07-01,16.633068084716797
2019-07-02,16.592815399169922
2019-07-03,16.401636123657227
2019-07-04,16.50225830078125
2019-07-05,16.482139587402344
2019-07-08,16.4217586517334
2019-07-09,16.401636123657227
2019-07-10,16.54250717163086
2019-07-11,16.673316955566406
2019-07-12,16.653196334838867
2019-07-15,16.743755340576172
2019-07-16,16.773942947387695
2019-07-17,16.663259506225586
2019-07-18,16.643129348754883
2019-07-19,16.846097946166992
2019-07-22,16.927284240722656
2019-07-23,16.96787452697754
2019-07-24,16.957727432250977
2019-07-25,17.008472442626953
2019-07-26,16.896839141845703
2019-07-29,16.937429428100586
2019-07-30,16.886688232421875
2019-07-31,16.805505752563477
2019-08-01,16.704021453857422
2019-08-02,16.430017471313477
2019-08-05,16.26764678955078
2019-08-06,16.25749969482422
2019-08-07,16.17630958557129
2019-08-08,16.369131088256836
2019-08-12,16.358983993530273
2019-08-13,16.17630958557129
2019-08-14,16.298093795776367
2019-08-15,16.115427017211914
2019-08-16,16.308238983154297
2019-08-19,16.399572372436523
2019-08-20,16.440168380737305
2019-08-21,16.46046257019043
2019-08-22,16.419876098632812
2019-08-23,16.440168380737305
2019-08-26,16.166170120239258
2019-08-27,16.206758499145508
2019-08-28,16.31838607788086
2019-08-29,16.348833084106445
2019-08-30,16.612689971923828
2019-09-02,16.622835159301758
2019-09-03,16.480758666992188
2019-09-04,16.67357635498047
2019-09-05,16.846097946166992
2019-09-06,16.947580337524414
2019-09-10,16.927284240722656
2019-09-11,16.937429428100586
2019-09-12,17.028766632080078
2019-09-16,17.130247116088867
2019-09-17,17.099803924560547
2019-09-18,17.241878509521484
2019-09-19,17.140396118164062
2019-09-20,17.191137313842773
2019-09-23,17.150545120239258
2019-09-24,17.180988311767578
2019-09-25,17.06935691833496
2019-09-26,17.109952926635742
2019-09-27,17.170841217041016
2019-10-01,17.44484519958496
2019-10-02,17.383956909179688
2019-10-03,17.21143341064453
2019-10-04,17.282472610473633
2019-10-07,17.34336280822754
2019-10-08,17.556476593017578
2019-10-09,17.414400100708008
2019-10-14,17.769590377807617
2019-10-15,17.800029754638672
2019-10-16,17.881216049194336
2019-10-17,17.891368865966797
2019-10-18,17.85077476501465
2019-10-21,17.830480575561523
2019-10-22,18.00299835205078
2019-10-23,17.952255249023438
2019-10-24,18.023296356201172
2019-10-25,18.023296356201172
2019-10-28,18.10447883605957
2019-10-29,18.155221939086914
2019-10-30,18.23641014099121
2019-10-31,18.287147521972656
2019-11-01,18.287147521972656
2019-11-04,18.713376998901367
2019-11-05,18.85544776916504
2019-11-06,18.946786880493164
2019-11-07,18.84530258178711
2019-11-08,18.78441619873047
2019-11-11,18.50026512145996
2019-11-12,18.67278480529785
2019-11-13,18.5611515045166
2019-11-14,18.551000595092773
2019-11-15,18.733671188354492
2019-11-18,18.85544776916504
2019-11-19,18.99752426147461
2019-11-20,18.926488876342773
2019-11-21,18.77426528930664
2019-11-22,18.78441619873047
2019-11-25,18.7945613861084
2019-11-26,18.84530258178711
2019-11-27,18.916339874267578
2019-11-28,18.8656005859375
2019-11-29,18.571298599243164
2019-12-02,18.68292808532715
2019-12-03,18.68292808532715
2019-12-04,18.61189079284668
2019-12-05,18.85544776916504
2019-12-06,18.885894775390625
2019-12-09,19.007678985595703
2019-12-10,18.875747680664062
2019-12-11,19.027969360351562
2019-12-12,19.45419692993164
2019-12-13,19.667306900024414
2019-12-16,19.657163619995117
2019-12-17,19.9210205078125
2019-12-18,19.931167602539062
2019-12-19,19.81953239440918
2019-12-20,19.677461624145508
2019-12-23,19.718053817749023
2019-12-24,19.728199005126953
2019-12-25,19.758644104003906
2019-12-26,19.758644104003906
2019-12-27,19.890573501586914
2019-12-30,19.8499813079834
2019-12-31,19.677461624145508
2020-01-02,19.81953239440918
2020-01-03,19.81953239440918
2020-01-06,19.565832138061523
2020-01-07,19.504940032958984
2020-01-08,19.413602828979492
2020-01-09,19.677461624145508
2020-01-10,19.748498916625977
2020-01-13,19.890573501586914
2020-01-14,20.012351989746094
2020-01-15,19.80938720703125
2020-01-16,19.748498916625977
2020-01-17,19.748498916625977
2020-01-20,19.829681396484375
2020-01-30,18.703227996826172
2020-01-31,18.849916458129883
2020-02-03,18.66131591796875
2020-02-04,18.986135482788086
2020-02-05,19.038522720336914
2020-02-06,19.342388153076172
2020-02-07,19.11187171936035
2020-02-10,19.06995964050293
2020-02-11,19.227127075195312
2020-02-12,19.415729522705078
2020-02-13,19.44717025756836
2020-02-14,19.478601455688477
2020-02-17,19.342388153076172
2020-02-18,19.08043670654297
2020-02-19,19.300477981567383
2020-02-20,19.21664810180664
2020-02-21,19.122344970703125
2020-02-24,18.88135528564453
2020-02-25,18.933740615844727
2020-02-26,18.745140075683594
2020-02-27,18.57749366760254
2020-03-02,18.30506134033203
2020-03-03,18.567012786865234
2020-03-04,18.6927490234375
2020-03-05,18.90230941772461
2020-03-06,18.51462173461914
2020-03-09,17.99072265625
2020-03-10,18.085023880004883
2020-03-11,17.875465393066406
2020-03-12,17.21535301208496
2020-03-13,16.97435760498047
2020-03-16,16.198986053466797
2020-03-17,15.685562133789062
2020-03-18,15.255967140197754
2020-03-19,14.365337371826172
2020-03-20,15.507438659667969
2020-03-23,14.836845397949219
2020-03-24,15.55982780456543
2020-03-25,16.104679107666016
2020-03-26,16.178030014038086
2020-03-27,16.052295684814453
2020-03-30,15.895121574401855
2020-03-31,15.957989692687988
2020-04-01,15.90560245513916
2020-04-06,16.146595001220703
2020-04-07,16.450456619262695
2020-04-08,16.680971145629883
2020-04-09,16.607629776000977
2020-04-10,16.618106842041016
2020-04-13,16.51332664489746
2020-04-14,16.96388053894043
2020-04-15,17.016265869140625
2020-04-16,16.932443618774414
2020-04-17,17.44586944580078
2020-04-20,17.393474578857422
2020-04-21,16.890533447265625
2020-04-22,16.890533447265625
2020-04-23,16.953407287597656
2020-04-24,16.953407287597656
2020-04-27,17.299179077148438
2020-04-28,17.299179077148438
2020-04-29,17.54016876220703
2020-04-30,17.91737937927246
2020-05-04,17.393474578857422
2020-05-05,17.47730255126953
2020-05-06,17.49825668334961
2020-05-07,17.57159996032715
2020-05-08,17.67638397216797
2020-05-11,17.823078155517578
2020-05-12,17.61351776123047
2020-05-13,17.66590690612793
2020-05-14,17.45634651184082
2020-05-15,17.57159996032715
2020-05-18,17.424911499023438
2020-05-19,17.58207893371582
2020-05-20,17.561126708984375
2020-05-21,17.70781707763672
2020-05-22,17.382999420166016
2020-05-25,17.49825668334961
2020-05-26,17.69734001159668
2020-05-27,17.67638397216797
2020-05-28,17.57159996032715
2020-05-29,17.69734001159668
2020-06-01,17.791643142700195
2020-06-02,17.875465393066406
2020-06-03,18.189807891845703
2020-06-04,18.357454299926758
2020-06-05,18.51462173461914
2020-06-08,18.755619049072266
2020-06-09,18.776567459106445
2020-06-10,18.954702377319336
2020-06-11,18.66131591796875
2020-06-12,18.49366569519043
2020-06-15,18.231719970703125
2020-06-16,18.629878997802734
2020-06-17,18.65083885192871
2020-06-18,18.629878997802734
2020-06-19,18.619401931762695
2020-06-22,18.66131591796875
2020-06-23,18.745140075683594
2020-06-24,18.860395431518555
2020-06-29,18.671794891357422
2020-06-30,18.839441299438477
2020-07-01,18.96517562866211
2020-07-02,19.174734115600586
2020-07-03,19.394777297973633
2020-07-06,19.73006820678711
2020-07-07,19.803417205810547
2020-07-08,19.93963050842285
2020-07-09,20.002498626708984
2020-07-10,19.834850311279297
2020-07-13,20.12823486328125
2020-07-14,20.25397300720215
2020-07-15,20.33779525756836
2020-07-16,20.138713836669922
2020-07-17,20.36922836303711
2020-07-20,20.33779525756836
2020-07-21,20.83384132385254
2020-07-22,20.886611938476562
2020-07-23,20.86549949645996
2020-07-24,20.7916202545166
2020-07-27,21.804819107055664
2020-07-28,21.86813735961914
2020-07-29,21.646507263183594
2020-07-30,21.963132858276367
2020-07-31,21.910358428955078
2020-08-03,21.53040885925293
2020-08-04,21.804819107055664
2020-08-05,22.015899658203125
2020-08-06,22.248090744018555
2020-08-07,22.089780807495117
2020-08-10,22.290306091308594
2020-08-11,22.121442794799805
2020-08-12,21.794265747070312
2020-08-13,22.00534439086914
2020-08-14,22.058116912841797
2020-08-17,22.290306091308594
2020-08-18,22.16365623474121
2020-08-19,22.00534439086914
2020-08-20,21.234895706176758
2020-08-21,21.699277877807617
2020-08-24,21.762601852416992
2020-08-25,21.931468963623047
2020-08-26,22.015899658203125
2020-08-27,22.06867027282715
2020-08-28,21.847034454345703
2020-08-31,21.48819351196289
2020-09-01,21.81537437438965
2020-09-02,21.741493225097656
2020-09-03,21.804819107055664
2020-09-04,21.646507263183594
2020-09-07,21.614843368530273
2020-09-08,21.741493225097656
2020-09-09,21.593734741210938
2020-09-10,21.783710479736328
2020-09-11,21.794265747070312
2020-09-14,22.06867027282715
2020-09-15,22.153100967407227
2020-09-16,22.49083709716797
2020-09-17,22.248090744018555
2020-09-18,22.226980209350586
2020-09-21,22.047563552856445
2020-09-22,21.762601852416992
2020-09-23,21.730939865112305
2020-09-24,21.20323371887207
2020-09-25,21.245447158813477
2020-09-28,21.593734741210938
2020-09-29,21.646507263183594
2020-09-30,21.741493225097656
2020-10-05,21.752046585083008
2020-10-06,22.00534439086914
2020-10-07,22.121442794799805
2020-10-08,22.416954040527344
2020-10-12,22.596376419067383
2020-10-13,22.606931686401367
2020-10-14,22.52250099182129
2020-10-15,22.311418533325195
2020-10-16,22.216428756713867
2020-10-19,22.501386642456055
2020-10-20,22.37474250793457
2020-10-21,22.36418914794922
2020-10-22,22.395849227905273
2020-10-23,22.395849227905273
2020-10-26,22.395849227905273
2020-10-27,22.269195556640625
2020-10-28,22.16365623474121
2020-10-29,21.92091178894043
2020-10-30,21.741493225097656
2020-11-02,21.825925827026367
2020-11-03,22.0792236328125
2020-11-04,22.406402587890625
2020-11-05,22.385292053222656
2020-11-06,22.52250099182129
2020-11-09,22.81801414489746
2020-11-10,22.606931686401367
2020-11-11,22.955217361450195
2020-11-12,22.965770721435547
2020-11-13,23.060758590698242
2020-11-16,23.810100555419922
2020-11-17,23.978965759277344
2020-11-18,24.13728141784668
2020-11-19,24.095060348510742
2020-11-20,24.063400268554688
2020-11-23,24.369470596313477
2020-11-24,24.253374099731445
2020-11-25,24.052845001220703
2020-11-26,24.24281883239746
2020-11-27,24.200603485107422
2020-11-30,23.91564178466797
2020-12-01,24.126728057861328
2020-12-02,24.35891342163086
2020-12-03,24.35891342163086
2020-12-04,24.75996971130371
2020-12-07,24.992158889770508
2020-12-08,25.3404483795166
2020-12-09,25.3404483795166
2020-12-10,25.034378051757812
2020-12-11,25.066043853759766
2020-12-14,24.960498809814453
2020-12-15,24.70720100402832
2020-12-16,25.17158317565918
2020-12-17,25.034378051757812
2020-12-18,24.9499454498291
2020-12-21,25.192691802978516
2020-12-22,24.90772819519043
2020-12-23,24.939390182495117
2020-12-24,25.076595306396484
2020-12-25,25.108257293701172
2020-12-28,25.329893112182617
2020-12-29,25.30878448486328
2020-12-30,25.667627334594727
2020-12-31,25.80483055114746
2021-01-04,26.248104095458984
2021-01-05,26.300874710083008
2021-01-06,26.585832595825195
2021-01-07,27.208528518676758
2021-01-08,27.69401741027832
2021-01-11,27.92620849609375
2021-01-12,27.88399314880371
2021-01-13,28.55945587158203
2021-01-14,28.295604705810547
2021-01-15,28.39059066772461
2021-01-18,28.36948013305664
2021-01-19,29.11882209777832
2021-01-20,29.171594619750977
2021-01-21,30.184789657592773
2021-01-22,29.645584106445312
2021-01-25,29.246572494506836
2021-01-26,28.6534481048584
2021-01-27,28.696577072143555
2021-01-28,28.11423683166504
2021-01-29,27.65052032470703
2021-02-01,28.200510025024414
2021-02-02,28.99853515625
2021-02-03,28.976972579956055
2021-02-04,28.804426193237305
2021-02-05,29.07402992248535
2021-02-17,30.314205169677734
2021-02-18,30.27106285095215
2021-02-19,29.947538375854492
2021-02-22,29.93675994873047
2021-02-23,29.872053146362305
2021-02-24,29.429899215698242
2021-02-25,29.667158126831055
2021-02-26,28.772071838378906
2021-03-02,28.782852172851562
2021-03-03,29.203433990478516
2021-03-04,28.631874084472656
2021-03-05,28.45932960510254
2021-03-08,28.437759399414062
2021-03-09,28.329923629760742
2021-03-10,28.44854736328125
2021-03-11,29.052457809448242
2021-03-12,29.171079635620117
2021-03-15,29.095596313476562
2021-03-16,29.192649841308594
2021-03-17,28.944618225097656
2021-03-18,29.095596313476562
2021-03-19,28.642658233642578
2021-03-22,28.772071838378906
2021-03-23,28.81521224975586
2021-03-24,28.362276077270508
2021-03-25,28.45932960510254
2021-03-26,28.976972579956055
2021-03-29,29.21422004699707
2021-03-30,29.31127166748047
2021-03-31,29.063241958618164
2021-04-01,29.278926849365234
2021-04-07,29.7210750579834
2021-04-08,29.81812858581543
2021-04-09,29.7534236907959
2021-04-12,29.58087730407715
2021-04-13,29.58087730407715
2021-04-14,29.742639541625977
2021-04-15,29.990676879882812
2021-04-16,30.033815383911133
2021-04-19,30.08773422241211
2021-04-20,30.033815383911133
2021-04-21,29.76421356201172
2021-04-22,29.742639541625977
2021-04-23,30.012243270874023
2021-04-26,30.454395294189453
2021-04-27,30.465179443359375
2021-04-28,30.281850814819336
2021-04-29,30.324987411499023
2021-05-03,29.81812858581543
2021-05-04,29.559310913085938
2021-05-05,29.278926849365234
2021-05-06,29.537750244140625
2021-05-07,30.066164016723633
2021-05-10,29.86126136779785
2021-05-11,28.739715576171875
2021-05-12,27.909339904785156
2021-05-13,27.499540328979492
2021-05-14,27.812278747558594
2021-05-17,27.28386116027832
2021-05-18,28.534820556640625
2021-05-19,28.340702056884766
2021-05-20,28.146589279174805
2021-05-21,28.545608520507812
2021-05-24,28.50246810913086
2021-05-25,28.98775291442871
2021-05-26,29.009323120117188
2021-05-27,28.804426193237305
2021-05-28,29.289710998535156
2021-05-31,29.570098876953125
2021-06-01,29.699504852294922
2021-06-02,29.699504852294922
2021-06-03,29.677934646606445
2021-06-04,29.537750244140625
2021-06-07,29.613231658935547
2021-06-08,29.440685272216797
2021-06-09,29.225004196166992
2021-06-10,29.677934646606445
2021-06-11,29.785778045654297
2021-06-15,29.947538375854492
2021-06-16,29.915189743041992
2021-06-17,29.82891845703125
2021-06-18,29.76421356201172
2021-06-21,29.052457809448242
2021-06-22,29.084814071655273
2021-06-23,29.559310913085938
2021-06-24,29.483823776245117
2021-06-25,29.537750244140625
2021-06-28,29.591663360595703
2021-06-29,29.677934646606445
2021-06-30,29.96910858154297
2021-07-01,29.82891845703125
2021-07-02,29.82891845703125
2021-07-05,30.10930824279785
2021-07-06,30.14165496826172
2021-07-07,29.979890823364258
2021-07-08,29.947538375854492
2021-07-09,29.710290908813477
2021-07-12,29.979890823364258
2021-07-13,30.22792625427246
2021-07-14,30.303415298461914
2021-07-15,30.583803176879883
2021-07-16,30.174007415771484
2021-07-19,29.82891845703125
2021-07-20,29.591663360595703
2021-07-21,29.55922508239746
2021-07-22,29.7646484375
2021-07-23,29.7646484375
2021-07-26,29.505165100097656
2021-07-27,29.49435806274414
2021-07-28,29.02945327758789
2021-07-29,29.515981674194336
2021-07-30,29.41868019104004
2021-08-02,29.81871223449707
2021-08-03,29.937633514404297
2021-08-04,30.11063003540039
2021-08-05,30.056568145751953
2021-08-06,30.013322830200195
2021-08-09,29.92682456970215
2021-08-10,29.7646484375
2021-08-11,29.667346954345703
2021-08-12,29.61328887939453
2021-08-13,29.33218002319336
2021-08-16,29.267311096191406
2021-08-17,29.05108070373535
2021-08-18,29.17000961303711
2021-08-19,28.499683380126953
2021-08-20,28.272634506225586
2021-08-23,29.05108070373535
2021-08-24,29.1375732421875
2021-08-25,29.41868019104004
2021-08-26,29.624099731445312
2021-08-27,29.872770309448242
2021-08-30,30.16468620300293
2021-08-31,30.348482131958008
2021-09-01,30.489036560058594
2021-09-02,30.251176834106445
2021-09-03,30.683645248413086
2021-09-06,30.82419776916504
2021-09-07,30.683645248413086
2021-09-08,30.413354873657227
2021-09-09,30.337671279907227
2021-09-10,30.694459915161133
2021-09-13,30.586339950561523
2021-09-14,30.618772506713867
2021-09-15,30.434982299804688
2021-09-16,30.29442596435547
2021-09-17,30.38091468811035
2021-09-22,29.667346954345703
2021-09-23,29.84033966064453
2021-09-24,30.197126388549805
2021-09-27,30.27280616760254
2021-09-28,30.056568145751953
2021-09-29,29.407865524291992
2021-09-30,29.63490867614746
2021-10-01,28.964584350585938
2021-10-04,28.791597366333008
2021-10-05,28.748348236083984
2021-10-06,28.759166717529297
2021-10-07,29.267311096191406
2021-10-08,29.018648147583008
2021-10-12,28.726728439331055
2021-10-13,28.62942123413086
2021-10-14,28.705102920532227
2021-10-15,29.461923599243164
2021-10-18,29.375431060791016
2021-10-19,29.61328887939453
2021-10-20,29.537607192993164
2021-10-21,29.42949104309082
2021-10-22,29.515981674194336
2021-10-25,29.49435806274414
2021-10-26,29.743032455444336
2021-10-27,29.743032455444336
2021-10-28,29.65653419494629
2021-10-29,29.364620208740234
2021-11-01,29.515981674194336
2021-11-02,29.461923599243164
2021-11-03,29.537607192993164
2021-11-04,29.440292358398438
2021-11-05,29.861957550048828
2021-11-08,30.099811553955078
2021-11-09,30.424163818359375
2021-11-10,30.38091468811035
2021-11-11,30.11063003540039
2021-11-12,30.207927703857422
2021-11-15,30.478227615356445
2021-11-16,30.532283782958984
2021-11-17,30.62958526611328
2021-11-18,30.802576065063477
2021-11-19,30.87825584411621
2021-11-22,30.802576065063477
2021-11-23,30.51066017150879
2021-11-24,30.38091468811035
2021-11-25,30.3701114654541
2021-11-26,29.872770309448242
2021-11-29,29.872770309448242
2021-11-30,29.84033966064453
2021-12-01,30.337671279907227
2021-12-02,30.66202163696289
2021-12-03,30.651214599609375
2021-12-06,30.564720153808594
2021-12-07,30.66202163696289
2021-12-08,30.780956268310547
2021-12-09,30.70526885986328
2021-12-10,30.694459915161133
2021-12-13,30.597150802612305
2021-12-14,30.29442596435547
2021-12-15,30.337671279907227
2021-12-16,30.716087341308594
2021-12-17,30.683645248413086
2021-12-20,30.413354873657227
2021-12-21,30.672834396362305
2021-12-22,30.672834396362305
2021-12-23,30.8458194732666
2021-12-24,30.932321548461914
2021-12-27,31.17017364501953
2021-12-28,31.418842315673828
2021-12-29,31.55940055847168
2021-12-30,31.462093353271484
2022-01-03,31.656702041625977
2022-01-04,32.348655700683594
2022-01-05,32.28378677368164
2022-01-06,31.981046676635742
2022-01-07,31.699947357177734
2022-01-10,31.90537452697754
2022-01-11,32.06755065917969
2022-01-12,32.33783721923828
2022-01-13,32.50001907348633
2022-01-14,32.50001907348633
2022-01-17,32.867610931396484
2022-01-18,32.50001907348633
2022-01-19,32.11078643798828
2022-01-20,32.240535736083984
2022-01-21,31.522357940673828
2022-01-24,31.820674896240234
2022-01-25,31.301376342773438
2022-01-26,31.27928924560547
2022-02-07,31.44501495361328
2022-02-08,31.57760238647461
2022-02-09,31.68808937072754
2022-02-10,32.052703857421875
2022-02-11,32.030601501464844
2022-02-14,31.533403396606445
2022-02-15,31.389780044555664
2022-02-16,31.909067153930664
2022-02-17,31.931161880493164
2022-02-18,31.842775344848633
2022-02-21,31.776479721069336
2022-02-22,31.345577239990234
2022-02-23,31.4339656829834
2022-02-24,30.671598434448242
2022-02-25,30.60530662536621
2022-03-01,31.036209106445312
2022-03-02,30.859426498413086
2022-03-03,30.925718307495117
2022-03-04,30.594255447387695
2022-03-07,29.61090660095215
2022-03-08,28.981122970581055
2022-03-09,29.279441833496094
2022-03-10,30.130210876464844
2022-03-11,29.69930076599121
2022-03-14,29.69930076599121
2022-03-15,29.09161376953125
2022-03-16,29.213151931762695
2022-03-17,30.141252517700195
2022-03-18,30.07495880126953
2022-03-21,30.273841857910156
2022-03-22,30.22964859008789
2022-03-23,30.516916275024414
2022-03-24,30.494823455810547
2022-03-25,30.539012908935547
2022-03-28,30.20754623413086
2022-03-29,30.240694046020508
2022-03-30,30.616352081298828
2022-03-31,30.516916275024414
2022-04-01,30.262792587280273
2022-04-06,30.10810661315918
2022-04-07,29.566713333129883
2022-04-08,29.732444763183594
2022-04-11,29.268390655517578
2022-04-12,29.290494918823242
2022-04-13,29.842933654785156
2022-04-14,29.732444763183594
2022-04-15,29.224199295043945
2022-04-18,29.06951332092285
2022-04-19,29.168956756591797
2022-04-20,29.312583923339844
2022-04-21,29.334688186645508
2022-04-22,29.080568313598633
2022-04-25,28.561264038085938
2022-04-26,28.561264038085938
2022-04-27,27.96463394165039
2022-04-28,28.086166381835938
2022-04-29,28.450780868530273
2022-05-03,28.24085235595703
2022-05-04,28.24085235595703
2022-05-05,28.561264038085938
2022-05-06,27.98672866821289
2022-05-09,27.522676467895508
2022-05-10,27.401140213012695
2022-05-11,27.445337295532227
2022-05-12,26.793453216552734
2022-05-13,27.036529541015625
2022-05-16,27.180160522460938
2022-05-17,27.47848129272461
2022-05-18,27.77680015563965
2022-05-19,27.2464542388916
2022-05-20,27.544775009155273
2022-05-23,27.600021362304688
2022-05-24,27.290653228759766
2022-05-25,27.500577926635742
2022-05-26,27.158061981201172
2022-05-27,27.732603073120117
2022-05-30,28.40658187866211
2022-05-31,28.68280792236328
2022-06-01,28.539169311523438
2022-06-02,28.24085235595703
2022-06-06,28.439729690551758
2022-06-07,28.152462005615234
2022-06-08,28.461828231811523
2022-06-09,28.37343406677246
2022-06-10,28.086166381835938
2022-06-13,27.301700592041016
2022-06-14,27.25750160217285
2022-06-15,27.124916076660156
2022-06-16,27.069671630859375
2022-06-17,26.705059051513672
2022-06-20,26.461986541748047
2022-06-21,27.003379821777344
2022-06-22,26.4067440032959
2022-06-23,26.053180694580078
2022-06-24,26.108423233032227
2022-06-27,26.727161407470703
2022-06-28,26.473039627075195
2022-06-29,26.252059936523438
2022-06-30,25.589130401611328
2022-07-01,24.64997673034668
2022-07-04,24.40690040588379
2022-07-05,24.528438568115234
2022-07-06,24.05333709716797
2022-07-07,24.771514892578125
2022-07-08,25.025636672973633
2022-07-11,24.80466079711914
2022-07-12,24.208023071289062
2022-07-13,25.06983184814453
2022-07-14,25.191370010375977
2022-07-15,25.522836685180664
2022-07-18,25.63507080078125
2022-07-19,25.65751838684082
2022-07-20,25.825878143310547
2022-07-21,26.117692947387695
2022-07-22,26.218706130981445
2022-07-25,26.196260452270508
2022-07-26,25.960561752319336
2022-07-27,26.196260452270508
2022-07-28,26.24115753173828
2022-07-29,26.48807716369629
2022-08-01,26.409513473510742
2022-08-02,25.988924026489258
2022-08-03,26.1463623046875
2022-08-04,26.213838577270508
2022-08-05,26.877336502075195
2022-08-08,26.82110595703125
2022-08-09,26.798614501953125
2022-08-10,26.517473220825195
2022-08-11,27.001041412353516
2022-08-12,27.169727325439453
2022-08-15,27.417133331298828
2022-08-16,27.462116241455078
2022-08-17,27.473360061645508
2022-08-18,27.293426513671875
2022-08-19,27.338409423828125
2022-08-22,27.001041412353516
2022-08-23,26.58494758605957
2022-08-24,26.517473220825195
2022-08-25,26.764877319335938
2022-08-26,26.89982795715332
2022-08-29,26.213838577270508
2022-08-30,26.25882339477539
2022-08-31,26.44999885559082
2022-09-01,25.898958206176758
2022-09-02,25.617813110351562
2022-09-05,25.674039840698242
2022-09-06,25.842723846435547
2022-09-07,25.235458374023438
2022-09-08,25.415386199951172
2022-09-12,25.955184936523438
2022-09-13,26.090133666992188
2022-09-14,25.561580657958984
2022-09-15,25.6065673828125
2022-09-16,25.314176559448242
2022-09-19,25.201719284057617
2022-09-20,25.4266357421875
2022-09-21,25.21296501159668
2022-09-22,24.909332275390625
2022-09-23,24.673168182373047
2022-09-26,24.212093353271484
2022-09-27,24.178356170654297
2022-09-28,23.672298431396484
2022-09-29,23.593576431274414
2022-09-30,23.2674503326416
2022-10-03,22.986305236816406
2022-10-04,23.571086883544922
2022-10-05,24.122129440307617
2022-10-06,24.290815353393555
2022-10-07,23.88596534729004
2022-10-11,22.6489315032959
2022-10-12,22.53647804260254
2022-10-13,22.26658058166504
2022-10-14,22.9075870513916
2022-10-17,22.48024559020996
2022-10-18,22.738901138305664
2022-10-19,22.435264587402344
2022-10-20,22.311559677124023
2022-10-21,22.244091033935547
2022-10-24,22.17661476135254
2022-10-25,21.7492733001709
2022-10-26,21.951698303222656
2022-10-27,22.26658058166504
2022-10-28,21.985435485839844
2022-10-31,22.27782440185547
2022-11-01,22.40152931213379
2022-11-02,22.491497039794922
2022-11-03,22.199106216430664
2022-11-04,22.23284149169922
2022-11-07,22.615198135375977
2022-11-08,22.85135841369629
2022-11-09,23.503612518310547
2022-11-10,23.278697967529297
2022-11-11,24.515729904174805
2022-11-14,24.740644454956055
2022-11-15,25.79774284362793
2022-11-16,25.752761840820312
2022-11-17,25.764009475708008
2022-11-18,25.696531295776367
2022-11-21,25.6065673828125
2022-11-22,25.82023811340332
2022-11-23,26.000167846679688
2022-11-24,26.247575759887695
2022-11-25,26.247575759887695
2022-11-28,25.719022750854492
2022-11-29,25.955184936523438
2022-11-30,26.168853759765625
2022-12-01,26.618680953979492
2022-12-02,26.382526397705078
2022-12-05,26.416259765625
2022-12-06,25.932693481445312
2022-12-07,25.775253295898438
2022-12-08,25.47161865234375
2022-12-09,25.865219116210938
2022-12-12,25.617813110351562
2022-12-13,25.505355834960938
2022-12-14,25.82023811340332
2022-12-15,25.842723846435547
2022-12-16,25.415386199951172
2022-12-19,25.269195556640625
2022-12-20,24.80811882019043
2022-12-21,24.909332275390625
2022-12-22,25.325424194335938
2022-12-23,24.89808464050293
2022-12-26,24.988048553466797
2022-12-27,25.100507736206055
2022-12-28,24.740644454956055
2022-12-29,24.628185272216797
2022-12-30,24.785627365112305
2023-01-03,24.909332275390625
2023-01-04,24.85310173034668
2023-01-05,25.033035278320312
2023-01-06,25.145492553710938
2023-01-09,26.04515266418457
2023-01-10,26.1463623046875
2023-01-11,26.168853759765625
2023-01-12,26.056394577026367
2023-01-13,26.360029220581055
2023-01-16,26.562454223632812
2023-01-17,26.562454223632812
2023-01-30,27.758338928222656
2023-01-31,27.20639419555664
2023-02-01,27.367374420166016
2023-02-02,27.82733154296875
2023-02-03,27.82733154296875
2023-02-06,27.42487335205078
2023-02-07,27.367374420166016
2023-02-08,27.792835235595703
2023-02-09,27.804336547851562
2023-02-10,27.82733154296875
2023-02-13,27.769838333129883
2023-02-14,27.97681999206543
2023-02-15,27.3328800201416
2023-02-16,27.66634750366211
2023-02-17,27.30988311767578
2023-02-20,27.367374420166016
2023-02-21,27.355876922607422
2023-02-22,27.056907653808594
2023-02-23,27.459367752075195
2023-02-24,27.321382522583008
2023-03-01,27.44786834716797
2023-03-02,27.42487335205078
2023-03-03,27.44786834716797
2023-03-06,27.712345123291016
2023-03-07,27.896326065063477
2023-03-08,27.66634750366211
2023-03-09,27.64335060119629
2023-03-10,27.20639419555664
2023-03-13,27.321382522583008
2023-03-14,27.02240753173828
2023-03-15,27.045408248901367
2023-03-16,26.918920516967773
2023-03-17,27.355876922607422
2023-03-20,27.1603946685791
2023-03-21,27.28688621520996
2023-03-22,27.804336547851562
2023-03-23,28.02281379699707
2023-03-24,28.10330581665039
2023-03-27,27.93082046508789
2023-03-28,27.68934440612793
2023-03-29,27.735342025756836
2023-03-30,27.873327255249023
2023-03-31,27.96531867980957
2023-04-06,27.82733154296875
2023-04-07,27.82733154296875
2023-04-10,27.82733154296875
2023-04-11,27.792835235595703
2023-04-12,27.723844528198242
2023-04-13,27.48236846923828
2023-04-14,27.746841430664062
2023-04-17,27.677846908569336
2023-04-18,27.58585548400879
2023-04-19,27.378875732421875
2023-04-20,27.34438133239746
2023-04-21,27.275386810302734
2023-04-24,27.171894073486328
2023-04-25,26.815431594848633
2023-04-26,26.700439453125
2023-04-27,26.677444458007812
2023-04-28,26.999414443969727
2023-05-02,27.06840705871582
2023-05-03,26.953414916992188
2023-05-04,27.02240753173828
2023-05-05,27.09140396118164
2023-05-08,27.26388931274414
2023-05-09,27.34438133239746
2023-05-10,27.09140396118164
2023-05-11,27.03390884399414
2023-05-12,26.953414916992188
2023-05-15,26.953414916992188
2023-05-16,27.275386810302734
2023-05-17,27.723844528198242
2023-05-18,28.091808319091797
2023-05-19,28.172300338745117
2023-05-22,28.126304626464844
2023-05-23,28.10330581665039
2023-05-24,27.96531867980957
2023-05-25,28.29878807067871
2023-05-26,28.965723037719727
2023-05-29,29.14970588684082
2023-05-30,29.14970588684082
2023-05-31,29.011720657348633
2023-06-01,28.781742095947266
2023-06-02,29.14970588684082
2023-06-05,29.057714462280273
2023-06-06,29.13820457458496
2023-06-07,29.460176467895508
2023-06-08,29.17270278930664
2023-06-09,29.391183853149414
2023-06-12,29.667156219482422
2023-06-13,30.253599166870117
2023-06-14,30.24209976196289
2023-06-15,30.334091186523438
2023-06-16,30.253599166870117
2023-06-19,30.18460464477539
2023-06-20,30.023624420166016
2023-06-21,30.023624420166016
2023-06-26,29.839641571044922
2023-06-27,29.64415740966797
2023-06-28,29.690155029296875
2023-06-29,29.67865753173828
2023-06-30,29.690155029296875
2023-07-03,30.058120727539062
2023-07-04,30.127113342285156
2023-07-05,30.081117630004883
2023-07-06,29.414182662963867
2023-07-07,29.36818504333496
2023-07-10,29.31068992614746
2023-07-11,29.713153839111328
2023-07-12,29.770645141601562
2023-07-13,30.10411262512207
2023-07-14,30.414587020874023
2023-07-17,30.35708999633789
2023-07-18,30.298757553100586
2023-07-19,30.04208755493164
2023-07-20,30.18208885192871
2023-07-21,29.6804141998291
2023-07-24,29.692079544067383
2023-07-25,30.065420150756836
2023-07-26,29.98375129699707
2023-07-27,30.217086791992188
2023-07-28,30.217086791992188
2023-07-31,30.05375099182129
2023-08-01,30.205421447753906
2023-08-02,29.832082748413086
2023-08-04,29.692079544067383
2023-08-07,29.98375129699707
2023-08-08,29.633747100830078
2023-08-09,29.6804141998291
2023-08-10,29.493745803833008
2023-08-11,29.47041130065918
2023-08-14,29.050405502319336
2023-08-15,29.09707260131836
2023-08-16,28.945404052734375
2023-08-17,29.073740005493164
2023-08-18,28.898738861083984
2023-08-21,28.700401306152344
2023-08-22,28.933738708496094
2023-08-23,29.1320743560791
2023-08-24,29.633747100830078
2023-08-25,29.06207275390625
2023-08-28,29.24873924255371
2023-08-29,29.412076950073242
2023-08-30,29.54041290283203
2023-08-31,29.33041000366211
2023-09-01,29.377073287963867
2023-09-04,29.575414657592773
2023-09-05,29.50541114807129
2023-09-06,29.40041160583496
2023-09-07,29.1320743560791
2023-09-08,29.00373649597168
2023-09-11,28.88707160949707
2023-09-12,29.178739547729492
2023-09-13,29.21373748779297
2023-09-14,29.62207794189453
2023-09-15,29.715412139892578
2023-09-18,29.40041160583496
2023-09-19,29.272075653076172
2023-09-20,29.10873794555664
2023-09-21,28.642066955566406
2023-09-22,28.618732452392578
2023-09-25,28.828737258911133
2023-09-26,28.490398406982422
2023-09-27,28.502063751220703
2023-09-28,28.618732452392578
2023-10-02,28.9920711517334
2023-10-03,28.817068099975586
2023-10-04,28.4437313079834
2023-10-05,28.852069854736328
2023-10-06,28.957069396972656
2023-10-11,29.458744049072266
2023-10-12,29.703750610351562
2023-10-13,29.62207794189453
2023-10-16,29.458744049072266
2023-10-17,29.528745651245117
2023-10-18,29.120405197143555
2023-10-19,29.1320743560791
2023-10-20,29.260408401489258
2023-10-23,28.898738861083984
2023-10-24,28.922069549560547
2023-10-25,28.980403900146484
2023-10-26,28.408727645874023
2023-10-27,28.537065505981445
2023-10-30,28.46706199645996
2023-10-31,28.268726348876953
2023-11-01,28.408727645874023
2023-11-02,29.050405502319336
2023-11-03,29.272075653076172
2023-11-06,29.528745651245117
2023-11-07,29.51707649230957
2023-11-08,29.6804141998291
2023-11-09,29.692079544067383
2023-11-10,29.575414657592773
2023-11-13,30.030418395996094
2023-11-14,30.100419998168945
2023-11-15,30.462093353271484
2023-11-16,30.473758697509766
2023-11-17,30.56709098815918
2023-11-20,30.555423736572266
2023-11-21,30.928762435913086
2023-11-22,30.64876365661621
2023-11-23,30.63709831237793
2023-11-24,30.61376190185547
2023-11-27,30.415428161621094
2023-11-28,30.625423431396484
2023-11-29,30.602092742919922
2023-11-30,30.64876365661621
2023-12-01,30.753761291503906
2023-12-04,30.63709831237793
2023-12-05,30.415428161621094
2023-12-06,30.52042579650879
2023-12-07,30.333755493164062
2023-12-08,30.578763961791992
2023-12-11,30.61376190185547
2023-12-12,30.683761596679688
2023-12-13,30.69542694091797
2023-12-14,31.068769454956055
2023-12-15,31.197097778320312
2023-12-18,31.243770599365234
2023-12-19,31.127098083496094
2023-12-20,31.208768844604492
2023-12-21,30.940433502197266
2023-12-22,31.022098541259766
2023-12-25,31.150434494018555
2023-12-26,31.325439453125
2023-12-27,31.675443649291992
2023-12-28,31.675443649291992
2023-12-29,31.605440139770508
2024-01-02,31.47710418701172
2024-01-03,30.928762435913086
2024-01-04,30.917098999023438
2024-01-05,30.83542823791504
2024-01-08,30.975431442260742
2024-01-09,31.033771514892578
2024-01-10,30.87042999267578
2024-01-11,30.998769760131836
2024-01-12,30.952096939086914
2024-01-15,30.952096939086914
2024-01-16,30.718759536743164
2024-01-17,30.432228088378906
2024-01-18,30.635190963745117
2024-01-19,31.733564376831055
2024-01-22,31.948469161987305
2024-01-23,32.00816345214844
2024-01-24,31.996217727661133
2024-01-25,32.39020538330078
2024-01-26,32.39020538330078
2024-01-29,32.593170166015625
2024-01-30,32.50959396362305
2024-01-31,32.079795837402344
2024-02-01,32.079795837402344
2024-02-02,32.258880615234375
2024-02-05,32.46183776855469
2024-02-15,33.990020751953125
2024-02-16,33.73929977416992
2024-02-19,33.69154739379883
2024-02-20,33.82286834716797
2024-02-21,33.71542739868164
2024-02-22,34.09746551513672
2024-02-23,34.324302673339844
2024-02-26,34.37206268310547
2024-02-27,34.228797912597656
2024-02-29,34.216854095458984
2024-03-01,34.09746551513672
2024-03-04,35.08839416503906
2024-03-05,35.37492752075195
2024-03-06,35.542076110839844
2024-03-07,36.3658561706543
2024-03-08,36.87923049926758
2024-03-11,36.509124755859375
2024-03-12,36.89116668701172
2024-03-13,37.070255279541016
2024-03-14,37.03443908691406
2024-03-15,36.53300094604492
2024-03-18,36.867286682128906
2024-03-19,36.78371810913086
2024-03-20,36.58075714111328
2024-03-21,37.583621978759766
2024-03-22,37.535865783691406
2024-03-25,37.60749816894531
2024-03-26,37.63138198852539
2024-03-27,37.643310546875
2024-03-28,37.464229583740234
2024-03-29,37.67913055419922
2024-04-01,37.583621978759766
2024-04-02,38.120872497558594
2024-04-03,37.85821533203125
2024-04-08,38.073116302490234
2024-04-09,38.980472564697266
2024-04-10,38.9207763671875
2024-04-11,38.8013916015625
2024-04-12,38.70587921142578
2024-04-15,38.204444885253906
2024-04-16,37.1657600402832
2024-04-17,37.583621978759766
2024-04-18,37.95372772216797
2024-04-19,36.03156280517578
2024-04-22,35.92411422729492
2024-04-23,36.27034378051758
2024-04-24,37.332908630371094
2024-04-25,36.65238952636719
2024-04-26,37.249332427978516
2024-04-29,37.917911529541016
2024-04-30,37.786582946777344
2024-05-02,37.285152435302734
2024-05-03,37.476173400878906
2024-05-06,38.013423919677734
2024-05-07,38.22832489013672
2024-05-08,38.37158966064453
2024-05-09,38.32383346557617
2024-05-10,38.59843063354492
2024-05-13,38.99241638183594
2024-05-14,39.255069732666016
2024-05-15,39.79231262207031
2024-05-16,39.983341217041016
2024-05-17,39.935585021972656
2024-05-20,39.92364501953125
2024-05-21,39.87588882446289
2024-05-22,40.59222412109375
2024-05-23,40.90263366699219
2024-05-24,40.73548889160156
2024-05-27,41.2966194152832
2024-05-28,41.35630798339844
2024-05-29,40.795188903808594
2024-05-30,40.090789794921875
2024-05-31,39.63711166381836
2024-06-03,40.484771728515625
2024-06-04,39.8400764465332
2024-06-05,40.22211456298828
2024-06-06,41.595088958740234
2024-06-07,41.272743225097656
2024-06-11,41.380191802978516
2024-06-12,42.12039566040039
2024-06-13,42.72928237915039
2024-06-14,42.980003356933594
2024-06-17,42.980003356933594
2024-06-18,43.69633483886719
2024-06-19,44.87828063964844
2024-06-20,45.30808639526367
2024-06-21,45.03348922729492
2024-06-24,43.935115814208984
2024-06-25,43.91122817993164
2024-06-26,44.25746154785156
2024-06-27,44.24552536010742
2024-06-28,44.52011489868164
2024-07-01,44.55593490600586
2024-07-02,44.25746154785156
2024-07-03,44.79471206665039
2024-07-04,45.9647216796875
2024-07-05,45.79758071899414
2024-07-08,47.2421875
2024-07-09,47.19443130493164
2024-07-10,47.361576080322266
2024-07-11,48.41219711303711
2024-07-12,46.88401794433594
2024-07-15,46.967586517333984
2024-07-16,47.24359130859375
2024-07-17,46.58359146118164
2024-07-18,45.74360275268555
2024-07-19,44.699607849121094
2024-07-22,43.367618560791016
2024-07-23,44.71160888671875
2024-07-26,42.95962142944336
2024-07-29,43.343624114990234
2024-07-30,43.343624114990234
2024-07-31,43.403621673583984
2024-08-01,44.15961456298828
2024-08-02,41.92763137817383
2024-08-05,38.09967041015625
2024-08-06,40.199649810791016
2024-08-07,41.79563522338867
2024-08-08,40.931640625
2024-08-09,42.20363235473633
2024-08-12,42.73162841796875
2024-08-13,42.839622497558594
2024-08-14,43.37961959838867
2024-08-15,43.04362487792969
2024-08-16,44.01560974121094
2024-08-19,44.07561111450195
2024-08-20,44.099613189697266
2024-08-21,43.631622314453125
2024-08-22,43.403621673583984
2024-08-23,43.42761993408203
2024-08-26,43.49961853027344
2024-08-27,43.307621002197266
2024-08-28,43.91961669921875
2024-08-29,43.319618225097656
2024-08-30,43.523616790771484
2024-09-02,43.403621673583984
2024-09-03,43.21162033081055
2024-09-04,41.099639892578125
2024-09-05,41.35163879394531
2024-09-06,41.939632415771484
2024-09-09,41.29164123535156
2024-09-10,41.36363983154297
2024-09-11,41.24363708496094
2024-09-12,42.791629791259766
2024-09-13,42.81562423706055
2024-09-16,42.89962387084961
2024-09-18,42.683624267578125
2024-09-19,43.235618591308594
2024-09-20,43.78761672973633
2024-09-23,43.9796142578125
2024-09-24,44.39960861206055
2024-09-25,45.059608459472656
2024-09-26,45.43160629272461
2024-09-27,45.33559799194336
2024-09-30,44.147613525390625
2024-10-01,44.06361389160156
2024-10-04,44.06361389160156
2024-10-07,45.155601501464844
2024-10-08,44.939605712890625
2024-10-09,45.35960006713867
2024-10-11,46.1155891418457
2024-10-14,46.15159606933594
2024-10-15,47.135581970214844
2024-10-16,46.3195915222168
2024-10-17,46.39159393310547
2024-10-18,47.543582916259766
2024-10-21,47.531585693359375
2024-10-22,47.351585388183594
2024-10-23,47.039588928222656
2024-10-24,46.751590728759766
2024-10-25,47.135581970214844
2024-10-28,47.05158615112305
2024-10-29,45.9595947265625
2024-10-30,46.03159713745117
2024-11-01,45.719600677490234
2024-11-04,46.30759811401367
2024-11-05,46.475589752197266
2024-11-06,46.84758758544922
2024-11-07,47.3875846862793
2024-11-08,47.759578704833984
2024-11-11,47.78358459472656
2024-11-12,46.559593200683594
2024-11-13,46.25959014892578
2024-11-14,45.839599609375
2024-11-15,46.16360092163086
2024-11-18,45.51559829711914
2024-11-19,46.13959503173828
2024-11-20,45.94759750366211
2024-11-21,45.443603515625
2024-11-22,46.33159255981445
2024-11-25,46.16360092163086
2024-11-26,45.563602447509766
2024-11-27,44.90361022949219
2024-11-28,44.83160400390625
2024-11-29,44.939605712890625
2024-12-02,46.007598876953125
2024-12-03,46.631595611572266
2024-12-04,46.907588958740234
2024-12-05,47.159584045410156
2024-12-06,46.97958755493164
2024-12-09,47.039588928222656
2024-12-10,46.70359420776367
2024-12-11,46.295589447021484
2024-12-12,46.83559036254883
2024-12-13,46.87158966064453
2024-12-16,47.06359100341797
2024-12-17,47.3035888671875
2024-12-18,47.3035888671875
2024-12-19,46.65559005737305
2024-12-20,46.22359848022461
2024-12-23,47.33958435058594
2024-12-24,47.471588134765625
2024-12-25,47.61558151245117
2024-12-26,47.5795783996582
2024-12-27,47.73558044433594
2024-12-30,47.471588134765625
2024-12-31,46.97958755493164
2025-01-02,46.57159423828125
2025-01-03,47.039588928222656
2025-01-06,48.51557159423828
2025-01-07,49.05556869506836
2025-01-08,48.323577880859375
2025-01-09,47.77157974243164
2025-01-10,47.759578704833984
2025-01-13,46.65559005737305
2025-01-14,46.9435920715332
2025-01-15,46.58359146118164
2025-01-16,47.531585693359375
2025-01-17,47.762733459472656
2025-01-20,48.24936294555664
2025-01-21,48.34668731689453
2025-01-22,48.97930908203125
2025-02-03,46.88679885864258
2025-02-04,47.16661071777344
2025-02-05,47.88439178466797
2025-02-06,48.09120178222656
2025-02-07,48.31018829345703
2025-02-10,47.762733459472656
2025-02-11,48.054710388183594
2025-02-12,47.981712341308594
2025-02-13,47.774898529052734
2025-02-14,47.20310592651367
2025-02-17,47.9208869934082
2025-02-18,48.09120178222656
2025-02-19,48.00605010986328
2025-02-20,47.82356262207031
2025-02-21,48.16419982910156
2025-02-24,47.738399505615234
2025-02-25,47.11794662475586
2025-02-26,47.37342834472656
2025-02-27,46.838134765625
2025-03-03,45.7553825378418
2025-03-04,45.45124053955078
2025-03-05,46.04736328125
2025-03-06,45.767547607421875
2025-03-07,45.34174728393555
2025-03-10,45.074100494384766
2025-03-11,44.283329010009766
2025-03-12,44.47798156738281
2025-03-13,44.06434631347656
2025-03-14,43.91835403442383
2025-03-17,44.29549789428711
2025-03-18,44.47798156738281
2025-03-19,43.93052291870117
2025-03-20,44.87944793701172
2025-03-21,44.51447296142578
2025-03-24,44.46581268310547
2025-03-25,44.92810821533203
2025-03-26,44.8916130065918
2025-03-27,44.04001235961914
2025-03-28,43.602046966552734
2025-03-31,42.03266143798828
2025-04-01,42.89643096923828
2025-04-02,42.82343673706055
2025-04-07,38.54109573364258
2025-04-08,37.288021087646484
2025-04-09,35.57265090942383
2025-04-10,39.12504959106445
2025-04-11,40.03748321533203
2025-04-14,39.83066177368164
2025-04-15,40.23213577270508
2025-04-16,39.50218963623047
2025-04-17,39.0642204284668
2025-04-18,39.14937973022461
2025-04-21,38.589759826660156
2025-04-22,37.944969177246094
2025-04-23,39.62384796142578
2025-04-24,39.392696380615234
2025-04-25,40.32946014404297
2025-04-28,40.67009735107422
2025-04-29,40.82825469970703
2025-04-30,41.02290725708008
2025-05-02,42.21514892578125
2025-05-05,41.838008880615234
2025-05-06,41.60686111450195
2025-05-07,41.44871139526367
2025-05-08,41.99616622924805
2025-05-09,42.519290924072266
2025-05-12,42.99375915527344
2025-05-13,43.516883850097656
2025-05-14,44.5023078918457
2025-05-15,44.40498352050781
2025-05-16,44.526641845703125
2025-05-19,43.90618896484375
2025-05-20,43.99135208129883
2025-05-21,44.67263412475586
2025-05-22,44.186004638671875
2025-05-23,44.003517150878906
2025-05-26,43.95485305786133
2025-05-27,43.565547943115234
2025-05-28,43.63854217529297
2025-05-29,43.73586654663086
2025-06-02,42.799102783203125
2025-06-03,43.103248596191406
2025-06-04,44.11301040649414
2025-06-05,44.19816589355469
2025-06-06,44.27116394042969
2025-06-09,44.69696044921875
2025-06-10,45.901371002197266
2025-06-11,45.901371002197266
2025-06-12,45.901371002197266
2025-06-13,45.901371002197266
2025-06-16,45.901371002197266
2025-06-17,45.901371002197266
2025-06-18,46.2979736328125
2025-06-19,45.84054183959961
2025-06-20,45.77241134643555
2025-06-23,45.392845153808594
2025-06-24,46.22011184692383
2025-06-25,46.891666412353516
2025-06-26,46.9500617980957
2025-06-27,46.99872589111328
2025-06-30,47.06685256958008
2025-07-01,47.33936309814453
2025-07-02,47.349098205566406
2025-07-03,48.001182556152344
2025-07-04,47.55348205566406
2025-07-07,47.27123260498047
2025-07-08,47.0571174621582
2025-07-09,47.54374694824219
2025-07-10,48.08877182006836
2025-07-11,48.29315948486328
2025-07-14,48.01091384887695
2025-07-15,48.66299819946289
2025-07-16,49.052303314208984
2025-07-17,49.34428024291992
2025-07-18,50.074222564697266
2025-07-21,49.888004302978516
2025-07-22,49.54496383666992
2025-07-23,49.69198226928711
2025-07-24,49.98601531982422
2025-07-25,49.888004302978516
2025-07-28,50.03501892089844
2025-07-29,49.44694900512695
2025-07-30,49.98601531982422
2025-07-31,50.52507781982422
2025-08-01,50.08402633666992
2025-08-04,49.78998947143555
2025-08-05,50.42707061767578
2025-08-06,49.98601531982422
2025-08-07,51.40718460083008
2025-08-08,51.40718460083008
2025-08-11,51.799232482910156
2025-08-12,51.848243713378906
2025-08-13,52.28929138183594
2025-08-14,52.09326934814453
2025-08-15,52.09326934814453
2025-08-18,52.24028396606445
2025-08-19,52.142276763916016
2025-08-20,50.672096252441406
2025-08-21,50.96613311767578
2025-08-22,50.72110366821289
2025-08-25,51.652217864990234
2025-08-26,51.70122146606445
2025-08-27,51.946250915527344
2025-08-28,51.45619201660156
2025-08-29,51.45619201660156
2025-09-01,50.96613311767578
2025-09-02,50.96613311767578
2025-09-03,50.91712951660156
2025-09-04,51.26016616821289
2025-09-05,51.799232482910156
2025-09-08,52.28929138183594
2025-09-09,52.8283576965332
2025-09-10,53.857479095458984
2025-09-11,54.347537994384766
2025-09-12,54.88660430908203
2025-09-15,54.88660430908203
2025-09-16,55.6216926574707
2025-09-17,55.22964096069336
2025-09-18,55.817718505859375
2025-09-19,55.866722106933594
2025-09-22,56.25877380371094
2025-09-23,57.28789520263672
2025-09-24,57.238887786865234
2025-09-25,57.04286575317383
2025-09-26,56.111751556396484
2025-09-30,56.650814056396484
2025-10-01,56.94485092163086
2025-10-02,58.02298355102539
2025-10-03,58.856082916259766
2025-10-07,60.4732780456543
2025-10-08,59.9342155456543
2025-10-09,60.37526321411133
2025-10-13,59.78719711303711
2025-10-14,59.49315643310547
2025-10-15,60.571285247802734
2025-10-16,61.747432708740234
2025-10-17,60.81631851196289
2025-10-20,61.84543991088867
2025-10-21,61.943450927734375
2025-10-22,61.45339584350586
2025-10-23,61.1103515625
2025-10-27,62.531524658203125
2025-10-28,62.09046936035156
2025-10-29,63.11959457397461
2025-10-30,63.11959457397461
2025-10-31,63.46263885498047
2025-11-03,62.87456512451172
2025-11-04,62.67854309082031
2025-11-05,61.89445114135742
2025-11-06,62.041465759277344
2025-11-07,61.30637741088867
2025-11-10,62.09046936035156
2025-11-11,61.649417877197266
2025-11-12,61.943450927734375
2025-11-13,61.649417877197266
2025-11-14,60.4732780456543
2025-11-17,60.66930389404297
2025-11-18,59.248130798339844
2025-11-19,58.856082916259766
2025-11-20,60.66930389404297
2025-11-21,58.660057067871094
2025-11-24,58.366024017333984
2025-11-25,59.150115966796875
2025-11-26,60.13023376464844
2025-11-27,60.66930389404297
2025-11-28,61.1103515625
2025-12-01,60.277252197265625
2025-12-02,60.4732780456543
2025-12-03,61.061344146728516
2025-12-04,60.96333694458008
2025-12-05,61.50239944458008
2025-12-08,62.43351364135742
2025-12-09,62.33549880981445
2025-12-10,62.77655792236328
2025-12-11,62.09046936035156
2025-12-12,62.18848419189453
2025-12-15,61.55140686035156
2025-12-16,61.01234436035156
2025-12-17,60.66930389404297
2025-12-18,60.66930389404297
2025-12-19,61.25736999511719
2025-12-22,62.13947677612305
2025-12-23,62.43351364135742
2025-12-24,62.580528259277344
2025-12-26,63.11959457397461
2025-12-29,63.95269775390625
2025-12-30,63.85468673706055
2025-12-31,64.29573822021484
2026-01-02,65.618896484375
2026-01-05,68.11819458007812
2026-01-06,69.00030517578125
2026-01-07,68.46123504638672
2026-01-08,68.70626831054688
2026-01-09,68.46123504638672
2026-01-12,68.9512939453125
2026-01-13,69.2943344116211
2026-01-14,69.34334564208984
2026-01-15,69.2453384399414
2026-01-16,70.56848907470703
2026-01-19,71.15656280517578
2026-01-20,71.15656280517578
2026-01-21,70.42147064208984
2026-01-22,71.36573028564453
2026-01-23,71.81300354003906
2026-01-26,71.81300354003906
2026-01-27,72.60816955566406
2026-01-28,73.75120544433594
2026-01-29,73.3039321899414
2026-01-30,72.160888671875
2026-02-02,71.06754302978516
2026-02-03,72.5087661743164
2026-02-04,72.45907592773438
2026-02-05,71.56451416015625
2026-02-06,71.46512603759766
2026-02-09,73.50271606445312
2026-02-10,75.04335021972656
2026-02-11,76.73306274414062
2026-02-23,76.93185424804688
2026-02-24,78.91976165771484
2026-02-25,80.6094741821289
2026-02-26,80.65917205810547
2026-03-02,79.864013671875
2026-03-03,78.27368927001953
2026-03-04,75.14273834228516
2026-03-05,76.93185424804688
2026-03-06,76.38517761230469
2026-03-09,73.15483856201172
2026-03-10,74.74515533447266
2026-03-11,77.72701263427734
2026-03-12,76.1366958618164
2026-03-13,75.4906234741211
2026-03-16,75.14273834228516
2026-03-17,76.18639373779297
2026-03-18,77.32943725585938
2026-03-19,75.54032135009766
2026-03-20,75.44092559814453
2026-03-23,73.80091094970703
2026-03-24,73.95000457763672
2026-03-25,75.7391128540039
2026-03-26,75.34153747558594
2026-03-27,74.54637145996094
2026-03-30,73.4530258178711
2026-03-31,71.91239929199219
2026-04-01,74.99364471435547
2026-04-02,73.50271606445312
2026-04-07,74.84455871582031
2026-04-08,78.72096252441406
2026-04-09,78.67127227783203
2026-04-10,80.2615966796875
2026-04-13,80.11249542236328
2026-04-14,82.59738159179688
2026-04-15,83.64102935791016
2026-04-16,84.48588562011719
2026-04-17,83.64102935791016
2026-04-20,84.03861236572266
2026-04-21,85.4798355102539
2026-04-22,85.82772064208984
2026-04-23,85.82772064208984
2026-04-24,89.40594482421875
2026-04-27,92.4375
2026-04-28,91.44355010986328
2026-04-29,90.20111083984375
2026-04-30,89.95262145996094
2026-05-04,94.02782440185547
2026-05-05,94.02782440185547
2026-05-06,95.17086791992188
2026-05-07,97.10906982421875
2026-05-08,96.4133071899414
2026-05-11,96.31391143798828
2026-05-12,96.26421356201172
2026-05-13,94.92237854003906
2026-05-14,95.46905517578125
2026-05-15,94.82298278808594
2026-05-18,94.32601165771484
2026-05-19,92.53689575195312
2026-05-20,91.94052124023438
2026-05-21,95.270263671875
2026-05-22,96.71149444580078
2026-05-25,100.19032287597656
2026-05-26,99.49455261230469
2026-05-27,101.92974090576172
2026-05-28,99.89213562011719
2026-05-29,104.76250457763672
2026-06-01,104.86189270019531
2026-06-02,105.06068420410156
2026-06-03,106.9491958618164
2026-06-04,105.45826721191406
2026-06-05,103.52006530761719
2026-06-08,100.33941650390625
2026-06-09,102.87399291992188
2026-06-10,99.64364624023438
2026-06-11,99.2460708618164
2026-06-12,101.33336639404297
2026-06-15,104.61341094970703
2026-06-16,105.25947570800781
2026-06-17,105.35887145996094
2026-06-18,106.65100860595703
2026-06-22,110.47772216796875
2026-06-23,109.43407440185547
2026-06-24,106.50191497802734
2026-06-25,106.5516128540039
2026-06-26,102.47640991210938
2026-06-29,103.81824493408203
2026-06-30,107.14798736572266
2026-07-01,108.68860626220703
2026-07-02,108.14193725585938
2026-07-03,107.69465637207031
2026-07-06,107.59526062011719
2026-07-07,105.55765533447266
2026-07-08,105.4085693359375
2026-07-09,105.16008758544922
2026-07-10,105.16008758544922
2026-07-13,105.35887145996094
2026-07-14,103.76854705810547
2026-07-15,105.65705871582031
2026-07-16,105.75645446777344
2026-07-17,99.54425811767578
2026-07-20,98.5999984741211
2026-07-21,102.5
2026-07-22,103.8499984741211
2026-07-23,103.9000015258789
2026-07-24,101.69999694824219
2026-07-27,101.44999694824219
2026-07-28,97.1500015258789
2026-07-29,93.69999694824219
2026-07-30,93.5
2026-07-31,102.8499984741211
2026-08-03,102.0
