Date,price
2003-01-02,59.32899475097656
2003-01-03,59.511409759521484
2003-01-06,60.56027603149414
2003-01-07,60.41042709350586
2003-01-08,59.53746032714844
2003-01-09,60.46254348754883
2003-01-10,60.62538528442383
2003-01-13,60.60586166381836
2003-01-14,60.801326751708984
2003-01-15,60.1954460144043
2003-01-16,59.94786071777344
2003-01-17,59.06191635131836
2003-01-21,58.1432991027832
2003-01-22,57.439735412597656
2003-01-23,57.79153823852539
2003-01-24,56.27361297607422
2003-01-27,55.50489807128906
2003-01-28,55.91532897949219
2003-01-29,56.3387565612793
2003-01-30,55.003257751464844
2003-01-31,56.06513595581055
2003-02-03,56.175899505615234
2003-02-04,55.622154235839844
2003-02-05,55.27688217163086
2003-02-06,55.016258239746094
2003-02-07,54.34529113769531
2003-02-10,54.72966003417969
2003-02-11,54.351768493652344
2003-02-12,53.48535919189453
2003-02-13,53.64820098876953
2003-02-14,54.82084274291992
2003-02-18,55.784996032714844
2003-02-19,55.491851806640625
2003-02-20,54.93812942504883
2003-02-21,55.491851806640625
2003-02-24,54.59284210205078
2003-02-25,55.02933120727539
2003-02-26,54.22800827026367
2003-02-27,54.94462203979492
2003-02-28,55.3094367980957
2003-03-03,54.7817497253418
2003-03-04,53.9088020324707
2003-03-05,54.364810943603516
2003-03-06,53.9088020324707
2003-03-07,54.28013610839844
2003-03-10,52.977203369140625
2003-03-11,52.45602035522461
2003-03-12,52.80780792236328
2003-03-13,54.63190460205078
2003-03-14,54.80778884887695
2003-03-17,56.534202575683594
2003-03-18,56.86646270751953
2003-03-19,57.30296325683594
2003-03-20,57.426700592041016
2003-03-21,58.65247344970703
2003-03-24,56.70328140258789
2003-03-25,57.24619674682617
2003-03-26,56.958377838134766
2003-03-27,57.00416946411133
2003-03-28,56.716365814208984
2003-03-31,55.42778778076172
2003-04-01,56.278133392333984
2003-04-02,57.638668060302734
2003-04-03,57.363922119140625
2003-04-04,57.70404815673828
2003-04-07,57.59284973144531
2003-04-08,57.684417724609375
2003-04-09,56.92570495605469
2003-04-10,57.23965835571289
2003-04-11,57.00416946411133
2003-04-14,58.18152618408203
2003-04-15,58.724403381347656
2003-04-16,57.72367477416992
2003-04-17,58.58051681518555
2003-04-21,58.639400482177734
2003-04-22,59.74483108520508
2003-04-23,60.294273376464844
2003-04-24,59.75790023803711
2003-04-25,59.01875305175781
2003-04-28,60.039146423339844
2003-04-29,60.24845886230469
2003-04-30,60.11766052246094
2003-05-01,60.111106872558594
2003-05-02,60.96796798706055
2003-05-05,60.85025405883789
2003-05-06,61.425846099853516
2003-05-07,61.085693359375
2003-05-08,60.47086715698242
2003-05-09,61.30809020996094
2003-05-12,62.060306549072266
2003-05-13,61.94905471801758
2003-05-14,61.81829833984375
2003-05-15,62.210731506347656
2003-05-16,62.05375289916992
2003-05-19,60.60170364379883
2003-05-20,60.47739791870117
2003-05-21,60.60170364379883
2003-05-22,61.203407287597656
2003-05-23,61.32773971557617
2003-05-27,62.40042495727539
2003-05-28,62.57704162597656
2003-05-29,62.41353225708008
2003-05-30,63.414306640625
2003-06-02,63.67588424682617
2003-06-03,63.93755340576172
2003-06-04,64.85983276367188
2003-06-05,65.18032836914062
2003-06-06,64.92523956298828
2003-06-09,64.26457214355469
2003-06-10,64.918701171875
2003-06-11,65.6054916381836
2003-06-12,65.80824279785156
2003-06-13,65.1214370727539
2003-06-16,66.49507141113281
2003-06-17,66.49507141113281
2003-06-18,66.43619537353516
2003-06-19,65.42234802246094
2003-06-20,65.2779312133789
2003-06-23,64.6083755493164
2003-06-24,64.6739501953125
2003-06-25,64.02408599853516
2003-06-26,64.8577880859375
2003-06-27,64.10946655273438
2003-06-30,64.08972930908203
2003-07-01,64.68058013916016
2003-07-02,65.49453735351562
2003-07-03,64.81842041015625
2003-07-07,66.10506439208984
2003-07-08,66.40046691894531
2003-07-09,66.02628326416016
2003-07-10,65.18600463867188
2003-07-11,65.80308532714844
2003-07-14,66.12476348876953
2003-07-15,65.98030853271484
2003-07-16,65.59302520751953
2003-07-17,64.66085815429688
2003-07-18,65.32388305664062
2003-07-21,64.51644134521484
2003-07-22,65.10064697265625
2003-07-23,65.14659881591797
2003-07-24,64.65428161621094
2003-07-25,65.79650115966797
2003-07-28,65.55363464355469
2003-07-29,65.25170135498047
2003-07-30,65.09410858154297
2003-07-31,65.24510955810547
2003-08-01,64.66744232177734
2003-08-04,64.66744232177734
2003-08-05,63.29541778564453
2003-08-06,63.66306686401367
2003-08-07,64.3326187133789
2003-08-08,64.51644134521484
2003-08-11,64.75933074951172
2003-08-12,65.35015106201172
2003-08-13,65.01534271240234
2003-08-14,65.1926040649414
2003-08-15,65.39605712890625
2003-08-18,65.96065521240234
2003-08-19,66.2101058959961
2003-08-20,65.94092559814453
2003-08-21,66.15101623535156
2003-08-22,65.49453735351562
2003-08-25,65.59957885742188
2003-08-26,65.71774291992188
2003-08-27,65.73743438720703
2003-08-28,66.14443969726562
2003-08-29,66.59082794189453
2003-09-02,67.48358917236328
2003-09-03,67.85124969482422
2003-09-04,67.88407897949219
2003-09-05,67.50332641601562
2003-09-08,68.061279296875
2003-09-09,67.61487579345703
2003-09-10,66.93220520019531
2003-09-11,67.12914276123047
2003-09-12,67.25384521484375
2003-09-15,67.017578125
2003-09-16,67.99565887451172
2003-09-17,67.86434173583984
2003-09-18,68.66520690917969
2003-09-19,68.31597900390625
2003-09-22,67.57791900634766
2003-09-23,67.83492279052734
2003-09-24,66.62901306152344
2003-09-25,66.08201599121094
2003-09-26,65.86458587646484
2003-09-29,66.51036834716797
2003-09-30,65.86458587646484
2003-10-01,67.26820373535156
2003-10-02,67.51200866699219
2003-10-03,68.13143920898438
2003-10-06,68.4411849975586
2003-10-07,68.70477294921875
2003-10-08,68.53340911865234
2003-10-09,68.71795654296875
2003-10-10,68.90904998779297
2003-10-13,69.12651062011719
2003-10-14,69.37031555175781
2003-10-15,69.18578338623047
2003-10-16,69.46257781982422
2003-10-17,68.70477294921875
2003-10-20,69.21875762939453
2003-10-21,69.10014343261719
2003-10-22,68.23029327392578
2003-10-23,68.10515594482422
2003-10-24,68.25670623779297
2003-10-27,68.28958892822266
2003-10-28,69.21875762939453
2003-10-29,69.31106567382812
2003-10-30,69.45601654052734
2003-10-31,69.39010620117188
2003-11-03,69.84479522705078
2003-11-04,69.6932373046875
2003-11-05,69.74594116210938
2003-11-06,70.11495971679688
2003-11-07,69.59437561035156
2003-11-10,69.31106567382812
2003-11-11,69.2912368774414
2003-11-12,70.06887817382812
2003-11-13,70.088623046875
2003-11-14,69.49555969238281
2003-11-17,69.14627838134766
2003-11-18,68.42801666259766
2003-11-19,69.00789642333984
2003-11-20,68.38843536376953
2003-11-21,68.67181396484375
2003-11-24,69.58124542236328
2003-11-25,69.84479522705078
2003-11-26,70.09520721435547
2003-11-28,70.14790344238281
2003-12-01,70.90572357177734
2003-12-02,70.72783660888672
2003-12-03,70.61579132080078
2003-12-04,70.90572357177734
2003-12-05,70.41150665283203
2003-12-08,70.88595581054688
2003-12-09,70.33900451660156
2003-12-10,70.33245086669922
2003-12-11,71.12322235107422
2003-12-12,71.26158905029297
2003-12-15,70.90572357177734
2003-12-16,71.2748031616211
2003-12-17,71.49881744384766
2003-12-18,72.3027572631836
2003-12-19,72.10148620605469
2003-12-22,72.60469818115234
2003-12-23,72.65104675292969
2003-12-24,72.57817840576172
2003-12-26,72.63117980957031
2003-12-29,73.59784698486328
2003-12-30,73.61103820800781
2003-12-31,73.6772689819336
2004-01-02,73.6441650390625
2004-01-05,74.44530487060547
2004-01-06,74.51813507080078
2004-01-07,74.76972961425781
2004-01-08,75.06765747070312
2004-01-09,74.41218566894531
2004-01-12,74.96172332763672
2004-01-13,74.52474212646484
2004-01-14,75.1470947265625
2004-01-15,75.33251190185547
2004-01-16,75.63040924072266
2004-01-20,75.61055755615234
2004-01-21,76.2064437866211
2004-01-22,76.00782012939453
2004-01-23,75.76286315917969
2004-01-26,76.71624755859375
2004-01-27,75.92838287353516
2004-01-28,75.06106567382812
2004-01-29,75.13387298583984
2004-01-30,75.13387298583984
2004-02-02,75.45829772949219
2004-02-03,75.33251190185547
2004-02-04,74.71673583984375
2004-02-05,74.93523406982422
2004-02-06,75.77609252929688
2004-02-09,75.79595184326172
2004-02-10,76.04093170166016
2004-02-11,76.84868621826172
2004-02-12,76.5705795288086
2004-02-13,76.22631072998047
2004-02-17,76.91487121582031
2004-02-18,76.57723999023438
2004-02-19,76.29254150390625
2004-02-20,76.06084442138672
2004-02-23,75.86881256103516
2004-02-24,75.73637390136719
2004-02-25,76.0541763305664
2004-02-26,76.10051727294922
2004-02-27,76.15348815917969
2004-03-01,76.90824890136719
2004-03-02,76.45805358886719
2004-03-03,76.5970687866211
2004-03-04,76.79571533203125
2004-03-05,77.0539321899414
2004-03-08,76.11373901367188
2004-03-09,75.80919647216797
2004-03-10,74.5379867553711
2004-03-11,73.5713119506836
2004-03-12,74.5379867553711
2004-03-15,73.62430572509766
2004-03-16,74.0149154663086
2004-03-17,74.84259796142578
2004-03-18,74.86239624023438
2004-03-19,73.78934478759766
2004-03-22,72.85255432128906
2004-03-23,72.7263412475586
2004-03-24,72.78614044189453
2004-03-25,73.74952697753906
2004-03-26,73.76947784423828
2004-03-29,74.80593872070312
2004-03-30,75.05840301513672
2004-03-31,75.14476013183594
2004-04-01,75.59657287597656
2004-04-02,76.16798400878906
2004-04-05,76.5865478515625
2004-04-06,76.3407211303711
2004-04-07,76.1613540649414
2004-04-08,75.98859405517578
2004-04-12,76.28756713867188
2004-04-13,75.21784210205078
2004-04-14,75.33744812011719
2004-04-15,75.0517349243164
2004-04-16,75.62980651855469
2004-04-19,75.62980651855469
2004-04-20,74.36076354980469
2004-04-21,74.85907745361328
2004-04-22,75.90884399414062
2004-04-23,75.9819564819336
2004-04-26,75.87566375732422
2004-04-27,75.94206237792969
2004-04-28,74.958740234375
2004-04-29,74.30101013183594
2004-04-30,73.72295379638672
2004-05-03,74.51361083984375
2004-05-04,74.45378875732422
2004-05-05,74.93217468261719
2004-05-06,74.28767395019531
2004-05-07,73.05854034423828
2004-05-10,72.30775451660156
2004-05-11,72.9190444946289
2004-05-12,73.38411712646484
2004-05-13,73.0784912109375
2004-05-14,73.1116943359375
2004-05-17,72.48712921142578
2004-05-18,72.85255432128906
2004-05-19,72.60009002685547
2004-05-20,72.83262634277344
2004-05-21,72.95886993408203
2004-05-24,73.26451110839844
2004-05-25,74.31427764892578
2004-05-26,74.5733871459961
2004-05-27,74.9919662475586
2004-05-28,74.98532104492188
2004-06-01,74.88570404052734
2004-06-02,75.16471862792969
2004-06-03,74.47370910644531
2004-06-04,75.06505584716797
2004-06-07,76.20785522460938
2004-06-08,76.31415557861328
2004-06-09,75.60320281982422
2004-06-10,75.97531127929688
2004-06-14,75.2245101928711
2004-06-15,75.75604248046875
2004-06-16,75.74276733398438
2004-06-17,75.62980651855469
2004-06-18,75.7724838256836
2004-06-21,75.48579406738281
2004-06-22,75.86585235595703
2004-06-23,76.51937103271484
2004-06-24,76.279296875
2004-06-25,75.91252136230469
2004-06-28,75.6524658203125
2004-06-29,75.96589660644531
2004-06-30,76.37267303466797
2004-07-01,75.31239318847656
2004-07-02,75.27237701416016
2004-07-06,74.61219787597656
2004-07-07,74.83228302001953
2004-07-08,74.31214141845703
2004-07-09,74.50548553466797
2004-07-12,74.5388412475586
2004-07-13,74.59222412109375
2004-07-14,74.36548614501953
2004-07-15,73.88539123535156
2004-07-16,73.82530212402344
2004-07-19,73.51195526123047
2004-07-20,74.4455337524414
2004-07-21,73.07182312011719
2004-07-22,73.2718505859375
2004-07-23,72.65840911865234
2004-07-26,72.51834869384766
2004-07-27,73.19853210449219
2004-07-28,73.41863250732422
2004-07-29,73.73197174072266
2004-07-30,73.91201782226562
2004-08-02,74.0654067993164
2004-08-03,73.49195098876953
2004-08-04,73.48522186279297
2004-08-05,72.28495025634766
2004-08-06,71.25137329101562
2004-08-09,71.35140228271484
2004-08-10,72.2716064453125
2004-08-11,72.1249008178711
2004-08-12,71.33805847167969
2004-08-13,71.47810363769531
2004-08-16,72.21829223632812
2004-08-17,72.62500762939453
2004-08-18,73.37191772460938
2004-08-19,73.15850067138672
2004-08-20,73.67196655273438
2004-08-23,73.48522186279297
2004-08-24,73.58528137207031
2004-08-25,74.08544158935547
2004-08-26,74.08544158935547
2004-08-27,74.31880950927734
2004-08-30,73.70532989501953
2004-08-31,74.09208679199219
2004-09-01,74.23212432861328
2004-09-02,75.07230377197266
2004-09-03,74.76559448242188
2004-09-07,75.2590560913086
2004-09-08,75.07230377197266
2004-09-09,75.00566864013672
2004-09-10,75.39241027832031
2004-09-13,75.63914489746094
2004-09-14,75.79249572753906
2004-09-15,75.2190170288086
2004-09-16,75.4457778930664
2004-09-17,75.76652526855469
2004-09-20,75.31117248535156
2004-09-21,75.6392822265625
2004-09-22,74.69510650634766
2004-09-23,74.29334259033203
2004-09-24,74.63488006591797
2004-09-27,74.15943908691406
2004-09-28,74.51432800292969
2004-09-29,74.88932800292969
2004-09-30,74.83575439453125
2004-10-01,76.10130310058594
2004-10-04,76.22852325439453
2004-10-05,76.26873016357422
2004-10-06,76.79098510742188
2004-10-07,75.9673843383789
2004-10-08,75.33795928955078
2004-10-11,75.6459732055664
2004-10-12,75.351318359375
2004-10-13,74.68844604492188
2004-10-14,74.08576965332031
2004-10-15,74.50093078613281
2004-10-18,74.78217315673828
2004-10-19,74.1527099609375
2004-10-20,74.00542449951172
2004-10-21,74.48755645751953
2004-10-22,73.65052795410156
2004-10-25,73.5634994506836
2004-10-26,74.68844604492188
2004-10-27,75.585693359375
2004-10-28,75.81338500976562
2004-10-29,75.80000305175781
2004-11-01,76.00757598876953
2004-11-02,76.03437042236328
2004-11-03,76.99188995361328
2004-11-04,78.04315185546875
2004-11-05,78.53199768066406
2004-11-08,78.41815185546875
2004-11-09,78.26411437988281
2004-11-10,78.3244400024414
2004-11-11,78.92036437988281
2004-11-12,79.54312896728516
2004-11-15,79.73857116699219
2004-11-16,79.16767883300781
2004-11-17,79.63780212402344
2004-11-18,79.7452621459961
2004-11-19,78.8587646484375
2004-11-22,79.23483276367188
2004-11-23,79.35576629638672
2004-11-24,79.54377746582031
2004-11-26,79.48333740234375
2004-11-29,79.12067413330078
2004-11-30,79.17439270019531
2004-12-01,80.0743408203125
2004-12-02,80.14149475097656
2004-12-03,80.08782196044922
2004-12-06,80.0608901977539
2004-12-07,79.3154296875
2004-12-08,79.77885437011719
2004-12-09,80.0608901977539
2004-12-10,80.14149475097656
2004-12-13,80.83995819091797
2004-12-14,81.12202453613281
2004-12-15,81.18248748779297
2004-12-16,81.13548278808594
2004-12-17,80.59428405761719
2004-12-20,80.61454772949219
2004-12-21,81.23532104492188
2004-12-22,81.43099975585938
2004-12-23,81.49176025390625
2004-12-27,81.32304382324219
2004-12-28,81.76837921142578
2004-12-29,81.88986206054688
2004-12-30,81.73464965820312
2004-12-31,81.55921173095703
2005-01-03,81.17463684082031
2005-01-04,80.18268585205078
2005-01-05,79.62935638427734
2005-01-06,80.03426361083984
2005-01-07,79.9195327758789
2005-01-10,80.29744720458984
2005-01-11,79.74411010742188
2005-01-12,80.00726318359375
2005-01-13,79.36624145507812
2005-01-14,79.78456115722656
2005-01-18,80.61454772949219
2005-01-19,79.77110290527344
2005-01-20,79.28524780273438
2005-01-21,78.79942321777344
2005-01-24,78.64420318603516
2005-01-25,78.86688995361328
2005-01-26,79.10305786132812
2005-01-27,79.23802947998047
2005-01-28,79.23802947998047
2005-01-31,79.73062133789062
2005-02-01,80.23668670654297
2005-02-02,80.47955322265625
2005-02-03,80.27039337158203
2005-02-04,81.12737274169922
2005-02-07,81.0194091796875
2005-02-08,81.11386108398438
2005-02-09,80.506591796875
2005-02-10,80.7967529296875
2005-02-11,81.49176025390625
2005-02-14,81.43099975585938
2005-02-15,81.73464965820312
2005-02-16,81.78865051269531
2005-02-17,81.12737274169922
2005-02-18,81.23532104492188
2005-02-22,80.02749633789062
2005-02-23,80.60105895996094
2005-02-24,81.1341323852539
2005-02-25,81.93710327148438
2005-02-28,81.39725494384766
2005-03-01,81.80213165283203
2005-03-02,81.76162719726562
2005-03-03,81.7953872680664
2005-03-04,82.81431579589844
2005-03-07,82.85474395751953
2005-03-08,82.54440307617188
2005-03-09,81.626708984375
2005-03-10,81.8088607788086
2005-03-11,81.23532104492188
2005-03-14,81.74140167236328
2005-03-15,81.066650390625
2005-03-16,80.3783950805664
2005-03-17,80.54029083251953
2005-03-18,80.30117797851562
2005-03-21,80.00314331054688
2005-03-22,79.19022369384766
2005-03-23,79.25797271728516
2005-03-24,79.35281372070312
2005-03-28,79.46795654296875
2005-03-29,78.93959045410156
2005-03-30,80.05733489990234
2005-03-31,79.90828704833984
2005-04-01,79.54925537109375
2005-04-04,79.68474578857422
2005-04-05,80.0641098022461
2005-04-06,80.34183502197266
2005-04-07,80.77540588378906
2005-04-08,79.9354019165039
2005-04-11,79.996337890625
2005-04-12,80.40958404541016
2005-04-13,79.46119689941406
2005-04-14,78.42472076416016
2005-04-15,77.32733917236328
2005-04-18,77.56443786621094
2005-04-19,78.1808853149414
2005-04-20,77.0902328491211
2005-04-21,78.58733367919922
2005-04-22,78.28926086425781
2005-04-25,78.80406951904297
2005-04-26,78.03860473632812
2005-04-27,78.34347534179688
2005-04-28,77.36119842529297
2005-04-29,78.41119384765625
2005-05-02,78.85150909423828
2005-05-03,78.98699951171875
2005-05-04,79.59664916992188
2005-05-05,79.56957244873047
2005-05-06,79.31892395019531
2005-05-09,79.81344604492188
2005-05-10,78.98699951171875
2005-05-11,79.4205093383789
2005-05-12,78.546630859375
2005-05-13,78.39083862304688
2005-05-16,79.1224594116211
2005-05-17,79.65089416503906
2005-05-18,80.47054290771484
2005-05-19,80.80925750732422
2005-05-20,80.69410705566406
2005-05-23,81.14112854003906
2005-05-24,80.95150756835938
2005-05-25,80.89054870605469
2005-05-26,81.3240966796875
2005-05-27,81.45955657958984
2005-05-31,80.9379653930664
2005-06-01,81.62891387939453
2005-06-02,81.80506134033203
2005-06-03,81.39185333251953
2005-06-06,81.31732177734375
2005-06-07,81.37828063964844
2005-06-08,81.22923278808594
2005-06-09,81.61538696289062
2005-06-10,81.42571258544922
2005-06-13,81.6831283569336
2005-06-14,81.87278747558594
2005-06-15,82.02859497070312
2005-06-16,82.23859405517578
2005-06-17,82.5433120727539
2005-06-20,82.57051086425781
2005-06-21,82.61812591552734
2005-06-22,82.68618774414062
2005-06-23,81.52308654785156
2005-06-24,80.92457580566406
2005-06-27,81.04021453857422
2005-06-28,81.7203598022461
2005-06-29,81.50267028808594
2005-06-30,81.06060028076172
2005-07-01,81.2986068725586
2005-07-05,81.95156860351562
2005-07-06,81.2646255493164
2005-07-07,81.58430480957031
2005-07-08,82.51609802246094
2005-07-11,82.93782043457031
2005-07-12,83.15541076660156
2005-07-13,83.2710952758789
2005-07-14,83.59754943847656
2005-07-15,83.54996490478516
2005-07-18,83.21666717529297
2005-07-19,83.67237854003906
2005-07-20,83.9580078125
2005-07-21,83.46833801269531
2005-07-22,84.02607727050781
2005-07-25,83.78797149658203
2005-07-26,83.89005279541016
2005-07-27,84.19607543945312
2005-07-28,84.72659301757812
2005-07-29,84.1620864868164
2005-08-01,84.10087585449219
2005-08-02,84.60420989990234
2005-08-03,84.82860565185547
2005-08-04,84.14848327636719
2005-08-05,83.57716369628906
2005-08-08,83.42070007324219
2005-08-09,83.92402648925781
2005-08-10,83.88323974609375
2005-08-11,84.21649169921875
2005-08-12,83.69956970214844
2005-08-15,84.21649169921875
2005-08-16,83.12145233154297
2005-08-17,83.11466217041016
2005-08-18,83.10784912109375
2005-08-19,83.29829406738281
2005-08-22,83.29829406738281
2005-08-23,83.14183807373047
2005-08-24,82.40048217773438
2005-08-25,82.69973754882812
2005-08-26,82.13521575927734
2005-08-29,82.76778411865234
2005-08-30,82.33245849609375
2005-08-31,83.37310028076172
2005-09-01,83.31187438964844
2005-09-02,83.16223907470703
2005-09-06,84.13481903076172
2005-09-07,84.2776870727539
2005-09-08,83.99885559082031
2005-09-09,84.74700927734375
2005-09-12,84.57699584960938
2005-09-13,84.1076889038086
2005-09-14,83.80157470703125
2005-09-15,83.76078033447266
2005-09-16,84.35641479492188
2005-09-19,84.07637023925781
2005-09-20,83.3659896850586
2005-09-21,82.58731079101562
2005-09-22,82.88104248046875
2005-09-23,82.9493408203125
2005-09-26,83.04496765136719
2005-09-27,83.02444458007812
2005-09-28,83.10641479492188
2005-09-29,83.78265380859375
2005-09-30,84.0422134399414
2005-10-03,83.74166107177734
2005-10-04,82.79904174804688
2005-10-05,81.71298217773438
2005-10-06,81.41930389404297
2005-10-07,81.69935607910156
2005-10-10,81.00946807861328
2005-10-11,80.89334869384766
2005-10-12,80.25811767578125
2005-10-13,80.2103500366211
2005-10-14,81.05731201171875
2005-10-17,81.35780334472656
2005-10-18,80.47669982910156
2005-10-19,81.81547546386719
2005-10-20,80.37423706054688
2005-10-21,80.68844604492188
2005-10-24,81.93842315673828
2005-10-25,81.77449798583984
2005-10-26,81.53544616699219
2005-10-27,80.66793823242188
2005-10-28,81.82911682128906
2005-10-31,82.05452728271484
2005-11-01,82.30042266845703
2005-11-02,83.16107177734375
2005-11-03,83.5162582397461
2005-11-04,83.40699768066406
2005-11-07,83.48892211914062
2005-11-08,83.48892211914062
2005-11-09,83.59823608398438
2005-11-10,84.24714660644531
2005-11-11,84.53400421142578
2005-11-14,84.48619079589844
2005-11-15,84.17879486083984
2005-11-16,84.34957122802734
2005-11-17,85.1351089477539
2005-11-18,85.46974182128906
2005-11-21,85.90010833740234
2005-11-22,86.2689437866211
2005-11-23,86.76757049560547
2005-11-25,86.83588409423828
2005-11-28,86.22113037109375
2005-11-29,86.12548065185547
2005-11-30,85.66105651855469
2005-12-01,86.53533935546875
2005-12-02,86.64459228515625
2005-12-05,86.4601821899414
2005-12-06,86.62410736083984
2005-12-07,86.11868286132812
2005-12-08,86.06404876708984
2005-12-09,86.28943634033203
2005-12-12,86.37140655517578
2005-12-13,86.95883178710938
2005-12-14,87.30035400390625
2005-12-15,87.04759216308594
2005-12-16,86.76744079589844
2005-12-19,86.3211441040039
2005-12-20,86.40352630615234
2005-12-21,86.54084014892578
2005-12-22,86.99405670166016
2005-12-23,87.0421142578125
2005-12-27,86.15633392333984
2005-12-28,86.34859466552734
2005-12-29,85.96406555175781
2005-12-30,85.49712371826172
2006-01-03,87.0009536743164
2006-01-04,87.41292572021484
2006-01-05,87.46784973144531
2006-01-06,88.19572448730469
2006-01-09,88.42233276367188
2006-01-10,88.51158905029297
2006-01-11,88.79312896728516
2006-01-12,88.44292449951172
2006-01-13,88.36050415039062
2006-01-17,88.12019348144531
2006-01-18,87.7699966430664
2006-01-19,88.10647583007812
2006-01-20,86.49966430664062
2006-01-23,86.80865478515625
2006-01-24,86.89791107177734
2006-01-25,86.97345733642578
2006-01-26,87.45410919189453
2006-01-27,88.26437377929688
2006-01-30,88.19572448730469
2006-01-31,87.55023956298828
2006-02-01,88.16138458251953
2006-02-02,87.13829040527344
2006-02-03,86.70565032958984
2006-02-06,86.9322509765625
2006-02-07,86.16320037841797
2006-02-08,86.94596099853516
2006-02-09,86.8017807006836
2006-02-10,86.9596939086914
2006-02-13,86.8017807006836
2006-02-14,87.72190856933594
2006-02-15,88.03091430664062
2006-02-16,88.69014739990234
2006-02-17,88.44978332519531
2006-02-21,88.23006439208984
2006-02-22,88.76563262939453
2006-02-23,88.63520050048828
2006-02-24,88.8617935180664
2006-02-27,88.89612579345703
2006-02-28,88.05150604248047
2006-03-01,88.83430480957031
2006-03-02,88.82746887207031
2006-03-03,88.41545867919922
2006-03-06,88.01029968261719
2006-03-07,87.87297821044922
2006-03-08,88.05840301513672
2006-03-09,87.46784973144531
2006-03-10,88.2987289428711
2006-03-13,88.46350860595703
2006-03-14,89.39048767089844
2006-03-15,89.78878784179688
2006-03-16,89.97420501708984
2006-03-17,90.04933166503906
2006-03-20,89.90454864501953
2006-03-21,89.33926391601562
2006-03-22,89.88391876220703
2006-03-23,89.69776916503906
2006-03-24,89.76669311523438
2006-03-27,89.63570404052734
2006-03-28,89.08416748046875
2006-03-29,89.6426010131836
2006-03-30,89.48406982421875
2006-03-31,89.50471496582031
2006-04-03,89.43578338623047
2006-04-04,90.00796508789062
2006-04-05,90.31820678710938
2006-04-06,90.22168731689453
2006-04-07,89.30477905273438
2006-04-10,89.44266510009766
2006-04-11,88.68429565429688
2006-04-12,88.84976959228516
2006-04-13,88.73258209228516
2006-04-17,88.69811248779297
2006-04-18,90.10450744628906
2006-04-19,90.27682495117188
2006-04-20,90.40094757080078
2006-04-21,90.41471862792969
2006-04-24,90.249267578125
2006-04-25,89.876953125
2006-04-26,89.89767456054688
2006-04-27,90.33197784423828
2006-04-28,90.63528442382812
2006-05-01,89.89767456054688
2006-05-02,90.57328033447266
2006-05-03,90.23548126220703
2006-05-04,90.55948638916016
2006-05-05,91.35923767089844
2006-05-08,91.24888610839844
2006-05-09,91.42813110351562
2006-05-10,91.3799057006836
2006-05-11,90.27682495117188
2006-05-12,89.09798431396484
2006-05-15,89.2772216796875
2006-05-16,89.14624786376953
2006-05-17,87.4503173828125
2006-05-18,87.00909423828125
2006-05-19,87.62263488769531
2006-05-22,86.95394897460938
2006-05-23,86.2920913696289
2006-05-24,86.98150634765625
2006-05-25,88.05699920654297
2006-05-26,88.50508880615234
2006-05-30,86.93323516845703
2006-05-31,87.90530395507812
2006-06-01,88.74635314941406
2006-06-02,88.9325180053711
2006-06-05,87.636474609375
2006-06-06,87.42271423339844
2006-06-07,86.76781463623047
2006-06-08,86.69197082519531
2006-06-09,86.41621398925781
2006-06-12,85.47858428955078
2006-06-13,84.48590087890625
2006-06-14,85.14080047607422
2006-06-15,86.94702911376953
2006-06-16,86.31342315673828
2006-06-19,85.6348876953125
2006-06-20,85.92571258544922
2006-06-21,86.56271362304688
2006-06-22,86.18192291259766
2006-06-23,86.16805267333984
2006-06-26,86.54887390136719
2006-06-27,85.80104064941406
2006-06-28,86.3826904296875
2006-06-29,88.12767028808594
2006-06-30,88.13456726074219
2006-07-03,88.49463653564453
2006-07-05,87.98916625976562
2006-07-06,88.245361328125
2006-07-07,87.67066192626953
2006-07-10,87.83683776855469
2006-07-11,88.2245864868164
2006-07-12,87.28289031982422
2006-07-13,85.86336517333984
2006-07-14,85.53099060058594
2006-07-17,85.40635681152344
2006-07-18,85.84260559082031
2006-07-19,87.03362274169922
2006-07-20,86.43807983398438
2006-07-21,85.8287353515625
2006-07-24,87.3936767578125
2006-07-25,87.70526885986328
2006-07-26,87.82296752929688
2006-07-27,87.7398681640625
2006-07-28,88.61929321289062
2006-07-31,88.52928161621094
2006-08-01,88.09304809570312
2006-08-02,88.68855285644531
2006-08-03,88.92401123046875
2006-08-04,88.77163696289062
2006-08-07,88.56389617919922
2006-08-08,88.2245864868164
2006-08-09,87.92683410644531
2006-08-10,88.19690704345703
2006-08-11,87.94760131835938
2006-08-14,88.0168685913086
2006-08-15,89.06936645507812
2006-08-16,89.8102798461914
2006-08-17,90.03882598876953
2006-08-18,90.495849609375
2006-08-21,90.10807037353516
2006-08-22,90.10111999511719
2006-08-23,89.85183715820312
2006-08-24,89.77568054199219
2006-08-25,89.88648986816406
2006-08-28,90.31580352783203
2006-08-29,90.4196548461914
2006-08-30,90.47505950927734
2006-08-31,90.46121978759766
2006-09-01,91.00129699707031
2006-09-05,91.17445373535156
2006-09-06,90.37116241455078
2006-09-07,89.95572662353516
2006-09-08,90.21189880371094
2006-09-11,90.30192565917969
2006-09-12,91.18827056884766
2006-09-13,91.55529022216797
2006-09-14,91.56221008300781
2006-09-15,91.7771224975586
2006-09-18,91.9023208618164
2006-09-19,91.67279052734375
2006-09-20,92.15963745117188
2006-09-21,91.71449279785156
2006-09-22,91.436279296875
2006-09-25,92.13873291015625
2006-09-26,92.90384674072266
2006-09-27,93.01507568359375
2006-09-28,92.98031616210938
2006-09-29,92.90384674072266
2006-10-02,92.55606842041016
2006-10-03,92.75079345703125
2006-10-04,93.83575439453125
2006-10-05,94.01658630371094
2006-10-06,93.89836120605469
2006-10-09,93.9540023803711
2006-10-10,94.07915496826172
2006-10-11,93.96794128417969
2006-10-12,94.7816162109375
2006-10-13,95.02506256103516
2006-10-16,95.17108917236328
2006-10-17,94.87205505371094
2006-10-18,94.99720764160156
2006-10-19,95.15023040771484
2006-10-20,95.17108917236328
2006-10-23,95.60929107666016
2006-10-24,95.89439392089844
2006-10-25,96.22125244140625
2006-10-26,96.52037811279297
2006-10-27,95.91527557373047
2006-10-30,95.84568786621094
2006-10-31,95.8318099975586
2006-11-01,95.18497467041016
2006-11-02,95.1293716430664
2006-11-03,94.9624252319336
2006-11-06,96.03350830078125
2006-11-07,96.40213775634766
2006-11-08,96.61077880859375
2006-11-09,96.10307312011719
2006-11-10,96.144775390625
2006-11-13,96.38126373291016
2006-11-14,97.10457611083984
2006-11-15,97.3827896118164
2006-11-16,97.63314819335938
2006-11-17,97.66097259521484
2006-11-20,97.71660614013672
2006-11-21,97.81395721435547
2006-11-22,98.00869750976562
2006-11-24,97.61227416992188
2006-11-27,96.26996612548828
2006-11-28,96.68728637695312
2006-11-29,97.69573974609375
2006-11-30,97.73751068115234
2006-12-01,97.5218734741211
2006-12-04,98.26605987548828
2006-12-05,98.6902847290039
2006-12-06,98.6068344116211
2006-12-07,98.17566680908203
2006-12-08,98.35643768310547
2006-12-11,98.6415786743164
2006-12-12,98.56510925292969
2006-12-13,98.66940307617188
2006-12-14,99.538818359375
2006-12-15,99.5478744506836
2006-12-18,99.27511596679688
2006-12-19,99.46392822265625
2006-12-20,99.40800476074219
2006-12-21,99.0443344116211
2006-12-22,98.4359130859375
2006-12-26,99.0163803100586
2006-12-27,99.66678619384766
2006-12-28,99.45692443847656
2006-12-29,99.0443344116211
2007-01-03,98.86946105957031
2007-01-04,99.07929229736328
2007-01-05,98.28900146484375
2007-01-08,98.74362182617188
2007-01-09,98.6596908569336
2007-01-10,98.98838806152344
2007-01-11,99.4219741821289
2007-01-12,100.17727661132812
2007-01-16,99.98149871826172
2007-01-17,100.02348327636719
2007-01-18,99.687744140625
2007-01-19,99.88359069824219
2007-01-22,99.57588958740234
2007-01-23,99.86958312988281
2007-01-24,100.6738510131836
2007-01-25,99.49190521240234
2007-01-26,99.40105438232422
2007-01-29,99.34507751464844
2007-01-30,99.86256408691406
2007-01-31,100.53398132324219
2007-02-01,101.13542175292969
2007-02-02,101.27532196044922
2007-02-05,101.30327606201172
2007-02-06,101.33124542236328
2007-02-07,101.55508422851562
2007-02-08,101.42215728759766
2007-02-09,100.66688537597656
2007-02-12,100.32414245605469
2007-02-13,101.17042541503906
2007-02-14,101.83477020263672
2007-02-15,101.96768951416016
2007-02-16,101.91875457763672
2007-02-20,102.13549041748047
2007-02-21,102.09355163574219
2007-02-22,102.01660919189453
2007-02-23,101.61802673339844
2007-02-26,101.52709197998047
2007-02-27,97.56170654296875
2007-02-28,98.561767578125
2007-03-01,98.26807403564453
2007-03-02,96.98118591308594
2007-03-05,96.05809020996094
2007-03-06,97.70157623291016
2007-03-07,97.60365295410156
2007-03-08,98.42887878417969
2007-03-09,98.45690155029297
2007-03-12,98.603759765625
2007-03-13,96.6874771118164
2007-03-14,97.40782928466797
2007-03-15,97.54071044921875
2007-03-16,97.26754760742188
2007-03-19,98.44014739990234
2007-03-20,98.98081970214844
2007-03-21,100.6097183227539
2007-03-22,100.53252410888672
2007-03-23,100.67998504638672
2007-03-26,100.54653930664062
2007-03-27,100.30780029296875
2007-03-28,99.57762908935547
2007-03-29,99.68292999267578
2007-03-30,99.70398712158203
2007-04-02,99.8163070678711
2007-04-03,100.89061737060547
2007-04-04,101.0029296875
2007-04-05,101.27676391601562
2007-04-09,101.41722869873047
2007-04-10,101.53654479980469
2007-04-11,101.1223373413086
2007-04-12,101.57170104980469
2007-04-13,102.03507232666016
2007-04-16,103.00405883789062
2007-04-17,103.27788543701172
2007-04-18,103.40428924560547
2007-04-19,103.37617492675781
2007-04-20,104.35213470458984
2007-04-23,103.9589614868164
2007-04-24,104.00108337402344
2007-04-25,104.95603942871094
2007-04-26,105.07533264160156
2007-04-27,104.99113464355469
2007-04-30,104.12049102783203
2007-05-01,104.38731384277344
2007-05-02,104.99815368652344
2007-05-03,105.56684112548828
2007-05-04,105.96710968017578
2007-05-07,105.9881820678711
2007-05-08,105.84770965576172
2007-05-09,106.13558197021484
2007-05-10,105.02620697021484
2007-05-11,105.92493438720703
2007-05-14,105.69329833984375
2007-05-15,105.7213363647461
2007-05-16,106.44454956054688
2007-05-17,106.23392486572266
2007-05-18,107.16072845458984
2007-05-21,107.1045913696289
2007-05-22,107.02025604248047
2007-05-23,107.0343246459961
2007-05-24,106.06542205810547
2007-05-25,106.50773620605469
2007-05-29,106.89391326904297
2007-05-30,107.76457214355469
2007-05-31,107.65222930908203
2007-06-01,108.18584442138672
2007-06-04,108.19992065429688
2007-06-05,107.7716293334961
2007-06-06,106.61302947998047
2007-06-07,104.68920135498047
2007-06-08,106.05132293701172
2007-06-11,106.23392486572266
2007-06-12,105.07533264160156
2007-06-13,106.648193359375
2007-06-14,107.3292465209961
2007-06-15,107.93998718261719
2007-06-18,107.8129653930664
2007-06-19,108.0809326171875
2007-06-20,106.5789566040039
2007-06-21,107.17131805419922
2007-06-22,106.16288757324219
2007-06-25,105.65518188476562
2007-06-26,104.56925201416016
2007-06-27,106.05715942382812
2007-06-28,106.04305267333984
2007-06-29,106.07827758789062
2007-07-02,107.03726196289062
2007-07-03,107.42513275146484
2007-07-05,107.31230926513672
2007-07-06,107.87647247314453
2007-07-09,107.96107482910156
2007-07-10,106.4238052368164
2007-07-11,107.1783676147461
2007-07-12,108.87073516845703
2007-07-13,109.19514465332031
2007-07-16,109.18103790283203
2007-07-17,109.12457275390625
2007-07-18,108.92710876464844
2007-07-19,109.35023498535156
2007-07-20,108.24311828613281
2007-07-23,108.57460021972656
2007-07-24,106.69181060791016
2007-07-25,106.91036987304688
2007-07-26,104.37883758544922
2007-07-27,102.32681274414062
2007-07-30,103.92745971679688
2007-07-31,102.75695037841797
2007-08-01,103.25759887695312
2007-08-02,104.08267974853516
2007-08-03,101.40301513671875
2007-08-06,103.10248565673828
2007-08-07,104.20256805419922
2007-08-08,105.65518188476562
2007-08-09,102.52424621582031
2007-08-10,102.0447006225586
2007-08-13,102.41139221191406
2007-08-14,100.84593200683594
2007-08-15,99.45673370361328
2007-08-16,100.2042465209961
2007-08-17,102.0447006225586
2007-08-20,101.99539184570312
2007-08-21,102.1998291015625
2007-08-22,103.41273498535156
2007-08-23,103.32107543945312
2007-08-24,104.59742736816406
2007-08-27,103.62429809570312
2007-08-28,101.34657287597656
2007-08-29,103.33518981933594
2007-08-30,103.06019592285156
2007-08-31,104.07556915283203
2007-09-04,105.12628936767578
2007-09-05,104.21662139892578
2007-09-06,104.45638275146484
2007-09-07,103.00373077392578
2007-09-10,102.80628967285156
2007-09-11,104.00509643554688
2007-09-12,104.2730484008789
2007-09-13,105.00642395019531
2007-09-14,104.99938201904297
2007-09-17,104.43523406982422
2007-09-18,107.50981140136719
2007-09-19,108.1444320678711
2007-09-20,107.38280487060547
2007-09-21,107.67264556884766
2007-09-24,107.47425079345703
2007-09-25,107.26171112060547
2007-09-26,107.8284912109375
2007-09-27,108.46611785888672
2007-09-28,108.10480499267578
2007-10-01,109.32344055175781
2007-10-02,109.17471313476562
2007-10-03,108.95502471923828
2007-10-04,109.12508392333984
2007-10-05,110.42163848876953
2007-10-08,109.83361053466797
2007-10-09,110.86797332763672
2007-10-10,110.68379211425781
2007-10-11,110.15245056152344
2007-10-12,110.76172637939453
2007-10-15,109.82646942138672
2007-10-16,108.95502471923828
2007-10-17,109.2880859375
2007-10-18,108.89130401611328
2007-10-19,106.0430908203125
2007-10-22,106.65947723388672
2007-10-23,107.5238265991211
2007-10-24,107.325439453125
2007-10-25,107.58052062988281
2007-10-26,108.84164428710938
2007-10-29,109.2030258178711
2007-10-30,108.44485473632812
2007-10-31,109.5714340209961
2007-11-01,107.00659942626953
2007-11-02,107.1270523071289
2007-11-05,106.312255859375
2007-11-06,107.74344635009766
2007-11-07,104.79605102539062
2007-11-08,104.26469421386719
2007-11-09,102.83350372314453
2007-11-12,101.81321716308594
2007-11-13,104.91651916503906
2007-11-14,104.62601470947266
2007-11-15,103.11685180664062
2007-11-16,103.29402160644531
2007-11-19,101.85575866699219
2007-11-20,102.47929382324219
2007-11-21,100.38201904296875
2007-11-23,102.11788940429688
2007-11-26,99.86483001708984
2007-11-27,101.0125961303711
2007-11-28,104.24341583251953
2007-11-29,104.2788314819336
2007-11-30,105.32744598388672
2007-12-03,104.6330795288086
2007-12-04,103.6978988647461
2007-12-05,105.43370056152344
2007-12-06,106.94287109375
2007-12-07,106.92159271240234
2007-12-10,107.75057983398438
2007-12-11,104.79605102539062
2007-12-12,105.83052825927734
2007-12-13,105.61085510253906
2007-12-14,104.27174377441406
2007-12-17,102.78386688232422
2007-12-18,103.35781860351562
2007-12-19,103.35781860351562
2007-12-20,104.00961303710938
2007-12-21,105.50894927978516
2007-12-24,106.29243469238281
2007-12-26,106.5203857421875
2007-12-27,105.1812744140625
2007-12-28,104.91780090332031
2007-12-31,104.14141082763672
2008-01-02,103.22966003417969
2008-01-03,103.17977142333984
2008-01-04,100.65121459960938
2008-01-07,100.56576538085938
2008-01-08,98.94181823730469
2008-01-09,99.98170471191406
2008-01-10,100.63700103759766
2008-01-11,99.82500457763672
2008-01-14,100.6298599243164
2008-01-15,98.41471099853516
2008-01-16,97.56708526611328
2008-01-17,95.03854370117188
2008-01-18,94.06273651123047
2008-01-22,93.1082992553711
2008-01-23,95.34481048583984
2008-01-24,96.14966583251953
2008-01-25,94.76074981689453
2008-01-28,96.3277359008789
2008-01-29,96.8049545288086
2008-01-30,96.09269714355469
2008-01-31,97.84490203857422
2008-02-01,99.41901397705078
2008-02-04,98.1654052734375
2008-02-05,95.537109375
2008-02-06,94.7678451538086
2008-02-07,95.39466094970703
2008-02-08,94.78214263916016
2008-02-11,95.26644134521484
2008-02-12,96.14966583251953
2008-02-13,97.13261413574219
2008-02-14,96.27789306640625
2008-02-15,96.25653839111328
2008-02-19,96.52721405029297
2008-02-20,96.81208801269531
2008-02-21,96.0072250366211
2008-02-22,96.59842681884766
2008-02-25,97.81642150878906
2008-02-26,98.55005645751953
2008-02-27,98.45030975341797
2008-02-28,97.48877716064453
2008-02-29,95.31632995605469
2008-03-03,95.08840942382812
2008-03-04,94.72513580322266
2008-03-05,95.32347106933594
2008-03-06,93.3504409790039
2008-03-07,92.38887023925781
2008-03-10,91.17091369628906
2008-03-11,94.4473648071289
2008-03-12,93.56414031982422
2008-03-13,93.77068328857422
2008-03-14,92.31768798828125
2008-03-17,91.38456726074219
2008-03-18,95.18099212646484
2008-03-19,92.82335662841797
2008-03-20,94.54273223876953
2008-03-24,96.4323959350586
2008-03-25,96.52548217773438
2008-03-26,95.34441375732422
2008-03-27,95.04376220703125
2008-03-28,94.13467407226562
2008-03-31,94.46399688720703
2008-04-01,97.78529357910156
2008-04-02,97.8497314453125
2008-04-03,98.09310913085938
2008-04-04,97.98573303222656
2008-04-07,98.03582000732422
2008-04-08,97.93559265136719
2008-04-09,97.22698974609375
2008-04-10,97.36297607421875
2008-04-11,95.4732437133789
2008-04-14,95.1511459350586
2008-04-15,95.373046875
2008-04-16,97.95709991455078
2008-04-17,98.1002426147461
2008-04-18,99.12381744384766
2008-04-21,99.17396545410156
2008-04-22,98.73729705810547
2008-04-23,98.579833984375
2008-04-24,99.0093002319336
2008-04-25,99.92554473876953
2008-04-28,99.94697570800781
2008-04-29,99.55330657958984
2008-04-30,98.96637725830078
2008-05-01,101.01354217529297
2008-05-02,101.2927017211914
2008-05-05,100.80597686767578
2008-05-06,101.67925262451172
2008-05-07,99.8683090209961
2008-05-08,99.61058044433594
2008-05-09,99.42444610595703
2008-05-12,100.54117584228516
2008-05-13,100.55540466308594
2008-05-14,100.76300048828125
2008-05-15,102.02279663085938
2008-05-16,102.11585998535156
2008-05-19,102.39498901367188
2008-05-20,101.56468200683594
2008-05-21,99.84680938720703
2008-05-22,99.86109161376953
2008-05-23,98.52257537841797
2008-05-27,99.25267028808594
2008-05-28,99.71080780029297
2008-05-29,100.21185302734375
2008-05-30,100.46237182617188
2008-06-02,99.42444610595703
2008-06-03,98.84467315673828
2008-06-04,98.7945556640625
2008-06-05,100.77013397216797
2008-06-06,97.55622863769531
2008-06-09,97.79248046875
2008-06-10,97.30570220947266
2008-06-11,95.87410736083984
2008-06-12,96.23914337158203
2008-06-13,97.45600128173828
2008-06-16,97.51327514648438
2008-06-17,97.04085540771484
2008-06-18,96.09598541259766
2008-06-19,96.2176513671875
2008-06-20,94.65593719482422
2008-06-23,94.5624008178711
2008-06-24,94.3753433227539
2008-06-25,94.82138061523438
2008-06-26,92.2459716796875
2008-06-27,91.74243927001953
2008-06-30,92.066162109375
2008-07-01,92.35391235351562
2008-07-02,90.77127838134766
2008-07-03,90.86479187011719
2008-07-07,89.93678283691406
2008-07-08,91.5338134765625
2008-07-09,89.77131652832031
2008-07-10,90.13822174072266
2008-07-11,89.08789825439453
2008-07-14,88.28223419189453
2008-07-15,87.03770446777344
2008-07-16,89.17427062988281
2008-07-17,90.06627655029297
2008-07-18,90.62742614746094
2008-07-21,90.67774200439453
2008-07-22,91.70646667480469
2008-07-23,92.20282745361328
2008-07-24,90.28929138183594
2008-07-25,90.26771545410156
2008-07-28,88.9440689086914
2008-07-29,90.84321594238281
2008-07-30,92.46182250976562
2008-07-31,91.23888397216797
2008-08-01,90.75685119628906
2008-08-04,89.91520690917969
2008-08-05,92.33952331542969
2008-08-06,92.74955749511719
2008-08-07,91.3683090209961
2008-08-08,93.06607055664062
2008-08-11,94.03007507324219
2008-08-12,93.05171203613281
2008-08-13,92.4906005859375
2008-08-14,93.18840789794922
2008-08-15,93.6415786743164
2008-08-18,92.36107635498047
2008-08-19,91.35398864746094
2008-08-20,91.77842712402344
2008-08-21,91.93669891357422
2008-08-22,93.26750183105469
2008-08-25,91.37553405761719
2008-08-26,91.6417236328125
2008-08-27,92.53373718261719
2008-08-28,93.656005859375
2008-08-29,92.6488265991211
2008-09-02,92.0733413696289
2008-09-03,91.99420928955078
2008-09-04,89.22459411621094
2008-09-05,89.50517272949219
2008-09-08,91.35398864746094
2008-09-09,88.64190673828125
2008-09-10,89.00159454345703
2008-09-11,90.28929138183594
2008-09-12,90.70652770996094
2008-09-15,86.39026641845703
2008-09-16,87.83619689941406
2008-09-17,83.8868179321289
2008-09-18,86.37589263916016
2008-09-19,89.80616760253906
2008-09-22,87.77301025390625
2008-09-23,85.77605438232422
2008-09-24,86.05098724365234
2008-09-25,87.39676666259766
2008-09-26,87.440185546875
2008-09-29,80.58822631835938
2008-09-30,83.92378997802734
2008-10-01,83.97440338134766
2008-10-02,80.92831420898438
2008-10-03,79.83575439453125
2008-10-06,75.76947021484375
2008-10-07,72.37602233886719
2008-10-08,70.55267333984375
2008-10-09,65.62535095214844
2008-10-10,64.03355407714844
2008-10-13,73.33111572265625
2008-10-14,72.24577331542969
2008-10-15,65.13334655761719
2008-10-16,67.84661865234375
2008-10-17,67.44146728515625
2008-10-20,71.49329376220703
2008-10-21,69.35885620117188
2008-10-22,65.58197021484375
2008-10-23,66.34172058105469
2008-10-24,62.97718811035156
2008-10-27,60.74146270751953
2008-10-28,67.83942413330078
2008-10-29,67.34740447998047
2008-10-30,69.67725372314453
2008-10-31,70.06066131591797
2008-11-03,70.26329803466797
2008-11-04,72.6509780883789
2008-11-05,69.59760284423828
2008-11-06,65.74111938476562
2008-11-07,67.9117660522461
2008-11-10,67.02181243896484
2008-11-11,64.95248413085938
2008-11-12,62.094486236572266
2008-11-13,65.96541595458984
2008-11-14,62.67332458496094
2008-11-17,61.84123992919922
2008-11-18,63.00613021850586
2008-11-19,58.96877670288086
2008-11-20,54.59130859375
2008-11-21,57.536136627197266
2008-11-24,61.52287292480469
2008-11-25,61.978702545166016
2008-11-26,64.37364959716797
2008-11-28,65.18402099609375
2008-12-01,59.4101448059082
2008-12-02,61.69651412963867
2008-12-03,63.17977523803711
2008-12-04,61.7182502746582
2008-12-05,63.62114715576172
2008-12-08,65.84241485595703
2008-12-09,64.75713348388672
2008-12-10,65.19847106933594
2008-12-11,63.628379821777344
2008-12-12,64.38809204101562
2008-12-15,63.49087905883789
2008-12-16,66.47916412353516
2008-12-17,65.8351821899414
2008-12-18,64.60516357421875
2008-12-19,64.3272933959961
2008-12-22,63.503013610839844
2008-12-23,62.8465576171875
2008-12-24,63.21125030517578
2008-12-26,63.575927734375
2008-12-29,63.39360427856445
2008-12-30,64.89622497558594
2008-12-31,65.82257843017578
2009-01-02,67.80656433105469
2009-01-05,67.72636413574219
2009-01-06,68.1785659790039
2009-01-07,66.13621520996094
2009-01-08,66.40607452392578
2009-01-09,64.98373413085938
2009-01-12,63.422794342041016
2009-01-13,63.53946304321289
2009-01-14,61.54087448120117
2009-01-15,61.56276321411133
2009-01-16,62.04417419433594
2009-01-20,58.76910400390625
2009-01-21,61.3074836730957
2009-01-22,60.35923385620117
2009-01-23,60.6218376159668
2009-01-26,61.03758239746094
2009-01-27,61.657588958740234
2009-01-28,63.743743896484375
2009-01-29,61.67219161987305
2009-01-30,60.41757583618164
2009-02-02,60.235260009765625
2009-02-03,61.08136749267578
2009-02-04,60.78230667114258
2009-02-05,61.68675994873047
2009-02-06,63.4446907043457
2009-02-09,63.5322151184082
2009-02-10,60.6218376159668
2009-02-11,60.97923278808594
2009-02-12,61.02299499511719
2009-02-13,60.366519927978516
2009-02-17,57.78438949584961
2009-02-18,57.64579391479492
2009-02-19,57.02580642700195
2009-02-20,56.471431732177734
2009-02-23,54.45094299316406
2009-02-24,56.515228271484375
2009-02-25,56.07027816772461
2009-02-26,55.15848922729492
2009-02-27,53.92576217651367
2009-03-02,51.496826171875
2009-03-03,51.1102294921875
2009-03-04,52.321048736572266
2009-03-05,50.18386459350586
2009-03-06,50.271385192871094
2009-03-09,49.68058395385742
2009-03-10,52.64201736450195
2009-03-11,52.98484420776367
2009-03-12,55.07095718383789
2009-03-13,55.50130844116211
2009-03-16,55.33354949951172
2009-03-17,57.02580642700195
2009-03-18,58.30229949951172
2009-03-19,57.58014678955078
2009-03-20,56.354042053222656
2009-03-23,60.40190124511719
2009-03-24,59.211753845214844
2009-03-25,59.83623123168945
2009-03-26,61.05574035644531
2009-03-27,59.95376205444336
2009-03-30,57.882076263427734
2009-03-31,58.41836166381836
2009-04-01,59.549720764160156
2009-04-02,61.290794372558594
2009-04-03,61.900569915771484
2009-04-06,61.41569900512695
2009-04-07,59.983158111572266
2009-04-08,60.62965774536133
2009-04-09,63.03924560546875
2009-04-13,63.05393981933594
2009-04-14,61.966670989990234
2009-04-15,62.62784957885742
2009-04-16,63.546138763427734
2009-04-17,63.97224807739258
2009-04-20,61.290794372558594
2009-04-21,62.4882698059082
2009-04-22,62.10624313354492
2009-04-23,62.71598434448242
2009-04-24,63.663673400878906
2009-04-27,63.06129455566406
2009-04-28,62.862945556640625
2009-04-29,64.19998931884766
2009-04-30,64.22201538085938
2009-05-01,64.56729125976562
2009-05-04,66.76384735107422
2009-05-05,66.53612518310547
2009-05-06,67.68949890136719
2009-05-07,66.74915313720703
2009-05-08,68.30658721923828
2009-05-11,67.0282974243164
2009-05-12,66.82998657226562
2009-05-13,65.14767456054688
2009-05-14,65.7059555053711
2009-05-15,65.16969299316406
2009-05-18,67.02099609375
2009-05-19,66.94017028808594
2009-05-20,66.49202728271484
2009-05-21,65.53697967529297
2009-05-22,65.39741516113281
2009-05-26,67.07242584228516
2009-05-27,65.87494659423828
2009-05-28,66.7932357788086
2009-05-29,67.97602844238281
2009-06-01,69.62156677246094
2009-06-02,69.68036651611328
2009-06-03,68.79879760742188
2009-06-04,69.44529724121094
2009-06-05,69.45997619628906
2009-06-08,69.17345428466797
2009-06-09,69.52611541748047
2009-06-10,69.34977722167969
2009-06-11,69.6583251953125
2009-06-12,69.84931182861328
2009-06-15,68.24784088134766
2009-06-16,67.32215881347656
2009-06-17,67.25604248046875
2009-06-18,67.748291015625
2009-06-19,67.99801635742188
2009-06-22,65.95895385742188
2009-06-23,66.01063537597656
2009-06-24,66.57952117919922
2009-06-25,68.02755737304688
2009-06-26,67.85022735595703
2009-06-29,68.48558807373047
2009-06-30,67.9314956665039
2009-07-01,68.21222686767578
2009-07-02,66.35049438476562
2009-07-06,66.34310150146484
2009-07-07,65.05760955810547
2009-07-08,65.01332092285156
2009-07-09,65.13888549804688
2009-07-10,64.98374938964844
2009-07-13,66.56475830078125
2009-07-14,66.94153594970703
2009-07-15,68.89930725097656
2009-07-16,68.78848266601562
2009-07-17,69.54204559326172
2009-07-20,70.28083038330078
2009-07-21,70.60588836669922
2009-07-22,70.59112548828125
2009-07-23,72.14998626708984
2009-07-24,72.44548797607422
2009-07-27,72.65971374511719
2009-07-28,72.31987762451172
2009-07-29,72.14258575439453
2009-07-30,72.89617156982422
2009-07-31,72.99958038330078
2009-08-03,74.20381927490234
2009-08-04,74.3958969116211
2009-08-05,74.18164825439453
2009-08-06,73.7975082397461
2009-08-07,74.7652587890625
2009-08-10,74.61011505126953
2009-08-11,73.6792984008789
2009-08-12,74.4697494506836
2009-08-13,75.03865814208984
2009-08-14,74.46236419677734
2009-08-17,72.63020324707031
2009-08-18,73.2064208984375
2009-08-19,73.84918212890625
2009-08-20,74.61011505126953
2009-08-21,76.07295227050781
2009-08-24,76.0655517578125
2009-08-25,76.21329498291016
2009-08-26,76.22068786621094
2009-08-27,76.39060974121094
2009-08-28,76.3758316040039
2009-08-31,75.6961441040039
2009-09-01,74.02652740478516
2009-09-02,73.74574279785156
2009-09-03,74.35894775390625
2009-09-04,75.40064239501953
2009-09-08,76.05075073242188
2009-09-09,76.63440704345703
2009-09-10,77.41748809814453
2009-09-11,77.40275573730469
2009-09-14,77.77950286865234
2009-09-15,78.1046142578125
2009-09-16,79.28667449951172
2009-09-17,79.16847229003906
2009-09-18,79.21891784667969
2009-09-21,79.01850891113281
2009-09-22,79.478759765625
2009-09-23,78.8180923461914
2009-09-24,77.94957733154297
2009-09-25,77.53385925292969
2009-09-28,78.92200469970703
2009-09-29,78.68444061279297
2009-09-30,78.380126953125
2009-10-01,76.4352798461914
2009-10-02,76.0789566040039
2009-10-05,77.21468353271484
2009-10-06,78.32075500488281
2009-10-07,78.53601837158203
2009-10-08,79.13726043701172
2009-10-09,79.61978912353516
2009-10-12,79.93154907226562
2009-10-13,79.76821899414062
2009-10-14,81.14149475097656
2009-10-15,81.43841552734375
2009-10-16,80.82972717285156
2009-10-19,81.497802734375
2009-10-20,81.06729125976562
2009-10-21,80.33981323242188
2009-10-22,81.15634155273438
2009-10-23,80.22847747802734
2009-10-26,79.3599853515625
2009-10-27,78.99625396728516
2009-10-28,77.50421142578125
2009-10-29,79.16698455810547
2009-10-30,76.87321472167969
2009-11-02,77.4373779296875
2009-11-03,77.68234252929688
2009-11-04,77.88277435302734
2009-11-05,79.3154067993164
2009-11-06,79.52325439453125
2009-11-09,81.33448791503906
2009-11-10,81.34933471679688
2009-11-11,81.76504516601562
2009-11-12,80.93365478515625
2009-11-13,81.37159729003906
2009-11-16,82.5519027709961
2009-11-17,82.6484146118164
2009-11-18,82.59642791748047
2009-11-19,81.52009582519531
2009-11-20,81.23057556152344
2009-11-23,82.26239013671875
2009-11-24,82.38858032226562
2009-11-25,82.67807006835938
2009-11-27,81.33448791503906
2009-11-30,81.609130859375
2009-12-01,82.61866760253906
2009-12-02,82.58159637451172
2009-12-03,81.93577575683594
2009-12-04,82.4034194946289
2009-12-07,82.27722930908203
2009-12-08,81.36420440673828
2009-12-09,81.66853332519531
2009-12-10,82.12875366210938
2009-12-11,82.47766876220703
2009-12-14,83.04180145263672
2009-12-15,82.65581512451172
2009-12-16,82.78201293945312
2009-12-17,81.78731536865234
2009-12-18,82.25
2009-12-21,83.08586120605469
2009-12-22,83.3843994140625
2009-12-23,83.5485610961914
2009-12-24,83.94412231445312
2009-12-28,84.12323760986328
2009-12-29,84.00382232666016
2009-12-30,83.97396850585938
2009-12-31,83.16796875
2010-01-04,84.5784683227539
2010-01-05,84.80237579345703
2010-01-06,84.86204528808594
2010-01-07,85.22029876708984
2010-01-08,85.50383758544922
2010-01-11,85.62330627441406
2010-01-12,84.82478332519531
2010-01-13,85.54120635986328
2010-01-14,85.77259063720703
2010-01-15,84.80985260009766
2010-01-19,85.86957550048828
2010-01-20,84.99642944335938
2010-01-21,83.36203002929688
2010-01-22,81.50370025634766
2010-01-25,81.921630859375
2010-01-26,81.57833099365234
2010-01-27,81.96642303466797
2010-01-28,81.02608489990234
2010-01-29,80.14546966552734
2010-02-01,81.39179992675781
2010-02-02,82.37688446044922
2010-02-03,81.96642303466797
2010-02-04,79.43647766113281
2010-02-05,79.60065460205078
2010-02-08,79.0260009765625
2010-02-09,80.01856231689453
2010-02-10,79.86185455322266
2010-02-11,80.69767761230469
2010-02-12,80.63055419921875
2010-02-16,81.89923858642578
2010-02-17,82.28733825683594
2010-02-18,82.77244567871094
2010-02-19,82.94406127929688
2010-02-22,82.9590072631836
2010-02-23,81.9515151977539
2010-02-24,82.70524597167969
2010-02-25,82.59329986572266
2010-02-26,82.64556884765625
2010-03-01,83.50379180908203
2010-03-02,83.73514556884766
2010-03-03,83.80978393554688
2010-03-04,84.06352996826172
2010-03-05,85.26509094238281
2010-03-08,85.2800064086914
2010-03-09,85.42178344726562
2010-03-10,85.80239868164062
2010-03-11,86.16065216064453
2010-03-12,86.1680908203125
2010-03-15,86.19046020507812
2010-03-16,86.8770980834961
2010-03-17,87.39202880859375
2010-03-18,87.34727478027344
2010-03-19,86.90515899658203
2010-03-22,87.36978149414062
2010-03-23,87.9842529296875
2010-03-24,87.55706024169922
2010-03-25,87.41471099853516
2010-03-26,87.36224365234375
2010-03-29,87.9167709350586
2010-03-30,87.97674560546875
2010-03-31,87.6769790649414
2010-04-01,88.27648162841797
2010-04-05,88.99591064453125
2010-04-06,89.20572662353516
2010-04-07,88.69611358642578
2010-04-08,89.00335693359375
2010-04-09,89.58785247802734
2010-04-12,89.73027801513672
2010-04-13,89.7977294921875
2010-04-14,90.81687927246094
2010-04-15,90.8918228149414
2010-04-16,89.44551086425781
2010-04-19,89.78271484375
2010-04-20,90.58455657958984
2010-04-21,90.4197006225586
2010-04-22,90.68948364257812
2010-04-23,91.28147888183594
2010-04-26,90.936767578125
2010-04-27,88.78604125976562
2010-04-28,89.46048736572266
2010-04-29,90.56956481933594
2010-04-30,89.03337097167969
2010-05-03,90.18739318847656
2010-05-04,88.0666732788086
2010-05-05,87.5420913696289
2010-05-06,84.63452911376953
2010-05-07,83.37557983398438
2010-05-10,87.04752349853516
2010-05-11,86.80023193359375
2010-05-12,88.01421356201172
2010-05-13,86.92013549804688
2010-05-14,85.34642791748047
2010-05-17,85.39140319824219
2010-05-18,84.22985076904297
2010-05-19,83.7502670288086
2010-05-20,80.587890625
2010-05-21,81.76441955566406
2010-05-24,80.71528625488281
2010-05-25,80.7977294921875
2010-05-26,80.31063842773438
2010-05-27,83.0008773803711
2010-05-28,81.959228515625
2010-06-01,80.58039093017578
2010-06-02,82.67867279052734
2010-06-03,82.96339416503906
2010-06-04,80.04834747314453
2010-06-07,79.05168151855469
2010-06-08,79.8984375
2010-06-09,79.47132110595703
2010-06-10,81.79439544677734
2010-06-11,82.19156646728516
2010-06-14,82.06415557861328
2010-06-15,83.9300765991211
2010-06-16,83.9001235961914
2010-06-17,84.03502655029297
2010-06-18,84.1261215209961
2010-06-21,83.88517761230469
2010-06-22,82.499755859375
2010-06-23,82.2437744140625
2010-06-24,80.88092803955078
2010-06-25,81.21978759765625
2010-06-28,80.96379089355469
2010-06-29,78.46400451660156
2010-06-30,77.71862030029297
2010-07-01,77.37224578857422
2010-07-02,76.95057678222656
2010-07-06,77.45508575439453
2010-07-07,79.89460754394531
2010-07-08,80.68518829345703
2010-07-09,81.28755950927734
2010-07-12,81.34027862548828
2010-07-13,82.56755828857422
2010-07-14,82.55999755859375
2010-07-15,82.58258056640625
2010-07-16,80.30872344970703
2010-07-19,80.78303527832031
2010-07-20,81.6790771484375
2010-07-21,80.617431640625
2010-07-22,82.41693115234375
2010-07-23,83.13223266601562
2010-07-26,83.99813842773438
2010-07-27,83.9906005859375
2010-07-28,83.44847869873047
2010-07-29,83.04190063476562
2010-07-30,83.02682495117188
2010-08-02,84.90166473388672
2010-08-03,84.49505615234375
2010-08-04,85.05974578857422
2010-08-05,84.96941375732422
2010-08-06,84.62303924560547
2010-08-09,85.07485961914062
2010-08-10,84.61553192138672
2010-08-11,82.29651641845703
2010-08-12,81.79203033447266
2010-08-13,81.5510482788086
2010-08-16,81.513427734375
2010-08-17,82.51485443115234
2010-08-18,82.6654281616211
2010-08-19,81.2273178100586
2010-08-20,80.96379089355469
2010-08-23,80.65509033203125
2010-08-24,79.45784759521484
2010-08-25,79.7666244506836
2010-08-26,79.23202514648438
2010-08-27,80.45930480957031
2010-08-30,79.29224395751953
2010-08-31,79.29224395751953
2010-09-01,81.66403198242188
2010-09-02,82.4244613647461
2010-09-03,83.49369049072266
2010-09-07,82.5524673461914
2010-09-08,83.13223266601562
2010-09-09,83.51627349853516
2010-09-10,83.93789672851562
2010-09-13,84.87155151367188
2010-09-14,84.81884002685547
2010-09-15,85.14258575439453
2010-09-16,85.12000274658203
2010-09-17,85.15180206298828
2010-09-20,86.45378112792969
2010-09-21,86.27970123291016
2010-09-22,85.85577392578125
2010-09-23,85.15937805175781
2010-09-24,86.91556549072266
2010-09-27,86.49922180175781
2010-09-28,86.80200958251953
2010-09-29,86.6506118774414
2010-09-30,86.39324951171875
2010-10-01,86.75659942626953
2010-10-04,86.1055908203125
2010-10-05,87.8390884399414
2010-10-06,87.83151245117188
2010-10-07,87.72550201416016
2010-10-08,88.21753692626953
2010-10-11,88.3008041381836
2010-10-12,88.57331085205078
2010-10-13,89.26217651367188
2010-10-14,88.91395568847656
2010-10-15,89.09562683105469
2010-10-18,89.53466033935547
2010-10-19,88.36137390136719
2010-10-20,89.22431182861328
2010-10-21,89.421142578125
2010-10-22,89.587646484375
2010-10-25,89.85261535644531
2010-10-26,89.86772155761719
2010-10-27,89.61036682128906
2010-10-28,89.62548828125
2010-10-29,89.69366455078125
2010-11-01,89.72390747070312
2010-11-02,90.43547058105469
2010-11-03,90.79884338378906
2010-11-04,92.54741668701172
2010-11-05,92.89559936523438
2010-11-08,92.72154998779297
2010-11-09,92.0553970336914
2010-11-10,92.4262924194336
2010-11-11,92.07807159423828
2010-11-12,90.98805236816406
2010-11-15,90.859375
2010-11-16,89.4438247680664
2010-11-17,89.48922729492188
2010-11-18,90.80635833740234
2010-11-19,91.05621337890625
2010-11-22,90.98047637939453
2010-11-23,89.66336059570312
2010-11-24,90.98805236816406
2010-11-26,89.92829895019531
2010-11-29,90.20083618164062
2010-11-30,89.69366455078125
2010-12-01,91.6012191772461
2010-12-02,92.77452087402344
2010-12-03,93.02430725097656
2010-12-06,92.92589569091797
2010-12-07,92.97889709472656
2010-12-08,93.31957244873047
2010-12-09,93.68285369873047
2010-12-10,94.2279052734375
2010-12-13,94.28846740722656
2010-12-14,94.37171173095703
2010-12-15,93.94029235839844
2010-12-16,94.48526000976562
2010-12-17,94.58647155761719
2010-12-20,94.81474304199219
2010-12-21,95.41593170166016
2010-12-22,95.71269226074219
2010-12-23,95.57569885253906
2010-12-27,95.61378479003906
2010-12-28,95.75074005126953
2010-12-29,95.81922149658203
2010-12-30,95.66703033447266
2010-12-31,95.68987274169922
2011-01-03,96.67908477783203
2011-01-04,96.62584686279297
2011-01-05,97.12805938720703
2011-01-06,96.93781280517578
2011-01-07,96.74758911132812
2011-01-10,96.62584686279297
2011-01-11,96.96824645996094
2011-01-12,97.84336853027344
2011-01-13,97.68355560302734
2011-01-14,98.39124298095703
2011-01-18,98.55864715576172
2011-01-19,97.59225463867188
2011-01-20,97.46288299560547
2011-01-21,97.68355560302734
2011-01-24,98.23905181884766
2011-01-25,98.29232025146484
2011-01-26,98.67279815673828
2011-01-27,98.91631317138672
2011-01-28,97.18893432617188
2011-01-31,97.9194564819336
2011-02-01,99.48704528808594
2011-02-02,99.29679107666016
2011-02-03,99.51747131347656
2011-02-04,99.79901885986328
2011-02-07,100.42296600341797
2011-02-08,100.87960052490234
2011-02-09,100.6512680053711
2011-02-10,100.6893310546875
2011-02-11,101.29045104980469
2011-02-14,101.53396606445312
2011-02-15,101.21437072753906
2011-02-16,101.85358428955078
2011-02-17,102.157958984375
2011-02-18,102.37106323242188
2011-02-22,100.31645202636719
2011-02-23,99.7000732421875
2011-02-24,99.63160705566406
2011-02-25,100.69690704345703
2011-02-28,101.32091522216797
2011-03-01,99.63160705566406
2011-03-02,99.84466552734375
2011-03-03,101.56444549560547
2011-03-04,100.803466796875
2011-03-07,100.01209259033203
2011-03-08,100.8871841430664
2011-03-09,100.74259948730469
2011-03-10,98.8782730102539
2011-03-11,99.56307983398438
2011-03-14,98.96199798583984
2011-03-15,97.8281478881836
2011-03-16,96.0170669555664
2011-03-17,97.28785705566406
2011-03-18,97.6417465209961
2011-03-21,99.15499114990234
2011-03-22,98.81105041503906
2011-03-23,99.09383392333984
2011-03-24,100.04147338867188
2011-03-25,100.34718322753906
2011-03-28,100.10262298583984
2011-03-29,100.77519989013672
2011-03-30,101.47067260742188
2011-03-31,101.33308410644531
2011-04-01,101.76107025146484
2011-04-04,101.84513092041016
2011-04-05,101.82984924316406
2011-04-06,102.1508560180664
2011-04-07,101.89103698730469
2011-04-08,101.53947448730469
2011-04-11,101.23371887207031
2011-04-12,100.47711181640625
2011-04-13,100.4695053100586
2011-04-14,100.5458984375
2011-04-15,100.91275024414062
2011-04-18,99.7816162109375
2011-04-19,100.35482025146484
2011-04-20,101.7228775024414
2011-04-21,102.2425537109375
2011-04-25,102.13554382324219
2011-04-26,103.01448059082031
2011-04-27,103.68700408935547
2011-04-28,104.02328491210938
2011-04-29,104.2678451538086
2011-05-02,104.10736846923828
2011-05-03,103.73284912109375
2011-05-04,103.04505920410156
2011-05-05,102.11261749267578
2011-05-06,102.56352233886719
2011-05-09,102.96094512939453
2011-05-10,103.83982849121094
2011-05-11,102.74700927734375
2011-05-12,103.23607635498047
2011-05-13,102.4412612915039
2011-05-16,101.79164123535156
2011-05-17,101.77635955810547
2011-05-18,102.68583679199219
2011-05-19,102.93038940429688
2011-05-20,102.11261749267578
2011-05-23,100.92800903320312
2011-05-24,100.84396362304688
2011-05-25,101.18022155761719
2011-05-26,101.64641571044922
2011-05-27,102.03619384765625
2011-05-31,103.09849548339844
2011-06-01,100.78279876708984
2011-06-02,100.6758041381836
2011-06-03,99.67463684082031
2011-06-06,98.61994934082031
2011-06-07,98.55882263183594
2011-06-08,98.1461410522461
2011-06-09,98.89508056640625
2011-06-10,97.51944732666016
2011-06-13,97.5958480834961
2011-06-14,98.8339614868164
2011-06-15,97.07616424560547
2011-06-16,97.29014587402344
2011-06-17,97.58049011230469
2011-06-20,98.0796890258789
2011-06-21,99.4238052368164
2011-06-22,98.8247299194336
2011-06-23,98.5405502319336
2011-06-24,97.39615631103516
2011-06-27,98.26404571533203
2011-06-28,99.54666900634766
2011-06-29,100.39920806884766
2011-06-30,101.35928344726562
2011-07-01,102.85698699951172
2011-07-05,102.7724838256836
2011-07-06,102.89540100097656
2011-07-07,103.96294403076172
2011-07-08,103.22562408447266
2011-07-11,101.35928344726562
2011-07-12,100.92146301269531
2011-07-13,101.25943756103516
2011-07-14,100.56050109863281
2011-07-15,101.14421081542969
2011-07-18,100.31474304199219
2011-07-19,101.94298553466797
2011-07-20,101.88154602050781
2011-07-21,103.29476165771484
2011-07-22,103.3639144897461
2011-07-25,102.787841796875
2011-07-26,102.40380859375
2011-07-27,100.3070297241211
2011-07-28,100.01519775390625
2011-07-29,99.33165740966797
2011-08-01,98.90921783447266
2011-08-02,96.38230895996094
2011-08-03,96.90459442138672
2011-08-04,92.3654556274414
2011-08-05,92.22718811035156
2011-08-08,86.22106170654297
2011-08-09,90.23026275634766
2011-08-10,86.24408721923828
2011-08-11,90.11505889892578
2011-08-12,90.72181701660156
2011-08-15,92.64193725585938
2011-08-16,91.85083770751953
2011-08-17,91.91227722167969
2011-08-18,87.94913482666016
2011-08-19,86.51289367675781
2011-08-22,86.5820541381836
2011-08-23,89.43150329589844
2011-08-24,90.69110870361328
2011-08-25,89.30863189697266
2011-08-26,90.60662078857422
2011-08-29,93.2103042602539
2011-08-30,93.4560775756836
2011-08-31,93.8708267211914
2011-09-01,92.88770294189453
2011-09-02,90.51444244384766
2011-09-06,89.85389709472656
2011-09-07,92.38847351074219
2011-09-08,91.4284439086914
2011-09-09,89.0320816040039
2011-09-12,89.60814666748047
2011-09-13,90.42994689941406
2011-09-14,91.68184661865234
2011-09-15,93.2640609741211
2011-09-16,93.81604766845703
2011-09-19,92.88190460205078
2011-09-20,92.7738037109375
2011-09-21,90.04085540771484
2011-09-22,87.13033294677734
2011-09-23,87.65533447265625
2011-09-26,89.7397689819336
2011-09-27,90.74339294433594
2011-09-28,88.89054107666016
2011-09-29,89.59309387207031
2011-09-30,87.35424041748047
2011-10-03,84.86833953857422
2011-10-04,86.7288818359375
2011-10-05,88.33470153808594
2011-10-06,89.9327621459961
2011-10-07,89.33058166503906
2011-10-10,92.3183364868164
2011-10-11,92.41097259521484
2011-10-12,93.22159576416016
2011-10-13,93.03631591796875
2011-10-14,94.62664794921875
2011-10-17,92.82015228271484
2011-10-18,94.63436126708984
2011-10-19,93.51493072509766
2011-10-20,93.92411041259766
2011-10-21,95.70748138427734
2011-10-24,96.8809814453125
2011-10-25,94.99723815917969
2011-10-26,95.96227264404297
2011-10-27,99.30513763427734
2011-10-28,99.28195190429688
2011-10-31,96.8886947631836
2011-11-01,94.1866226196289
2011-11-02,95.72293090820312
2011-11-03,97.46770477294922
2011-11-04,96.87322998046875
2011-11-07,97.47544860839844
2011-11-08,98.72608947753906
2011-11-09,95.08216094970703
2011-11-10,95.97770690917969
2011-11-11,97.78422546386719
2011-11-14,96.8578109741211
2011-11-15,97.33647155761719
2011-11-16,95.79241180419922
2011-11-17,94.27153015136719
2011-11-18,94.1711654663086
2011-11-21,92.38006591796875
2011-11-22,92.01721954345703
2011-11-23,89.98682403564453
2011-11-25,89.81696319580078
2011-11-28,92.4186782836914
2011-11-29,92.68121337890625
2011-11-30,96.49495697021484
2011-12-01,96.47949981689453
2011-12-02,96.39458465576172
2011-12-05,97.44457244873047
2011-12-06,97.47544860839844
2011-12-07,97.83828735351562
2011-12-08,95.69203186035156
2011-12-09,97.31330108642578
2011-12-12,95.89277648925781
2011-12-13,94.99723815917969
2011-12-14,93.98590087890625
2011-12-15,94.3255844116211
2011-12-16,94.4654312133789
2011-12-19,93.45543670654297
2011-12-20,96.2834243774414
2011-12-21,96.4698715209961
2011-12-22,97.324462890625
2011-12-23,98.19462585449219
2011-12-27,98.27232360839844
2011-12-28,96.98263549804688
2011-12-29,97.98487854003906
2011-12-30,97.503173828125
2012-01-03,99.05702209472656
2012-01-04,99.21239471435547
2012-01-05,99.47650909423828
2012-01-06,99.22013854980469
2012-01-09,99.46101379394531
2012-01-10,100.3233871459961
2012-01-11,100.37775421142578
2012-01-12,100.61858367919922
2012-01-13,100.09806823730469
2012-01-17,100.48653411865234
2012-01-18,101.59751892089844
2012-01-19,102.13359069824219
2012-01-20,102.51427459716797
2012-01-23,102.2501449584961
2012-01-24,102.13359069824219
2012-01-25,102.98822784423828
2012-01-26,102.45990753173828
2012-01-27,102.4133071899414
2012-01-30,102.06368255615234
2012-01-31,102.02485656738281
2012-02-01,102.91835021972656
2012-02-02,103.0813980102539
2012-02-03,104.52650451660156
2012-02-06,104.45660400390625
2012-02-07,104.7207260131836
2012-02-08,105.0315170288086
2012-02-09,105.16360473632812
2012-02-10,104.38667297363281
2012-02-13,105.16360473632812
2012-02-14,105.0315170288086
2012-02-15,104.54205322265625
2012-02-16,105.69964599609375
2012-02-17,105.9793472290039
2012-02-21,106.02593231201172
2012-02-22,105.6841049194336
2012-02-23,106.15027618408203
2012-02-24,106.38333129882812
2012-02-27,106.56201934814453
2012-02-28,106.87279510498047
2012-02-29,106.45330810546875
2012-03-01,107.00483703613281
2012-03-02,106.67857360839844
2012-03-05,106.24346923828125
2012-03-06,104.68964385986328
2012-03-07,105.41996002197266
2012-03-08,106.46879577636719
2012-03-09,106.88057708740234
2012-03-12,106.88834381103516
2012-03-13,108.81510925292969
2012-03-14,108.69854736328125
2012-03-15,109.32781982421875
2012-03-16,109.47929382324219
2012-03-19,109.90843200683594
2012-03-20,109.58849334716797
2012-03-21,109.40901184082031
2012-03-22,108.6208724975586
2012-03-23,108.97203063964844
2012-03-26,110.50149536132812
2012-03-27,110.15811157226562
2012-03-28,109.6119384765625
2012-03-29,109.42463684082031
2012-03-30,109.87722778320312
2012-04-02,110.68095397949219
2012-04-03,110.22833251953125
2012-04-04,109.13589477539062
2012-04-05,109.08124542236328
2012-04-09,107.8561782836914
2012-04-10,106.04579162597656
2012-04-11,106.9041976928711
2012-04-12,108.30095672607422
2012-04-13,107.013427734375
2012-04-16,106.94317626953125
2012-04-17,108.52728271484375
2012-04-18,108.1605224609375
2012-04-19,107.46598815917969
2012-04-20,107.6455307006836
2012-04-23,106.74028778076172
2012-04-24,107.14607238769531
2012-04-25,108.61312103271484
2012-04-26,109.37000274658203
2012-04-27,109.54953002929688
2012-04-30,109.1436767578125
2012-05-01,109.82256317138672
2012-05-02,109.49486541748047
2012-05-03,108.65992736816406
2012-05-04,106.9041976928711
2012-05-07,106.98219299316406
2012-05-08,106.55305480957031
2012-05-09,105.92098999023438
2012-05-10,106.13945007324219
2012-05-11,105.81953430175781
2012-05-14,104.6490249633789
2012-05-15,104.04817962646484
2012-05-16,103.65023803710938
2012-05-17,102.11298370361328
2012-05-18,101.23906707763672
2012-05-21,102.9791488647461
2012-05-22,103.15863037109375
2012-05-23,103.21324157714844
2012-05-24,103.41615295410156
2012-05-25,103.08063507080078
2012-05-29,104.32909393310547
2012-05-30,102.81529235839844
2012-05-31,102.58900451660156
2012-06-01,100.0061264038086
2012-06-04,99.95932006835938
2012-06-05,100.71622467041016
2012-06-06,102.9791488647461
2012-06-07,103.04159545898438
2012-06-08,103.86093139648438
2012-06-11,102.54216766357422
2012-06-12,103.72045135498047
2012-06-13,103.05717468261719
2012-06-14,104.14967346191406
2012-06-15,105.2148208618164
2012-06-18,105.4188003540039
2012-06-19,106.43841552734375
2012-06-20,106.265869140625
2012-06-21,103.88143157958984
2012-06-22,104.68147277832031
2012-06-25,103.0029296875
2012-06-26,103.52057647705078
2012-06-27,104.4539794921875
2012-06-28,104.15589904785156
2012-06-29,106.75215911865234
2012-07-02,107.07379150390625
2012-07-03,107.77967834472656
2012-07-05,107.29335021972656
2012-07-06,106.27371215820312
2012-07-09,106.14035034179688
2012-07-10,105.2148208618164
2012-07-11,105.23054504394531
2012-07-12,104.72063446044922
2012-07-13,106.4776611328125
2012-07-16,106.2266845703125
2012-07-17,106.95610809326172
2012-07-18,107.74830627441406
2012-07-19,108.0306625366211
2012-07-20,107.04238891601562
2012-07-23,105.95991516113281
2012-07-24,105.05007934570312
2012-07-25,105.07359313964844
2012-07-26,106.80709838867188
2012-07-27,108.77583312988281
2012-07-30,108.77583312988281
2012-07-31,108.0150146484375
2012-08-01,107.92086791992188
2012-08-02,107.17577362060547
2012-08-03,109.3013687133789
2012-08-06,109.51309967041016
2012-08-07,110.06221008300781
2012-08-08,110.195556640625
2012-08-09,110.28966522216797
2012-08-10,110.47006225585938
2012-08-13,110.41513061523438
2012-08-14,110.4308090209961
2012-08-15,110.55635070800781
2012-08-16,111.37208557128906
2012-08-17,111.52112579345703
2012-08-20,111.52894592285156
2012-08-21,111.1916732788086
2012-08-22,111.23876953125
2012-08-23,110.32887268066406
2012-08-24,110.99556732177734
2012-08-27,111.01911926269531
2012-08-28,110.90934753417969
2012-08-29,110.99556732177734
2012-08-30,110.195556640625
2012-08-31,110.72102355957031
2012-09-04,110.61909484863281
2012-09-05,110.52495574951172
2012-09-06,112.76823425292969
2012-09-07,113.20747375488281
2012-09-10,112.56437683105469
2012-09-11,112.87803649902344
2012-09-12,113.25455474853516
2012-09-13,114.98016357421875
2012-09-14,115.49002838134766
2012-09-17,115.09783935546875
2012-09-18,115.00370025634766
2012-09-19,115.06647491455078
2012-09-20,115.07428741455078
2012-09-21,115.0261459350586
2012-09-24,114.85272979736328
2012-09-25,113.63043212890625
2012-09-26,112.99173736572266
2012-09-27,114.05628204345703
2012-09-28,113.5279541015625
2012-10-01,113.82762145996094
2012-10-02,113.94590759277344
2012-10-03,114.41114807128906
2012-10-04,115.23121643066406
2012-10-05,115.23910522460938
2012-10-08,114.84479522705078
2012-10-09,113.70931243896484
2012-10-10,112.98380279541016
2012-10-11,113.04690551757812
2012-10-12,112.67631530761719
2012-10-15,113.61468505859375
2012-10-16,114.7659683227539
2012-10-17,115.28643035888672
2012-10-18,114.98676300048828
2012-10-19,113.07058715820312
2012-10-22,113.08633422851562
2012-10-23,111.51713562011719
2012-10-24,111.20170593261719
2012-10-25,111.52503204345703
2012-10-26,111.46192932128906
2012-10-31,111.46192932128906
2012-11-01,112.62897491455078
2012-11-02,111.62755584716797
2012-11-05,111.8561782836914
2012-11-06,112.73152923583984
2012-11-07,110.1766128540039
2012-11-08,108.851806640625
2012-11-09,108.9464340209961
2012-11-12,109.03323364257812
2012-11-13,108.65469360351562
2012-11-14,107.18797302246094
2012-11-15,107.00659942626953
2012-11-16,107.534912109375
2012-11-19,109.71134185791016
2012-11-20,109.75865936279297
2012-11-21,109.96367645263672
2012-11-23,111.46192932128906
2012-11-26,111.22537231445312
2012-11-27,110.65760803222656
2012-11-28,111.5487289428711
2012-11-29,112.06912231445312
2012-11-30,112.09278869628906
2012-12-03,111.54078674316406
2012-12-04,111.383056640625
2012-12-05,111.5801773071289
2012-12-06,111.95867919921875
2012-12-07,112.2978286743164
2012-12-10,112.3451156616211
2012-12-11,113.1099853515625
2012-12-12,113.1652603149414
2012-12-13,112.47126770019531
2012-12-14,112.05335235595703
2012-12-17,113.37020874023438
2012-12-18,114.63191223144531
2012-12-19,113.78030395507812
2012-12-20,114.4347915649414
2012-12-21,113.39603424072266
2012-12-24,113.04659271240234
2012-12-26,112.57010650634766
2012-12-27,112.41925811767578
2012-12-28,111.20418548583984
2012-12-31,113.09429168701172
2013-01-02,115.99286651611328
2013-01-03,115.73082733154297
2013-01-04,116.23909759521484
2013-01-07,115.92144775390625
2013-01-08,115.58789825439453
2013-01-09,115.88169860839844
2013-01-10,116.80289459228516
2013-01-11,116.79499816894531
2013-01-14,116.71558380126953
2013-01-15,116.79499816894531
2013-01-16,116.77915954589844
2013-01-17,117.53351593017578
2013-01-18,117.7956314086914
2013-01-22,118.43090057373047
2013-01-23,118.62155151367188
2013-01-24,118.6532974243164
2013-01-25,119.3203353881836
2013-01-28,119.17742919921875
2013-01-29,119.64595794677734
2013-01-30,119.17742919921875
2013-01-31,118.88357543945312
2013-02-01,120.10658264160156
2013-02-04,118.75651550292969
2013-02-05,119.9556655883789
2013-02-06,120.04304504394531
2013-02-07,119.88420867919922
2013-02-08,120.55128479003906
2013-02-11,120.5274887084961
2013-02-12,120.72602081298828
2013-02-13,120.82919311523438
2013-02-14,120.94043731689453
2013-02-15,120.7975082397461
2013-02-19,121.7027816772461
2013-02-20,120.18600463867188
2013-02-21,119.45536804199219
2013-02-22,120.62276458740234
2013-02-25,118.32767486572266
2013-02-26,119.13766479492188
2013-02-27,120.63865661621094
2013-02-28,120.40038299560547
2013-03-01,120.7975082397461
2013-03-04,121.44071197509766
2013-03-05,122.5286865234375
2013-03-06,122.69554901123047
2013-03-07,122.91785430908203
2013-03-08,123.44194793701172
2013-03-11,123.91056060791016
2013-03-12,123.63253021240234
2013-03-13,123.8072738647461
2013-03-14,124.46640014648438
2013-03-15,124.30209350585938
2013-03-18,123.61608123779297
2013-03-19,123.32888793945312
2013-03-20,124.1904525756836
2013-03-21,123.1294937133789
2013-03-22,124.11859893798828
2013-03-25,123.6001205444336
2013-03-26,124.58930969238281
2013-03-27,124.58930969238281
2013-03-28,124.9721450805664
2013-04-01,124.47762298583984
2013-04-02,125.0917739868164
2013-04-03,123.823486328125
2013-04-04,124.32599639892578
2013-04-05,123.76766967773438
2013-04-08,124.60523223876953
2013-04-09,125.03596496582031
2013-04-10,126.56747436523438
2013-04-11,126.98231506347656
2013-04-12,126.67123413085938
2013-04-15,123.73576354980469
2013-04-16,125.56246185302734
2013-04-17,123.72775268554688
2013-04-18,122.9540023803711
2013-04-19,124.02295684814453
2013-04-22,124.57332611083984
2013-04-23,125.85757446289062
2013-04-24,125.93734741210938
2013-04-25,126.44788360595703
2013-04-26,126.22447204589844
2013-04-29,127.07003784179688
2013-04-30,127.37315368652344
2013-05-01,126.25642395019531
2013-05-02,127.42900848388672
2013-05-03,128.72128295898438
2013-05-06,129.04824829101562
2013-05-07,129.70237731933594
2013-05-08,130.29273986816406
2013-05-09,129.92568969726562
2013-05-10,130.34849548339844
2013-05-13,130.4521484375
2013-05-14,131.8002471923828
2013-05-15,132.5102081298828
2013-05-16,131.88795471191406
2013-05-17,133.1642608642578
2013-05-20,133.1563262939453
2013-05-21,133.3477325439453
2013-05-22,132.358642578125
2013-05-23,131.9757537841797
2013-05-24,131.8640899658203
2013-05-28,132.65377807617188
2013-05-29,131.7923126220703
2013-05-30,132.27891540527344
2013-05-31,130.38038635253906
2013-06-03,131.09828186035156
2013-06-04,130.46817016601562
2013-06-05,128.6414337158203
2013-06-06,129.80606079101562
2013-06-07,131.457275390625
2013-06-10,131.457275390625
2013-06-11,130.10121154785156
2013-06-12,129.02435302734375
2013-06-13,130.98667907714844
2013-06-14,130.1650390625
2013-06-17,131.1701202392578
2013-06-18,132.20712280273438
2013-06-19,130.38038635253906
2013-06-20,127.1497802734375
2013-06-21,127.55793762207031
2013-06-24,125.94615936279297
2013-06-25,127.15706634521484
2013-06-26,128.416015625
2013-06-27,129.16978454589844
2013-06-28,128.6405029296875
2013-07-01,129.39427185058594
2013-07-02,129.27403259277344
2013-07-03,129.33016967773438
2013-07-05,130.72547912597656
2013-07-08,131.47120666503906
2013-07-09,132.41746520996094
2013-07-10,132.46560668945312
2013-07-11,134.26988220214844
2013-07-12,134.3260040283203
2013-07-15,134.83914184570312
2013-07-16,134.33401489257812
2013-07-17,134.6788330078125
2013-07-18,135.41659545898438
2013-07-19,135.6571807861328
2013-07-22,135.92178344726562
2013-07-23,135.63308715820312
2013-07-24,135.135986328125
2013-07-25,135.4646759033203
2013-07-26,135.6090087890625
2013-07-29,135.1920928955078
2013-07-30,135.1920928955078
2013-07-31,135.2882537841797
2013-08-01,136.8520050048828
2013-08-02,137.08447265625
2013-08-05,136.884033203125
2013-08-06,136.1062469482422
2013-08-07,135.66522216796875
2013-08-08,136.16238403320312
2013-08-09,135.7694549560547
2013-08-12,135.6090087890625
2013-08-13,136.0099334716797
2013-08-14,135.3123321533203
2013-08-15,133.41983032226562
2013-08-16,132.9788360595703
2013-08-19,132.1287841796875
2013-08-20,132.77830505371094
2013-08-21,131.96043395996094
2013-08-22,133.1632537841797
2013-08-23,133.61227416992188
2013-08-26,133.11512756347656
2013-08-27,130.97410583496094
2013-08-28,131.43917846679688
2013-08-29,131.64764404296875
2013-08-30,131.230712890625
2013-09-03,131.8240203857422
2013-09-04,132.9146728515625
2013-09-05,133.08306884765625
2013-09-06,133.14723205566406
2013-09-09,134.4222412109375
2013-09-10,135.41659545898438
2013-09-11,135.84158325195312
2013-09-12,135.480712890625
2013-09-13,135.78546142578125
2013-09-16,136.57131958007812
2013-09-17,137.18077087402344
2013-09-18,138.7685089111328
2013-09-19,138.5359649658203
2013-09-20,137.56741333007812
2013-09-23,136.93077087402344
2013-09-24,136.60848999023438
2013-09-25,136.21363830566406
2013-09-26,136.7373809814453
2013-09-27,136.10887145996094
2013-09-30,135.38368225097656
2013-10-01,136.45538330078125
2013-10-02,136.32644653320312
2013-10-03,135.0693817138672
2013-10-04,136.09278869628906
2013-10-07,134.91627502441406
2013-10-08,133.34495544433594
2013-10-09,133.441650390625
2013-10-10,136.3184356689453
2013-10-11,137.1967010498047
2013-10-14,137.74461364746094
2013-10-15,136.74546813964844
2013-10-16,138.6552734375
2013-10-17,139.5819091796875
2013-10-18,140.5247344970703
2013-10-21,140.5327606201172
2013-10-22,141.34661865234375
2013-10-23,140.66976928710938
2013-10-24,141.1371307373047
2013-10-25,141.78176879882812
2013-10-28,142.00735473632812
2013-10-29,142.76486206054688
2013-10-30,142.0557861328125
2013-10-31,141.65280151367188
2013-11-01,141.99130249023438
2013-11-04,142.49081420898438
2013-11-05,142.03964233398438
2013-11-06,142.76486206054688
2013-11-07,140.95986938476562
2013-11-08,142.8615264892578
2013-11-11,142.8856658935547
2013-11-12,142.59567260742188
2013-11-13,143.73983764648438
2013-11-14,144.45701599121094
2013-11-15,145.08558654785156
2013-11-18,144.57798767089844
2013-11-19,144.26368713378906
2013-11-20,143.8124237060547
2013-11-21,144.9727325439453
2013-11-22,145.6979522705078
2013-11-25,145.552978515625
2013-11-26,145.59320068359375
2013-11-27,145.94776916503906
2013-11-29,145.85105895996094
2013-12-02,145.4723663330078
2013-12-03,144.8438262939453
2013-12-04,144.8277130126953
2013-12-05,144.19110107421875
2013-12-06,145.80274963378906
2013-12-09,146.17340087890625
2013-12-10,145.64964294433594
2013-12-11,144.013916015625
2013-12-12,143.5384063720703
2013-12-13,143.52230834960938
2013-12-16,144.416748046875
2013-12-17,143.95748901367188
2013-12-18,146.41514587402344
2013-12-19,146.24594116210938
2013-12-20,147.0966339111328
2013-12-23,147.8824920654297
2013-12-24,148.20655822753906
2013-12-26,148.96002197265625
2013-12-27,148.9519805908203
2013-12-30,148.92758178710938
2013-12-31,149.63247680664062
2014-01-02,148.19851684570312
2014-01-03,148.17416381835938
2014-01-06,147.74485778808594
2014-01-07,148.6521453857422
2014-01-08,148.68458557128906
2014-01-09,148.7817840576172
2014-01-10,149.18690490722656
2014-01-13,147.20193481445312
2014-01-14,148.80606079101562
2014-01-15,149.6082000732422
2014-01-16,149.41372680664062
2014-01-17,148.7817840576172
2014-01-21,149.21926879882812
2014-01-22,149.31654357910156
2014-01-23,148.09315490722656
2014-01-24,144.9334259033203
2014-01-27,144.22047424316406
2014-01-28,145.0792694091797
2014-01-29,143.6857147216797
2014-01-30,145.2089385986328
2014-01-31,144.35818481445312
2014-02-03,141.10934448242188
2014-02-04,142.0977783203125
2014-02-05,141.91949462890625
2014-02-06,143.7910919189453
2014-02-07,145.57347106933594
2014-02-10,145.8408203125
2014-02-11,147.43687438964844
2014-02-12,147.50982666015625
2014-02-13,148.27137756347656
2014-02-14,149.0896759033203
2014-02-18,149.26792907714844
2014-02-19,148.2794952392578
2014-02-20,149.15452575683594
2014-02-21,148.98439025878906
2014-02-24,149.8107147216797
2014-02-25,149.7540283203125
2014-02-26,149.76211547851562
2014-02-27,150.5480499267578
2014-02-28,150.92880249023438
2014-03-03,149.86741638183594
2014-03-04,151.97390747070312
2014-03-05,152.1116180419922
2014-03-06,152.46006774902344
2014-03-07,152.5248260498047
2014-03-10,152.44386291503906
2014-03-11,151.6903533935547
2014-03-12,151.73089599609375
2014-03-13,150.02943420410156
2014-03-14,149.6082000732422
2014-03-17,150.96119689941406
2014-03-18,152.03875732421875
2014-03-19,151.22854614257812
2014-03-20,152.1116180419922
2014-03-21,151.5216827392578
2014-03-24,150.8950653076172
2014-03-25,151.61117553710938
2014-03-26,150.52073669433594
2014-03-27,150.20333862304688
2014-03-28,150.94395446777344
2014-03-31,152.1807861328125
2014-04-01,153.18983459472656
2014-04-02,153.70257568359375
2014-04-03,153.49916076660156
2014-04-04,151.68441772460938
2014-04-07,150.00808715820312
2014-04-08,150.6265869140625
2014-04-09,152.24594116210938
2014-04-10,149.0478973388672
2014-04-11,147.70510864257812
2014-04-14,148.86880493164062
2014-04-15,149.8942108154297
2014-04-16,151.46470642089844
2014-04-17,151.67625427246094
2014-04-21,152.2052764892578
2014-04-22,152.8969268798828
2014-04-23,152.5388641357422
2014-04-24,152.84814453125
2014-04-25,151.59494018554688
2014-04-28,152.07504272460938
2014-04-29,152.782958984375
2014-04-30,153.23867797851562
2014-05-01,153.2549591064453
2014-05-02,153.0352325439453
2014-05-05,153.3282012939453
2014-05-06,151.99368286132812
2014-05-07,152.8887939453125
2014-05-08,152.72605895996094
2014-05-09,152.95388793945312
2014-05-12,154.44302368164062
2014-05-13,154.58145141601562
2014-05-14,153.84901428222656
2014-05-15,152.49819946289062
2014-05-16,153.02716064453125
2014-05-19,153.58863830566406
2014-05-20,152.62025451660156
2014-05-21,153.9059600830078
2014-05-22,154.2803192138672
2014-05-23,154.8987579345703
2014-05-27,155.8508758544922
2014-05-28,155.73692321777344
2014-05-29,156.54261779785156
2014-05-30,156.79483032226562
2014-06-02,156.97381591796875
2014-06-03,156.89242553710938
2014-06-04,157.2098388671875
2014-06-05,158.2351531982422
2014-06-06,158.9919891357422
2014-06-09,159.1547393798828
2014-06-10,159.1709747314453
2014-06-11,158.61766052246094
2014-06-12,157.49465942382812
2014-06-13,157.9748077392578
2014-06-16,158.10501098632812
2014-06-17,158.5443572998047
2014-06-18,159.7080841064453
2014-06-19,159.88710021972656
2014-06-20,160.21168518066406
2014-06-23,160.1626434326172
2014-06-24,159.19781494140625
2014-06-25,159.9173583984375
2014-06-26,159.8028106689453
2014-06-27,160.1136016845703
2014-06-30,160.03179931640625
2014-07-01,161.10302734375
2014-07-02,161.26651000976562
2014-07-03,162.05960083007812
2014-07-07,161.49545288085938
2014-07-08,160.45697021484375
2014-07-09,161.17654418945312
2014-07-10,160.53875732421875
2014-07-11,160.75950622558594
2014-07-14,161.5690460205078
2014-07-15,161.26651000976562
2014-07-16,161.8633270263672
2014-07-17,160.02366638183594
2014-07-18,161.65895080566406
2014-07-21,161.3564453125
2014-07-22,162.05960083007812
2014-07-23,162.4193572998047
2014-07-24,162.4275665283203
2014-07-25,161.6671600341797
2014-07-28,161.73257446289062
2014-07-29,161.03753662109375
2014-07-30,161.06207275390625
2014-07-31,157.88140869140625
2014-08-01,157.3989715576172
2014-08-04,158.53550720214844
2014-08-05,156.9982452392578
2014-08-06,157.04739379882812
2014-08-07,156.197021484375
2014-08-08,158.0040740966797
2014-08-11,158.4619598388672
2014-08-12,158.24118041992188
2014-08-13,159.31227111816406
2014-08-14,160.0644989013672
2014-08-15,160.03179931640625
2014-08-18,161.372802734375
2014-08-19,162.2149658203125
2014-08-20,162.6483154296875
2014-08-21,163.12258911132812
2014-08-22,162.86912536621094
2014-08-25,163.69491577148438
2014-08-26,163.80123901367188
2014-08-27,163.7357940673828
2014-08-28,163.6459197998047
2014-08-29,164.11192321777344
2014-09-02,164.0301513671875
2014-09-03,163.9402313232422
2014-09-04,163.70314025878906
2014-09-05,164.43902587890625
2014-09-08,164.01382446289062
2014-09-09,162.97540283203125
2014-09-10,163.58865356445312
2014-09-11,163.77671813964844
2014-09-12,162.82003784179688
2014-09-15,162.6973876953125
2014-09-16,163.92388916015625
2014-09-17,164.14463806152344
2014-09-18,165.0195770263672
2014-09-19,164.87083435058594
2014-09-22,163.5975341796875
2014-09-23,162.66104125976562
2014-09-24,163.934326171875
2014-09-25,161.28921508789062
2014-09-26,162.57069396972656
2014-09-29,162.2749786376953
2014-09-30,161.8478240966797
2014-10-01,159.65444946289062
2014-10-02,159.67909240722656
2014-10-03,161.4370880126953
2014-10-06,161.24810791015625
2014-10-07,158.75897216796875
2014-10-08,161.53565979003906
2014-10-09,158.3318634033203
2014-10-10,156.5246124267578
2014-10-13,153.9534454345703
2014-10-14,154.1916046142578
2014-10-15,153.1483154296875
2014-10-16,153.01687622070312
2014-10-17,154.8241729736328
2014-10-20,156.3274383544922
2014-10-21,159.42446899414062
2014-10-22,158.29083251953125
2014-10-23,160.130859375
2014-10-24,161.36314392089844
2014-10-27,161.14134216308594
2014-10-28,162.98965454101562
2014-10-29,162.7431640625
2014-10-30,163.78651428222656
2014-10-31,165.6595001220703
2014-11-03,165.74981689453125
2014-11-04,165.17478942871094
2014-11-05,166.2180633544922
2014-11-06,166.88343811035156
2014-11-07,167.03955078125
2014-11-10,167.56529235839844
2014-11-11,167.7295684814453
2014-11-12,167.5488739013672
2014-11-13,167.73780822753906
2014-11-14,167.77886962890625
2014-11-17,167.88563537597656
2014-11-18,168.85499572753906
2014-11-19,168.5839385986328
2014-11-20,168.8797149658203
2014-11-21,169.7832794189453
2014-11-24,170.25978088378906
2014-11-25,170.1365509033203
2014-11-26,170.57191467285156
2014-11-28,170.21046447753906
2014-12-01,169.02748107910156
2014-12-02,170.12008666992188
2014-12-03,170.77725219726562
2014-12-04,170.5883026123047
2014-12-05,170.86766052246094
2014-12-08,169.7257843017578
2014-12-09,169.6107635498047
2014-12-10,166.89173889160156
2014-12-11,167.73780822753906
2014-12-12,165.02691650390625
2014-12-15,163.8932647705078
2014-12-16,162.57891845703125
2014-12-17,165.76625061035156
2014-12-18,169.8654022216797
2014-12-19,170.5881805419922
2014-12-22,171.37289428710938
2014-12-23,171.60418701171875
2014-12-24,171.62075805664062
2014-12-26,172.17417907714844
2014-12-29,172.40542602539062
2014-12-30,171.4803466796875
2014-12-31,169.77865600585938
2015-01-02,169.6877899169922
2015-01-05,166.623291015625
2015-01-06,165.0539093017578
2015-01-07,167.1106719970703
2015-01-08,170.07608032226562
2015-01-09,168.71315002441406
2015-01-12,167.39154052734375
2015-01-13,166.9207000732422
2015-01-14,165.91297912597656
2015-01-15,164.39312744140625
2015-01-16,166.54904174804688
2015-01-20,166.90420532226562
2015-01-21,167.74673461914062
2015-01-22,170.24127197265625
2015-01-23,169.307861328125
2015-01-26,169.7042999267578
2015-01-27,167.4658966064453
2015-01-28,165.3182373046875
2015-01-29,166.84642028808594
2015-01-30,164.74826049804688
2015-02-02,166.78857421875
2015-02-03,169.20050048828125
2015-02-04,168.55618286132812
2015-02-05,170.2578125
2015-02-06,169.78695678710938
2015-02-09,169.02696228027344
2015-02-10,170.82769775390625
2015-02-11,170.9268341064453
2015-02-12,172.57058715820312
2015-02-13,173.28103637695312
2015-02-17,173.55360412597656
2015-02-18,173.57009887695312
2015-02-19,173.44619750976562
2015-02-20,174.4870147705078
2015-02-23,174.46224975585938
2015-02-24,174.95779418945312
2015-02-25,174.8091583251953
2015-02-26,174.60263061523438
2015-02-27,174.0078887939453
2015-03-02,175.1065216064453
2015-03-03,174.38783264160156
2015-03-04,173.65267944335938
2015-03-05,173.84271240234375
2015-03-06,171.39767456054688
2015-03-09,172.10806274414062
2015-03-10,169.31614685058594
2015-03-11,168.919677734375
2015-03-12,171.0673065185547
2015-03-13,170.0182647705078
2015-03-16,172.2897491455078
2015-03-17,171.77767944335938
2015-03-18,173.84271240234375
2015-03-19,173.04971313476562
2015-03-20,174.5772247314453
2015-03-23,174.23703002929688
2015-03-24,173.25799560546875
2015-03-25,170.7191162109375
2015-03-26,170.31256103515625
2015-03-27,170.70252990722656
2015-03-30,172.78506469726562
2015-03-31,171.27500915527344
2015-04-01,170.66929626464844
2015-04-02,171.28334045410156
2015-04-06,172.4365997314453
2015-04-07,171.9802703857422
2015-04-08,172.56105041503906
2015-04-09,173.32437133789062
2015-04-10,174.2702178955078
2015-04-13,173.48193359375
2015-04-14,173.8139190673828
2015-04-15,174.5937957763672
2015-04-16,174.5439910888672
2015-04-17,172.5361328125
2015-04-20,174.11257934570312
2015-04-21,173.90513610839844
2015-04-22,174.759765625
2015-04-23,175.199462890625
2015-04-24,175.6060333251953
2015-04-27,174.87583923339844
2015-04-28,175.43179321289062
2015-04-29,174.70997619628906
2015-04-30,172.9592742919922
2015-05-01,174.83444213867188
2015-05-04,175.332275390625
2015-05-05,173.32437133789062
2015-05-06,172.6107940673828
2015-05-07,173.2994384765625
2015-05-08,175.5811309814453
2015-05-11,174.74314880371094
2015-05-12,174.22042846679688
2015-05-13,174.2536163330078
2015-05-14,176.07064819335938
2015-05-15,176.2615203857422
2015-05-18,176.80914306640625
2015-05-19,176.75099182128906
2015-05-20,176.62657165527344
2015-05-21,177.14102172851562
2015-05-22,176.71786499023438
2015-05-26,174.81781005859375
2015-05-27,176.47720336914062
2015-05-28,176.27816772460938
2015-05-29,175.18295288085938
2015-06-01,175.5396728515625
2015-06-02,175.36544799804688
2015-06-03,175.83006286621094
2015-06-04,174.3449249267578
2015-06-05,174.0462188720703
2015-06-08,172.9758758544922
2015-06-09,172.95098876953125
2015-06-10,175.02520751953125
2015-06-11,175.58946228027344
2015-06-12,174.2453155517578
2015-06-15,173.49856567382812
2015-06-16,174.44442749023438
2015-06-17,174.7265167236328
2015-06-18,176.54360961914062
2015-06-19,175.7598876953125
2015-06-22,176.6603240966797
2015-06-23,176.7853546142578
2015-06-24,175.50144958496094
2015-06-25,174.96783447265625
2015-06-26,174.93447875976562
2015-06-29,171.26611328125
2015-06-30,171.62457275390625
2015-07-01,173.00018310546875
2015-07-02,172.84178161621094
2015-07-06,172.34991455078125
2015-07-07,173.4337615966797
2015-07-08,170.52398681640625
2015-07-09,170.83250427246094
2015-07-10,172.9835205078125
2015-07-13,174.89279174804688
2015-07-14,175.65145874023438
2015-07-15,175.59312438964844
2015-07-16,177.00213623046875
2015-07-17,177.15225219726562
2015-07-20,177.24392700195312
2015-07-21,176.54359436035156
2015-07-22,176.2267608642578
2015-07-23,175.23463439941406
2015-07-24,173.41709899902344
2015-07-27,172.4082489013672
2015-07-28,174.52590942382812
2015-07-29,175.7265167236328
2015-07-30,175.76821899414062
2015-07-31,175.50144958496094
2015-08-03,174.9095001220703
2015-08-04,174.56761169433594
2015-08-05,175.14291381835938
2015-08-06,173.70889282226562
2015-08-07,173.37539672851562
2015-08-10,175.5597686767578
2015-08-11,173.97569274902344
2015-08-12,174.18408203125
2015-08-13,173.96737670898438
2015-08-14,174.6009521484375
2015-08-17,175.57640075683594
2015-08-18,175.06787109375
2015-08-19,173.6838836669922
2015-08-20,170.05706787109375
2015-08-21,164.93797302246094
2015-08-24,157.99295043945312
2015-08-25,156.13375854492188
2015-08-26,162.12835693359375
2015-08-27,166.13858032226562
2015-08-28,166.1468963623047
2015-08-31,164.8046417236328
2015-09-01,159.88555908203125
2015-09-02,162.9203338623047
2015-09-03,163.03713989257812
2015-09-04,160.56924438476562
2015-09-08,164.60446166992188
2015-09-09,162.40345764160156
2015-09-10,163.28720092773438
2015-09-11,164.02920532226562
2015-09-14,163.4206085205078
2015-09-15,165.4632568359375
2015-09-16,166.89724731445312
2015-09-17,166.5220489501953
2015-09-18,163.8008575439453
2015-09-21,164.64724731445312
2015-09-22,162.5102081298828
2015-09-23,162.2504425048828
2015-09-24,161.66380310058594
2015-09-25,161.6219024658203
2015-09-28,157.565673828125
2015-09-29,157.6577911376953
2015-09-30,160.5994110107422
2015-10-01,161.0184783935547
2015-10-02,163.4237518310547
2015-10-05,166.33187866210938
2015-10-06,165.7619171142578
2015-10-07,167.11964416503906
2015-10-08,168.62818908691406
2015-10-09,168.7286834716797
2015-10-12,168.8879852294922
2015-10-13,167.82359313964844
2015-10-14,167.01904296875
2015-10-15,169.58355712890625
2015-10-16,170.35459899902344
2015-10-19,170.43836975097656
2015-10-20,170.22047424316406
2015-10-21,169.16452026367188
2015-10-22,172.0223388671875
2015-10-23,173.90798950195312
2015-10-26,173.4805450439453
2015-10-27,173.1453399658203
2015-10-28,175.1147918701172
2015-10-29,175.0142059326172
2015-10-30,174.2599639892578
2015-11-02,176.3216094970703
2015-11-03,176.83282470703125
2015-11-04,176.29649353027344
2015-11-05,176.1204833984375
2015-11-06,176.02830505371094
2015-11-09,174.3857879638672
2015-11-10,174.78793334960938
2015-11-11,174.1007843017578
2015-11-12,171.6703643798828
2015-11-13,169.7427520751953
2015-11-16,172.32403564453125
2015-11-17,172.19837951660156
2015-11-18,174.930419921875
2015-11-19,174.7796173095703
2015-11-20,175.41656494140625
2015-11-23,175.21534729003906
2015-11-24,175.45004272460938
2015-11-25,175.42491149902344
2015-11-27,175.62606811523438
2015-11-30,174.89691162109375
2015-12-01,176.56466674804688
2015-12-02,174.76283264160156
2015-12-03,172.31565856933594
2015-12-04,175.67630004882812
2015-12-07,174.61196899414062
2015-12-08,173.4386444091797
2015-12-09,172.08937072753906
2015-12-10,172.5335693359375
2015-12-11,169.18960571289062
2015-12-14,170.0444793701172
2015-12-15,171.82958984375
2015-12-16,174.3438262939453
2015-12-17,171.68707275390625
2015-12-18,168.62852478027344
2015-12-21,170.01953125
2015-12-22,171.5623321533203
2015-12-23,173.6868896484375
2015-12-24,173.40020751953125
2015-12-28,173.0039520263672
2015-12-29,174.8502655029297
2015-12-30,173.6109619140625
2015-12-31,171.87423706054688
2016-01-04,169.4715576171875
2016-01-05,169.7582244873047
2016-01-06,167.61680603027344
2016-01-07,163.59547424316406
2016-01-08,161.79974365234375
2016-01-11,161.95986938476562
2016-01-12,163.2666778564453
2016-01-13,159.19471740722656
2016-01-14,161.80816650390625
2016-01-15,158.3347930908203
2016-01-19,158.5455322265625
2016-01-20,156.51376342773438
2016-01-21,157.39056396484375
2016-01-22,160.61940002441406
2016-01-25,158.19146728515625
2016-01-26,160.34963989257812
2016-01-27,158.60452270507812
2016-01-28,159.4307098388672
2016-01-29,163.31724548339844
2016-02-01,163.2582244873047
2016-02-02,160.3159637451172
2016-02-03,161.2770233154297
2016-02-04,161.5299530029297
2016-02-05,158.45278930664062
2016-02-08,156.31983947753906
2016-02-09,156.32830810546875
2016-02-10,156.19337463378906
2016-02-11,154.16163635253906
2016-02-12,157.33998107910156
2016-02-16,159.99554443359375
2016-02-17,162.60910034179688
2016-02-18,161.9430389404297
2016-02-19,161.8671417236328
2016-02-22,164.21084594726562
2016-02-23,162.13693237304688
2016-02-24,162.8788604736328
2016-02-25,164.85157775878906
2016-02-26,164.47225952148438
2016-02-29,163.1823272705078
2016-03-01,167.0182647705078
2016-03-02,167.7686004638672
2016-03-03,168.42617797851562
2016-03-04,168.97410583496094
2016-03-07,169.1090545654297
2016-03-08,167.2627410888672
2016-03-09,168.0889434814453
2016-03-10,168.2238311767578
2016-03-11,170.93846130371094
2016-03-14,170.71926879882812
2016-03-15,170.44110107421875
2016-03-16,171.42742919921875
2016-03-17,172.51502990722656
2016-03-18,173.19293212890625
2016-03-21,173.4386444091797
2016-03-22,173.34548950195312
2016-03-23,172.2014617919922
2016-03-24,172.12513732910156
2016-03-28,172.2268524169922
2016-03-29,173.81996154785156
2016-03-30,174.5826873779297
2016-03-31,174.1588897705078
2016-04-01,175.34532165527344
2016-04-04,174.77755737304688
2016-04-05,173.03192138671875
2016-04-06,174.921630859375
2016-04-07,172.82852172851562
2016-04-08,173.29458618164062
2016-04-11,172.88784790039062
2016-04-12,174.49795532226562
2016-04-13,176.26055908203125
2016-04-14,176.2689666748047
2016-04-15,176.07411193847656
2016-04-18,177.31129455566406
2016-04-19,177.87054443359375
2016-04-20,178.04010009765625
2016-04-21,177.08245849609375
2016-04-22,177.08245849609375
2016-04-25,176.77745056152344
2016-04-26,177.04014587402344
2016-04-27,177.40451049804688
2016-04-28,175.79446411132812
2016-04-29,174.84539794921875
2016-05-02,176.235107421875
2016-05-03,174.70130920410156
2016-05-04,173.726806640625
2016-05-05,173.69287109375
2016-05-06,174.3284454345703
2016-05-09,174.47250366210938
2016-05-10,176.64186096191406
2016-05-11,174.9894256591797
2016-05-12,175.0402374267578
2016-05-13,173.51492309570312
2016-05-16,175.22669982910156
2016-05-17,173.5911407470703
2016-05-18,173.6420135498047
2016-05-19,173.0404052734375
2016-05-20,174.1334991455078
2016-05-23,173.89627075195312
2016-05-24,176.1503448486328
2016-05-25,177.34524536132812
2016-05-26,177.3960418701172
2016-05-27,178.15869140625
2016-05-31,177.81968688964844
2016-06-01,178.1841583251953
2016-06-02,178.72645568847656
2016-06-03,178.19259643554688
2016-06-06,179.09939575195312
2016-06-07,179.3789825439453
2016-06-08,179.96371459960938
2016-06-09,179.71791076660156
2016-06-10,178.01463317871094
2016-06-13,176.64186096191406
2016-06-14,176.29443359375
2016-06-15,176.0487060546875
2016-06-16,176.5740509033203
2016-06-17,175.9164581298828
2016-06-20,177.04940795898438
2016-06-21,177.5519561767578
2016-06-22,177.2623291015625
2016-06-23,179.5707244873047
2016-06-24,173.12252807617188
2016-06-27,170.0219268798828
2016-06-28,173.0884246826172
2016-06-29,176.0357208251953
2016-06-30,178.43785095214844
2016-07-01,178.81263732910156
2016-07-05,177.52639770507812
2016-07-06,178.59115600585938
2016-07-07,178.4804229736328
2016-07-08,181.1380615234375
2016-07-11,181.7769317626953
2016-07-12,183.09722900390625
2016-07-13,183.07171630859375
2016-07-14,184.0938720703125
2016-07-15,183.84683227539062
2016-07-18,184.34088134765625
2016-07-19,184.153564453125
2016-07-20,184.9201202392578
2016-07-21,184.22164916992188
2016-07-22,185.04794311523438
2016-07-25,184.5453338623047
2016-07-26,184.63050842285156
2016-07-27,184.4346160888672
2016-07-28,184.64756774902344
2016-07-29,184.94569396972656
2016-08-01,184.79232788085938
2016-08-02,183.6083526611328
2016-08-03,184.14495849609375
2016-08-04,184.34088134765625
2016-08-05,185.84857177734375
2016-08-08,185.73788452148438
2016-08-09,185.84857177734375
2016-08-10,185.38865661621094
2016-08-11,186.2489471435547
2016-08-12,186.0871124267578
2016-08-15,186.62376403808594
2016-08-16,185.66119384765625
2016-08-17,186.01043701171875
2016-08-18,186.42782592773438
2016-08-19,186.1552276611328
2016-08-22,186.14675903320312
2016-08-23,186.5215301513672
2016-08-24,185.56756591796875
2016-08-25,185.43972778320312
2016-08-26,185.09048461914062
2016-08-29,186.00193786621094
2016-08-30,185.69532775878906
2016-08-31,185.16714477539062
2016-09-01,185.17568969726562
2016-09-02,186.01043701171875
2016-09-06,186.57264709472656
2016-09-07,186.5556182861328
2016-09-08,186.1297149658203
2016-09-09,181.67474365234375
2016-09-12,184.28128051757812
2016-09-13,181.6321563720703
2016-09-14,181.56399536132812
2016-09-15,183.37832641601562
2016-09-16,182.66949462890625
2016-09-19,182.7037353515625
2016-09-20,182.71229553222656
2016-09-21,184.7670135498047
2016-09-22,185.9312744140625
2016-09-23,184.91250610351562
2016-09-26,183.4142608642578
2016-09-27,184.552978515625
2016-09-28,185.46893310546875
2016-09-29,183.7909698486328
2016-09-30,185.17788696289062
2016-10-03,184.73269653320312
2016-10-04,183.7909698486328
2016-10-05,184.60433959960938
2016-10-06,184.73269653320312
2016-10-07,184.0991668701172
2016-10-10,185.05807495117188
2016-10-11,182.72085571289062
2016-10-12,182.9605712890625
2016-10-13,182.3612823486328
2016-10-14,182.45550537109375
2016-10-17,181.8219757080078
2016-10-18,182.9605712890625
2016-10-19,183.4485321044922
2016-10-20,183.1060791015625
2016-10-21,183.19171142578125
2016-10-24,183.97080993652344
2016-10-25,183.35440063476562
2016-10-26,182.9862823486328
2016-10-27,182.49827575683594
2016-10-28,181.95889282226562
2016-10-31,181.9674530029297
2016-11-01,180.64901733398438
2016-11-02,179.561767578125
2016-11-03,178.7399139404297
2016-11-04,178.54306030273438
2016-11-07,182.4811248779297
2016-11-08,183.3030242919922
2016-11-09,185.24636840820312
2016-11-10,185.70870971679688
2016-11-11,185.2806396484375
2016-11-14,185.4261932373047
2016-11-15,186.87306213378906
2016-11-16,186.52194213867188
2016-11-17,187.48085021972656
2016-11-18,187.06134033203125
2016-11-21,188.4739227294922
2016-11-22,188.84207153320312
2016-11-23,188.94476318359375
2016-11-25,189.64682006835938
2016-11-28,188.75648498535156
2016-11-29,189.1246337890625
2016-11-30,188.67086791992188
2016-12-01,187.97744750976562
2016-12-02,188.07154846191406
2016-12-05,189.2016143798828
2016-12-06,189.80093383789062
2016-12-07,192.2836456298828
2016-12-08,192.75450134277344
2016-12-09,193.9188690185547
2016-12-12,193.69622802734375
2016-12-13,194.98899841308594
2016-12-14,193.37945556640625
2016-12-15,194.17567443847656
2016-12-16,193.79586791992188
2016-12-19,194.21786499023438
2016-12-20,194.96705627441406
2016-12-21,194.42459106445312
2016-12-22,194.0886993408203
2016-12-23,194.37290954589844
2016-12-27,194.85513305664062
2016-12-28,193.24476623535156
2016-12-29,193.20172119140625
2016-12-30,192.4955596923828
2017-01-03,193.96815490722656
2017-01-04,195.1220703125
2017-01-05,194.96705627441406
2017-01-06,195.66465759277344
2017-01-09,195.0187530517578
2017-01-10,195.0187530517578
2017-01-11,195.5699005126953
2017-01-12,195.07904052734375
2017-01-13,195.52687072753906
2017-01-17,194.83787536621094
2017-01-18,195.2685089111328
2017-01-19,194.54513549804688
2017-01-20,195.2599334716797
2017-01-23,194.75180053710938
2017-01-24,196.00045776367188
2017-01-25,197.69700622558594
2017-01-26,197.49026489257812
2017-01-27,197.18031311035156
2017-01-30,195.95741271972656
2017-01-31,195.94021606445312
2017-02-01,196.01771545410156
2017-02-02,196.14688110351562
2017-02-03,197.4989013671875
2017-02-06,197.1457977294922
2017-02-07,197.1544647216797
2017-02-08,197.41278076171875
2017-02-09,198.58396911621094
2017-02-10,199.36758422851562
2017-02-13,200.45272827148438
2017-02-14,201.25355529785156
2017-02-15,202.30422973632812
2017-02-16,202.1319580078125
2017-02-17,202.4506072998047
2017-02-21,203.65621948242188
2017-02-22,203.4753875732422
2017-02-23,203.6131591796875
2017-02-24,203.87149047851562
2017-02-27,204.19012451171875
2017-02-28,203.63900756835938
2017-03-01,206.4894256591797
2017-03-02,205.1890869140625
2017-03-03,205.31825256347656
2017-03-06,204.7068634033203
2017-03-07,204.09539794921875
2017-03-08,203.71649169921875
2017-03-09,203.97482299804688
2017-03-10,204.68960571289062
2017-03-13,204.79293823242188
2017-03-14,204.00929260253906
2017-03-15,205.774658203125
2017-03-16,205.36996459960938
2017-03-17,205.0092315673828
2017-03-20,204.78439331054688
2017-03-21,202.15505981445312
2017-03-22,202.63070678710938
2017-03-23,202.41452026367188
2017-03-24,202.2674560546875
2017-03-27,202.0599365234375
2017-03-28,203.5302734375
2017-03-29,203.7205352783203
2017-03-30,204.36923217773438
2017-03-31,203.89358520507812
2017-04-03,203.53892517089844
2017-04-04,203.66864013671875
2017-04-05,203.06321716308594
2017-04-06,203.6340789794922
2017-04-07,203.42645263671875
2017-04-10,203.5475616455078
2017-04-11,203.30540466308594
2017-04-12,202.41452026367188
2017-04-13,201.09983825683594
2017-04-17,202.88156127929688
2017-04-18,202.27615356445312
2017-04-19,201.90423583984375
2017-04-20,203.5475616455078
2017-04-21,202.89889526367188
2017-04-24,205.13031005859375
2017-04-25,206.32394409179688
2017-04-26,206.1941680908203
2017-04-27,206.36715698242188
2017-04-28,205.9174346923828
2017-05-01,206.4363555908203
2017-05-02,206.51417541503906
2017-05-03,206.26341247558594
2017-05-04,206.50555419921875
2017-05-05,207.31854248046875
2017-05-08,207.28395080566406
2017-05-09,207.0937042236328
2017-05-10,207.46559143066406
2017-05-11,207.0417938232422
2017-05-12,206.69580078125
2017-05-15,207.83749389648438
2017-05-16,207.64723205566406
2017-05-17,203.96273803710938
2017-05-18,204.78439331054688
2017-05-19,206.11636352539062
2017-05-22,207.16290283203125
2017-05-23,207.6212921142578
2017-05-24,208.10568237304688
2017-05-25,209.1002655029297
2017-05-26,209.05703735351562
2017-05-30,208.87538146972656
2017-05-31,208.8235626220703
2017-06-01,210.48416137695312
2017-06-02,211.18472290039062
2017-06-05,211.0290069580078
2017-06-06,210.3544158935547
2017-06-07,210.74363708496094
2017-06-08,210.84739685058594
2017-06-09,210.52734375
2017-06-12,210.48416137695312
2017-06-13,211.51341247558594
2017-06-14,211.24525451660156
2017-06-15,210.83876037597656
2017-06-16,210.88485717773438
2017-06-19,212.64044189453125
2017-06-20,211.2063446044922
2017-06-21,211.1542205810547
2017-06-22,211.0586700439453
2017-06-23,211.3106689453125
2017-06-26,211.44972229003906
2017-06-27,209.7462921142578
2017-06-28,211.62356567382812
2017-06-29,209.76365661621094
2017-06-30,210.15475463867188
2017-07-03,210.5111541748047
2017-07-05,210.99783325195312
2017-07-06,209.06829833984375
2017-07-07,210.4241485595703
2017-07-10,210.650146484375
2017-07-11,210.4936981201172
2017-07-12,212.07550048828125
2017-07-13,212.43185424804688
2017-07-14,213.42266845703125
2017-07-17,213.3965606689453
2017-07-18,213.5095672607422
2017-07-19,214.66549682617188
2017-07-20,214.76109313964844
2017-07-21,214.5698699951172
2017-07-24,214.5177459716797
2017-07-25,215.0392303466797
2017-07-26,215.04791259765625
2017-07-27,214.84803771972656
2017-07-28,214.59600830078125
2017-07-31,214.47430419921875
2017-08-01,214.95230102539062
2017-08-02,215.05661010742188
2017-08-03,214.6394805908203
2017-08-04,215.030517578125
2017-08-07,215.43035888671875
2017-08-08,214.90017700195312
2017-08-09,214.8914794921875
2017-08-10,211.85818481445312
2017-08-11,212.171142578125
2017-08-14,214.2744140625
2017-08-15,214.2483367919922
2017-08-16,214.62200927734375
2017-08-17,211.27589416503906
2017-08-18,210.94569396972656
2017-08-21,211.11073303222656
2017-08-22,213.31834411621094
2017-08-23,212.55349731445312
2017-08-24,212.05810546875
2017-08-25,212.55349731445312
2017-08-28,212.56227111816406
2017-08-29,212.80555725097656
2017-08-30,213.81378173828125
2017-08-31,215.10008239746094
2017-09-01,215.4042510986328
2017-09-05,213.85719299316406
2017-09-06,214.5872802734375
2017-09-07,214.56124877929688
2017-09-08,214.3091278076172
2017-09-11,216.59500122070312
2017-09-12,217.32498168945312
2017-09-13,217.4293212890625
2017-09-14,217.35975646972656
2017-09-15,217.6523895263672
2017-09-18,218.11532592773438
2017-09-19,218.33370971679688
2017-09-20,218.4123077392578
2017-09-21,217.82708740234375
2017-09-22,217.8707733154297
2017-09-25,217.42532348632812
2017-09-26,217.55636596679688
2017-09-27,218.40354919433594
2017-09-28,218.66558837890625
2017-09-29,219.43421936035156
2017-10-02,220.3863067626953
2017-10-03,220.85791015625
2017-10-04,221.12002563476562
2017-10-05,222.43014526367188
2017-10-06,222.17681884765625
2017-10-09,221.8100128173828
2017-10-10,222.3951873779297
2017-10-11,222.7445831298828
2017-10-12,222.4126739501953
2017-10-13,222.6834716796875
2017-10-16,222.9803924560547
2017-10-17,223.13760375976562
2017-10-18,223.35601806640625
2017-10-19,223.4170684814453
2017-10-20,224.57003784179688
2017-10-23,223.6966094970703
2017-10-24,224.0896453857422
2017-10-25,222.9803924560547
2017-10-26,223.26866149902344
2017-10-27,225.09410095214844
2017-10-30,224.25559997558594
2017-10-31,224.60501098632812
2017-11-01,224.90196228027344
2017-11-02,224.98931884765625
2017-11-03,225.74041748046875
2017-11-06,226.08984375
2017-11-07,225.93267822265625
2017-11-08,226.31690979003906
2017-11-09,225.4958953857422
2017-11-10,225.42599487304688
2017-11-13,225.6356658935547
2017-11-14,225.11158752441406
2017-11-15,223.98486328125
2017-11-16,225.88893127441406
2017-11-17,225.22508239746094
2017-11-20,225.60943603515625
2017-11-21,227.08555603027344
2017-11-22,226.8846893310547
2017-11-24,227.40878295898438
2017-11-27,227.2952117919922
2017-11-28,229.60105895996094
2017-11-29,229.46136474609375
2017-11-30,231.47019958496094
2017-12-01,230.9897918701172
2017-12-04,230.71035766601562
2017-12-05,229.88055419921875
2017-12-06,229.9242706298828
2017-12-07,230.649169921875
2017-12-08,231.90696716308594
2017-12-11,232.60565185546875
2017-12-12,233.01625061035156
2017-12-13,232.99000549316406
2017-12-14,232.03793334960938
2017-12-15,233.97018432617188
2017-12-18,235.453857421875
2017-12-19,234.5496368408203
2017-12-20,234.42672729492188
2017-12-21,234.9095458984375
2017-12-22,234.84814453125
2017-12-26,234.56716918945312
2017-12-27,234.6813507080078
2017-12-28,235.1641845703125
2017-12-29,234.27755737304688
2018-01-02,235.95431518554688
2018-01-03,237.44674682617188
2018-01-04,238.44757080078125
2018-01-05,240.03656005859375
2018-01-08,240.47552490234375
2018-01-09,241.0198211669922
2018-01-10,240.651123046875
2018-01-11,242.40689086914062
2018-01-12,243.9871063232422
2018-01-16,243.15310668945312
2018-01-17,245.4707489013672
2018-01-18,245.05819702148438
2018-01-19,246.173095703125
2018-01-22,248.17478942871094
2018-01-23,248.70143127441406
2018-01-24,248.60498046875
2018-01-25,248.71017456054688
2018-01-26,251.58975219726562
2018-01-29,249.92173767089844
2018-01-30,247.35826110839844
2018-01-31,247.4811248779297
2018-02-01,247.2002410888672
2018-02-02,241.81874084472656
2018-02-05,231.7052459716797
2018-02-06,236.27037048339844
2018-02-07,234.9886474609375
2018-02-08,226.1744384765625
2018-02-09,229.57188415527344
2018-02-12,232.94308471679688
2018-02-13,233.52247619628906
2018-02-14,236.67417907714844
2018-02-15,239.6941680908203
2018-02-16,239.76429748535156
2018-02-20,238.26312255859375
2018-02-21,237.0780029296875
2018-02-22,237.38531494140625
2018-02-23,241.16900634765625
2018-02-26,243.96954345703125
2018-02-27,240.92320251464844
2018-02-28,238.482666015625
2018-03-01,235.0149688720703
2018-03-02,236.22642517089844
2018-03-05,238.95669555664062
2018-03-06,239.56248474121094
2018-03-07,239.4747314453125
2018-03-08,240.63345336914062
2018-03-09,244.8210906982422
2018-03-12,244.51380920410156
2018-03-13,242.93360900878906
2018-03-14,241.68701171875
2018-03-15,241.4236297607422
2018-03-16,241.68545532226562
2018-03-19,238.41534423828125
2018-03-20,238.82081604003906
2018-03-21,238.36239624023438
2018-03-22,232.404052734375
2018-03-23,227.450439453125
2018-03-26,233.67327880859375
2018-03-27,229.69815063476562
2018-03-28,229.0194091796875
2018-03-29,231.94570922851562
2018-04-02,226.9392547607422
2018-04-03,229.84793090820312
2018-04-04,232.30715942382812
2018-04-05,234.14044189453125
2018-04-06,228.9224853515625
2018-04-09,230.0506591796875
2018-04-10,233.70851135253906
2018-04-11,232.4833984375
2018-04-12,234.3960723876953
2018-04-13,233.70851135253906
2018-04-16,235.6300506591797
2018-04-17,238.1509246826172
2018-04-18,238.3273162841797
2018-04-19,237.00503540039062
2018-04-20,234.99539184570312
2018-04-23,234.960205078125
2018-04-24,231.79591369628906
2018-04-25,232.36883544921875
2018-04-26,234.73098754882812
2018-04-27,234.95138549804688
2018-04-30,233.14447021484375
2018-05-01,233.55877685546875
2018-05-02,231.98983764648438
2018-05-03,231.47860717773438
2018-05-04,234.475341796875
2018-05-07,235.2686767578125
2018-05-08,235.2686767578125
2018-05-09,237.5427703857422
2018-05-10,239.76394653320312
2018-05-11,240.49549865722656
2018-05-14,240.61009216308594
2018-05-15,238.9530029296875
2018-05-16,239.9578399658203
2018-05-17,239.75506591796875
2018-05-18,239.15567016601562
2018-05-21,240.95387268066406
2018-05-22,240.28392028808594
2018-05-23,240.94500732421875
2018-05-24,240.45135498046875
2018-05-25,239.87855529785156
2018-05-29,237.11968994140625
2018-05-30,240.28392028808594
2018-05-31,238.81199645996094
2018-06-01,241.156494140625
2018-06-04,242.30242919921875
2018-06-05,242.4787139892578
2018-06-06,244.5060272216797
2018-06-07,244.4795684814453
2018-06-08,245.20237731933594
2018-06-11,245.52841186523438
2018-06-12,245.84571838378906
2018-06-13,245.0613250732422
2018-06-14,245.67820739746094
2018-06-15,245.3647918701172
2018-06-18,244.86013793945312
2018-06-19,243.9216766357422
2018-06-20,244.3378143310547
2018-06-21,242.80604553222656
2018-06-22,243.24874877929688
2018-06-25,239.93751525878906
2018-06-26,240.46875
2018-06-27,238.4765625
2018-06-28,239.84011840820312
2018-06-29,240.18540954589844
2018-07-02,240.69886779785156
2018-07-03,239.84896850585938
2018-07-05,241.8055877685547
2018-07-06,243.85086059570312
2018-07-09,246.04656982421875
2018-07-10,246.93203735351562
2018-07-11,245.12582397460938
2018-07-12,247.34812927246094
2018-07-13,247.54281616210938
2018-07-16,247.32150268554688
2018-07-17,248.3219757080078
2018-07-18,248.8443603515625
2018-07-19,247.90591430664062
2018-07-20,247.62252807617188
2018-07-23,248.08294677734375
2018-07-24,249.331298828125
2018-07-25,251.45616149902344
2018-07-26,250.8629608154297
2018-07-27,249.1630859375
2018-07-30,247.86163330078125
2018-07-31,249.08340454101562
2018-08-01,248.667236328125
2018-08-02,250.0219268798828
2018-08-03,251.09323120117188
2018-08-06,252.01394653320312
2018-08-07,252.8462677001953
2018-08-08,252.7400665283203
2018-08-09,252.3947296142578
2018-08-10,250.70361328125
2018-08-13,249.76519775390625
2018-08-14,251.3588104248047
2018-08-15,249.4818115234375
2018-08-16,251.5005340576172
2018-08-17,252.3859405517578
2018-08-20,252.92596435546875
2018-08-21,253.51910400390625
2018-08-22,253.36868286132812
2018-08-23,253.03221130371094
2018-08-24,254.55511474609375
2018-08-27,256.5649108886719
2018-08-28,256.6888732910156
2018-08-29,258.0700378417969
2018-08-30,257.0252685546875
2018-08-31,257.03411865234375
2018-09-04,256.5913391113281
2018-09-05,255.9008331298828
2018-09-06,255.13058471679688
2018-09-07,254.63467407226562
2018-09-10,255.07748413085938
2018-09-11,255.91854858398438
2018-09-12,255.98049926757812
2018-09-13,257.4945373535156
2018-09-14,257.538818359375
2018-09-17,256.17523193359375
2018-09-18,257.5653991699219
2018-09-19,257.8398132324219
2018-09-20,259.9293212890625
2018-09-21,259.6918640136719
2018-09-24,258.8291015625
2018-09-25,258.5889587402344
2018-09-26,257.81524658203125
2018-09-27,258.53564453125
2018-09-28,258.562255859375
2018-10-01,259.46051025390625
2018-10-02,259.3094177246094
2018-10-03,259.45166015625
2018-10-04,257.42388916015625
2018-10-05,255.98304748535156
2018-10-08,255.98304748535156
2018-10-09,255.60960388183594
2018-10-10,247.51614379882812
2018-10-11,242.06423950195312
2018-10-12,245.42608642578125
2018-10-15,244.04759216308594
2018-10-16,249.3838653564453
2018-10-17,249.4282989501953
2018-10-18,245.82630920410156
2018-10-19,245.69288635253906
2018-10-22,244.59007263183594
2018-10-23,243.34483337402344
2018-10-24,235.9719696044922
2018-10-25,240.20533752441406
2018-10-26,235.98077392578125
2018-10-29,234.67340087890625
2018-10-30,238.1509552001953
2018-10-31,240.694580078125
2018-11-01,243.2559356689453
2018-11-02,241.81521606445312
2018-11-05,243.1492156982422
2018-11-06,244.6879119873047
2018-11-07,249.9263916015625
2018-11-08,249.4727783203125
2018-11-09,247.03590393066406
2018-11-12,242.41998291015625
2018-11-13,241.96632385253906
2018-11-14,240.3120880126953
2018-11-15,242.82017517089844
2018-11-16,243.45162963867188
2018-11-19,239.3338623046875
2018-11-20,234.90467834472656
2018-11-21,235.705078125
2018-11-23,234.13088989257812
2018-11-26,237.91079711914062
2018-11-27,238.711181640625
2018-11-28,244.20765686035156
2018-11-29,243.6739501953125
2018-11-30,245.15927124023438
2018-12-03,248.405517578125
2018-12-04,240.35655212402344
2018-12-06,239.9918670654297
2018-12-07,234.4154815673828
2018-12-10,234.86016845703125
2018-12-11,234.9134979248047
2018-12-12,236.0963592529297
2018-12-13,236.01638793945312
2018-12-14,231.65838623046875
2018-12-17,227.1136016845703
2018-12-18,226.86459350585938
2018-12-19,223.46714782714844
2018-12-20,219.82955932617188
2018-12-21,215.3253173828125
2018-12-24,209.6358184814453
2018-12-26,220.2276611328125
2018-12-27,221.9184112548828
2018-12-28,221.63214111328125
2018-12-31,223.5733642578125
2019-01-02,223.8059844970703
2019-01-03,218.46536254882812
2019-01-04,225.78294372558594
2019-01-07,227.5631866455078
2019-01-08,229.7012176513672
2019-01-09,230.7747344970703
2019-01-10,231.58877563476562
2019-01-11,231.67828369140625
2019-01-14,230.26478576660156
2019-01-15,232.90382385253906
2019-01-16,233.4674072265625
2019-01-17,235.23867797851562
2019-01-18,238.3697052001953
2019-01-22,235.14920043945312
2019-01-23,235.6411895751953
2019-01-24,235.76646423339844
2019-01-25,237.7613983154297
2019-01-28,235.9543914794922
2019-01-29,235.6411895751953
2019-01-30,239.37161254882812
2019-01-31,241.47390747070312
2019-02-01,241.5901336669922
2019-02-04,243.28985595703125
2019-02-05,244.3096923828125
2019-02-06,243.98768615722656
2019-02-07,241.6618194580078
2019-02-08,241.95703125
2019-02-11,242.09115600585938
2019-02-12,245.2041778564453
2019-02-13,246.00051879882812
2019-02-14,245.45480346679688
2019-02-15,248.12962341308594
2019-02-19,248.55894470214844
2019-02-20,249.05992126464844
2019-02-21,248.17431640625
2019-02-22,249.71307373046875
2019-02-25,250.0529327392578
2019-02-26,249.8740692138672
2019-02-27,249.7667236328125
2019-02-28,249.30149841308594
2019-03-01,250.85801696777344
2019-03-04,249.94558715820312
2019-03-05,249.60560607910156
2019-03-06,248.09376525878906
2019-03-07,246.01841735839844
2019-03-08,245.52633666992188
2019-03-11,249.0867462158203
2019-03-12,250.02609252929688
2019-03-13,251.6809844970703
2019-03-14,251.5200958251953
2019-03-15,252.76275634765625
2019-03-18,253.67916870117188
2019-03-19,253.7421112060547
2019-03-20,252.97828674316406
2019-03-21,255.83563232421875
2019-03-22,250.9117889404297
2019-03-25,250.72303771972656
2019-03-26,252.59193420410156
2019-03-27,251.27110290527344
2019-03-28,252.22361755371094
2019-03-29,253.81390380859375
2019-04-01,256.823974609375
2019-04-02,256.94976806640625
2019-04-03,257.3540954589844
2019-04-04,258.0369873046875
2019-04-05,259.2859802246094
2019-04-08,259.4836120605469
2019-04-09,258.15380859375
2019-04-10,259.03436279296875
2019-04-11,258.96240234375
2019-04-12,260.71453857421875
2019-04-15,260.5438537597656
2019-04-16,260.71453857421875
2019-04-17,260.0766906738281
2019-04-18,260.5887756347656
2019-04-22,260.8134460449219
2019-04-23,263.1585693359375
2019-04-24,262.5745544433594
2019-04-25,262.412841796875
2019-04-26,263.6347961425781
2019-04-29,264.04815673828125
2019-04-30,264.182861328125
2019-05-01,262.1971740722656
2019-05-02,261.6310119628906
2019-05-03,264.19189453125
2019-05-06,263.104736328125
2019-05-07,258.7108459472656
2019-05-08,258.3514709472656
2019-05-09,257.5697937011719
2019-05-10,258.8636779785156
2019-05-13,252.3583221435547
2019-05-14,254.64064025878906
2019-05-15,256.1321716308594
2019-05-16,258.5042724609375
2019-05-17,256.83294677734375
2019-05-20,255.1348419189453
2019-05-21,257.43505859375
2019-05-22,256.6442565917969
2019-05-23,253.50856018066406
2019-05-24,254.08346557617188
2019-05-28,251.72039794921875
2019-05-29,250.03121948242188
2019-05-30,250.71408081054688
2019-05-31,247.33558654785156
2019-06-03,246.70668029785156
2019-06-04,252.06182861328125
2019-06-05,254.2451934814453
2019-06-06,255.8985137939453
2019-06-07,258.4593200683594
2019-06-10,259.6453552246094
2019-06-11,259.5824279785156
2019-06-12,259.1242370605469
2019-06-13,260.1934814453125
2019-06-14,259.9059753417969
2019-06-17,260.0047302246094
2019-06-18,262.7273254394531
2019-06-19,263.32025146484375
2019-06-20,265.8361511230469
2019-06-21,265.4497375488281
2019-06-24,265.1247253417969
2019-06-25,262.5243835449219
2019-06-26,262.2625427246094
2019-06-27,263.1923828125
2019-06-28,264.5468444824219
2019-07-01,266.94854736328125
2019-07-02,267.6437683105469
2019-07-03,269.7835998535156
2019-07-05,269.4765625
2019-07-08,267.995849609375
2019-07-09,268.3299865722656
2019-07-10,269.6120300292969
2019-07-11,270.2440490722656
2019-07-12,271.45391845703125
2019-07-15,271.54425048828125
2019-07-16,270.6684265136719
2019-07-17,268.8265686035156
2019-07-18,269.8106994628906
2019-07-19,268.31195068359375
2019-07-22,268.970947265625
2019-07-23,270.89422607421875
2019-07-24,272.16729736328125
2019-07-25,270.8670959472656
2019-07-26,272.6819152832031
2019-07-29,272.18524169921875
2019-07-30,271.5172119140625
2019-07-31,268.5466003417969
2019-08-01,266.2081604003906
2019-08-02,264.2037658691406
2019-08-05,256.2583312988281
2019-08-06,259.851806640625
2019-08-07,260.0052795410156
2019-08-08,265.1066589355469
2019-08-09,263.3009033203125
2019-08-12,260.0956115722656
2019-08-13,264.1405334472656
2019-08-14,256.3305358886719
2019-08-15,257.0076599121094
2019-08-16,260.7997741699219
2019-08-19,263.94189453125
2019-08-20,261.9193115234375
2019-08-21,264.05029296875
2019-08-22,263.9689636230469
2019-08-23,257.18829345703125
2019-08-26,260.0323791503906
2019-08-27,259.0121765136719
2019-08-28,260.8359375
2019-08-29,264.1676330566406
2019-08-30,264.05029296875
2019-09-03,262.5063171386719
2019-09-04,265.4858703613281
2019-09-05,268.8987731933594
2019-09-06,269.10638427734375
2019-09-09,269.24188232421875
2019-09-10,269.17864990234375
2019-09-11,271.0928039550781
2019-09-12,272.0318603515625
2019-09-13,271.85125732421875
2019-09-16,271.0115966796875
2019-09-17,271.6977844238281
2019-09-18,271.8602600097656
2019-09-19,271.84222412109375
2019-09-20,270.55780029296875
2019-09-23,270.4942932128906
2019-09-24,268.371826171875
2019-09-25,269.95904541015625
2019-09-26,269.39678955078125
2019-09-27,267.9454650878906
2019-09-30,269.1881103515625
2019-10-01,265.9861755371094
2019-10-02,261.2876281738281
2019-10-03,263.4283447265625
2019-10-04,266.99298095703125
2019-10-07,265.8410949707031
2019-10-08,261.71392822265625
2019-10-09,264.1992492675781
2019-10-10,265.9861755371094
2019-10-11,268.74371337890625
2019-10-14,268.4443359375
2019-10-15,271.1020202636719
2019-10-16,270.6666564941406
2019-10-17,271.4648742675781
2019-10-18,270.2765197753906
2019-10-21,272.1088562011719
2019-10-22,271.21990966796875
2019-10-23,272.009033203125
2019-10-24,272.4535827636719
2019-10-25,273.5691833496094
2019-10-28,275.1111755371094
2019-10-29,275.02960205078125
2019-10-30,275.8731689453125
2019-10-31,275.1383972167969
2019-11-01,277.6873474121094
2019-11-04,278.80291748046875
2019-11-05,278.4945373535156
2019-11-06,278.55804443359375
2019-11-07,279.53765869140625
2019-11-08,280.22705078125
2019-11-11,279.69183349609375
2019-11-12,280.2814025878906
2019-11-13,280.3721618652344
2019-11-14,280.7803649902344
2019-11-15,282.81219482421875
2019-11-18,283.020751953125
2019-11-19,282.9391174316406
2019-11-20,281.886962890625
2019-11-21,281.4334411621094
2019-11-22,282.0592956542969
2019-11-25,284.24530029296875
2019-11-26,284.8892822265625
2019-11-27,286.1591796875
2019-11-29,285.0979309082031
2019-12-02,282.67608642578125
2019-12-03,280.7803649902344
2019-12-04,282.51287841796875
2019-12-05,283.020751953125
2019-12-06,285.6058349609375
2019-12-09,284.70794677734375
2019-12-10,284.3904724121094
2019-12-11,285.1977233886719
2019-12-12,287.6558837890625
2019-12-13,287.82818603515625
2019-12-16,289.8055419921875
2019-12-17,289.86907958984375
2019-12-18,289.8872375488281
2019-12-19,291.0754699707031
2019-12-20,292.3515319824219
2019-12-23,292.7982177734375
2019-12-24,292.8074035644531
2019-12-26,294.3660888671875
2019-12-27,294.2931823730469
2019-12-30,292.6706848144531
2019-12-31,293.38165283203125
2020-01-02,296.125244140625
2020-01-03,293.8829345703125
2020-01-06,295.004150390625
2020-01-07,294.17462158203125
2020-01-08,295.74249267578125
2020-01-09,297.747802734375
2020-01-10,296.890869140625
2020-01-13,298.9327392578125
2020-01-14,298.4769592285156
2020-01-15,299.15155029296875
2020-01-16,301.63995361328125
2020-01-17,302.57879638671875
2020-01-21,301.9862976074219
2020-01-22,302.0228576660156
2020-01-23,302.36920166015625
2020-01-24,299.68023681640625
2020-01-27,294.8765869140625
2020-01-28,297.966552734375
2020-01-29,297.7203674316406
2020-01-30,298.6866455078125
2020-01-31,293.2630920410156
2020-02-03,295.44171142578125
2020-02-04,299.9445495605469
2020-02-05,303.4083251953125
2020-02-06,304.4292297363281
2020-02-07,302.8067626953125
2020-02-10,305.06732177734375
2020-02-11,305.5959167480469
2020-02-12,307.5649719238281
2020-02-13,307.2366943359375
2020-02-14,307.7289123535156
2020-02-18,306.9358825683594
2020-02-19,308.4034729003906
2020-02-20,307.1365051269531
2020-02-21,303.9735107421875
2020-02-24,293.8920593261719
2020-02-25,284.98651123046875
2020-02-26,283.9383544921875
2020-02-27,271.1861572265625
2020-02-28,270.046630859375
2020-03-02,281.7415466308594
2020-03-03,273.67449951171875
2020-03-04,285.1779479980469
2020-03-05,275.6981506347656
2020-03-06,271.1405029296875
2020-03-09,249.96597290039062
2020-03-10,262.900390625
2020-03-11,250.08438110351562
2020-03-12,226.15704345703125
2020-03-13,245.49037170410156
2020-03-16,218.62791442871094
2020-03-17,230.43206787109375
2020-03-18,218.76466369628906
2020-03-19,219.2295379638672
2020-03-20,209.78196716308594
2020-03-23,204.41824340820312
2020-03-24,222.939208984375
2020-03-25,226.27664184570312
2020-03-26,239.4888916015625
2020-03-27,232.35557556152344
2020-03-30,239.90147399902344
2020-03-31,236.32566833496094
2020-04-01,225.68983459472656
2020-04-02,230.8977508544922
2020-04-03,227.56027221679688
2020-04-06,242.8446807861328
2020-04-07,243.0922393798828
2020-04-08,251.25244140625
2020-04-09,255.07591247558594
2020-04-13,252.74688720703125
2020-04-14,260.20123291015625
2020-04-15,254.6724090576172
2020-04-16,255.90101623535156
2020-04-17,262.8143310546875
2020-04-20,258.18402099609375
2020-04-21,250.3447723388672
2020-04-22,255.90101623535156
2020-04-23,255.8826141357422
2020-04-24,259.4493103027344
2020-04-27,263.1902160644531
2020-04-28,261.9799499511719
2020-04-29,268.8381652832031
2020-04-30,266.33514404296875
2020-05-01,259.2842712402344
2020-05-04,259.99951171875
2020-05-05,262.40167236328125
2020-05-06,260.6229553222656
2020-05-07,263.767822265625
2020-05-08,268.1322326660156
2020-05-11,268.18719482421875
2020-05-12,262.8417663574219
2020-05-13,258.1932373046875
2020-05-14,261.2831115722656
2020-05-15,262.484130859375
2020-05-18,270.4794006347656
2020-05-19,267.701171875
2020-05-20,272.2490234375
2020-05-21,270.369384765625
2020-05-22,270.8828125
2020-05-26,274.2203063964844
2020-05-27,278.3003845214844
2020-05-28,277.7868957519531
2020-05-29,279.0246887207031
2020-06-01,280.1523742675781
2020-06-02,282.4721984863281
2020-06-03,286.23138427734375
2020-06-04,285.47955322265625
2020-06-05,292.7962646484375
2020-06-08,296.33544921875
2020-06-09,294.1257629394531
2020-06-10,292.48455810546875
2020-06-11,275.6230773925781
2020-06-12,278.9238586425781
2020-06-15,281.52777099609375
2020-06-16,286.946533203125
2020-06-17,285.754638671875
2020-06-18,285.8647155761719
2020-06-19,284.2309265136719
2020-06-22,286.0543212890625
2020-06-23,287.3712463378906
2020-06-24,280.0408020019531
2020-06-25,283.0429382324219
2020-06-26,276.3202819824219
2020-06-29,280.3814697265625
2020-06-30,283.9730224609375
2020-07-01,285.96221923828125
2020-07-02,287.53704833984375
2020-07-06,291.9757995605469
2020-07-07,288.9644470214844
2020-07-08,291.174560546875
2020-07-09,289.5169372558594
2020-07-10,292.47308349609375
2020-07-13,289.9405517578125
2020-07-14,293.6978759765625
2020-07-15,296.3962097167969
2020-07-16,295.4200744628906
2020-07-17,296.2764587402344
2020-07-20,298.67083740234375
2020-07-21,299.30633544921875
2020-07-22,301.0098876953125
2020-07-23,297.4185485839844
2020-07-24,295.50286865234375
2020-07-27,297.6578063964844
2020-07-28,295.77001953125
2020-07-29,299.4075622558594
2020-07-30,298.3393249511719
2020-07-31,300.6969299316406
2020-08-03,302.78741455078125
2020-08-04,303.9569396972656
2020-08-05,305.8447570800781
2020-08-06,307.88916015625
2020-08-07,308.1102600097656
2020-08-10,309.0311584472656
2020-08-11,306.48016357421875
2020-08-12,310.7533264160156
2020-08-13,310.1914978027344
2020-08-14,310.2007141113281
2020-08-17,311.1860656738281
2020-08-18,311.8583984375
2020-08-19,310.5599365234375
2020-08-20,311.5268859863281
2020-08-21,312.63189697265625
2020-08-24,315.7999267578125
2020-08-25,316.9049987792969
2020-08-26,320.0821838378906
2020-08-27,320.781982421875
2020-08-28,322.85406494140625
2020-08-31,321.68450927734375
2020-09-01,324.71429443359375
2020-09-02,329.4110107421875
2020-09-03,318.0745849609375
2020-09-04,315.4775695800781
2020-09-08,306.85784912109375
2020-09-09,312.9173889160156
2020-09-10,307.4840393066406
2020-09-11,307.640625
2020-09-14,311.6926574707031
2020-09-15,313.2673034667969
2020-09-16,312.0242614746094
2020-09-17,309.27978515625
2020-09-18,305.71917724609375
2020-09-21,302.31658935546875
2020-09-22,305.3955383300781
2020-09-23,298.3131103515625
2020-09-24,299.1083068847656
2020-09-25,303.94390869140625
2020-09-28,308.9921875
2020-09-29,307.30950927734375
2020-09-30,309.6394958496094
2020-10-01,311.62738037109375
2020-10-02,308.668701171875
2020-10-05,314.142333984375
2020-10-06,309.67645263671875
2020-10-07,315.06689453125
2020-10-08,317.85919189453125
2020-10-09,320.69769287109375
2020-10-12,325.85699462890625
2020-10-13,323.73046875
2020-10-14,321.6962585449219
2020-10-15,321.2987060546875
2020-10-16,321.10455322265625
2020-10-19,316.22265625
2020-10-20,317.4892578125
2020-10-21,316.88836669921875
2020-10-22,318.62652587890625
2020-10-23,319.70843505859375
2020-10-26,313.8002624511719
2020-10-27,312.71844482421875
2020-10-28,302.0299987792969
2020-10-29,305.0997619628906
2020-10-30,301.9190673828125
2020-11-02,305.3031005859375
2020-11-03,310.693603515625
2020-11-04,317.63726806640625
2020-11-05,323.8320007324219
2020-11-06,323.75811767578125
2020-11-09,327.826416015625
2020-11-10,327.3455505371094
2020-11-11,329.77728271484375
2020-11-12,326.578125
2020-11-13,331.0993347167969
2020-11-16,335.2325134277344
2020-11-17,333.42950439453125
2020-11-18,329.416748046875
2020-11-19,330.8035888671875
2020-11-20,328.53826904296875
2020-11-23,330.5077209472656
2020-11-24,335.8334045410156
2020-11-25,335.31561279296875
2020-11-27,336.2494812011719
2020-11-30,334.76092529296875
2020-12-01,338.42230224609375
2020-12-02,339.13433837890625
2020-12-03,339.0418395996094
2020-12-04,341.9635314941406
2020-12-07,341.2608337402344
2020-12-08,342.2594909667969
2020-12-09,339.18975830078125
2020-12-10,339.0787658691406
2020-12-11,338.68121337890625
2020-12-14,337.1647644042969
2020-12-15,341.72314453125
2020-12-16,342.2594909667969
2020-12-17,344.1733093261719
2020-12-18,342.799072265625
2020-12-21,341.5733337402344
2020-12-22,340.9976501464844
2020-12-23,341.3041687011719
2020-12-24,342.6318664550781
2020-12-28,345.5754089355469
2020-12-29,344.9161376953125
2020-12-30,345.4082946777344
2020-12-31,347.1631774902344
2021-01-04,342.4368896484375
2021-01-05,344.7953796386719
2021-01-06,346.8568115234375
2021-01-07,352.0101623535156
2021-01-08,354.0158996582031
2021-01-11,351.6295471191406
2021-01-12,351.70367431640625
2021-01-13,352.65087890625
2021-01-14,351.41595458984375
2021-01-15,348.8531799316406
2021-01-19,351.5924072265625
2021-01-20,356.45794677734375
2021-01-21,356.7828369140625
2021-01-22,355.5201721191406
2021-01-25,356.9222106933594
2021-01-26,356.3650207519531
2021-01-27,347.6553039550781
2021-01-28,350.6452331542969
2021-01-29,343.6255187988281
2021-02-01,349.34527587890625
2021-02-02,354.28509521484375
2021-02-03,354.563720703125
2021-02-04,358.5935363769531
2021-02-05,360.0048828125
2021-02-08,362.6048889160156
2021-02-09,362.36346435546875
2021-02-10,362.20556640625
2021-02-11,362.79046630859375
2021-02-12,364.5826110839844
2021-02-16,364.26690673828125
2021-02-17,364.35052490234375
2021-02-18,362.7998352050781
2021-02-19,362.1591796875
2021-02-22,359.3735656738281
2021-02-23,359.8099670410156
2021-02-24,363.7748107910156
2021-02-25,355.0093994140625
2021-02-26,353.18017578125
2021-03-01,361.7413330078125
2021-03-02,358.9185485839844
2021-03-03,354.1644287109375
2021-03-04,349.78167724609375
2021-03-05,356.21649169921875
2021-03-08,354.4429931640625
2021-03-09,359.5035705566406
2021-03-10,361.7413330078125
2021-03-11,365.4090576171875
2021-03-12,365.9011535644531
2021-03-15,368.083251953125
2021-03-16,367.6190490722656
2021-03-17,368.8725280761719
2021-03-18,363.50555419921875
2021-03-19,362.83294677734375
2021-03-22,365.7301940917969
2021-03-23,362.85162353515625
2021-03-24,361.00701904296875
2021-03-25,363.03790283203125
2021-03-26,368.8882751464844
2021-03-29,368.70196533203125
2021-03-30,367.7237243652344
2021-03-31,369.2143249511719
2021-04-01,373.201416015625
2021-04-05,378.55804443359375
2021-04-06,378.33447265625
2021-04-07,378.77227783203125
2021-04-08,380.5703430175781
2021-04-09,383.33709716796875
2021-04-12,383.4768371582031
2021-04-13,384.6133117675781
2021-04-14,383.2998352050781
2021-04-15,387.41741943359375
2021-04-16,388.7123718261719
2021-04-19,386.8025817871094
2021-04-20,383.9705810546875
2021-04-21,387.603759765625
2021-04-22,384.0637512207031
2021-04-23,388.2278747558594
2021-04-26,389.038330078125
2021-04-27,388.9544982910156
2021-04-28,388.84271240234375
2021-04-29,391.32073974609375
2021-04-30,388.7496032714844
2021-05-03,389.5880126953125
2021-05-04,387.1845397949219
2021-05-05,387.30560302734375
2021-05-06,390.3985595703125
2021-05-07,393.23974609375
2021-05-10,389.3457946777344
2021-05-11,385.8709716796875
2021-05-12,377.6731262207031
2021-05-13,382.2098693847656
2021-05-14,388.078857421875
2021-05-17,387.09136962890625
2021-05-18,383.75634765625
2021-05-19,382.75018310546875
2021-05-20,386.8677673339844
2021-05-21,386.551025390625
2021-05-24,390.4916076660156
2021-05-25,389.6252136230469
2021-05-26,390.3985595703125
2021-05-27,390.60345458984375
2021-05-28,391.3020935058594
2021-06-01,390.95745849609375
2021-06-02,391.5722351074219
2021-06-03,390.1190490722656
2021-06-04,393.6869201660156
2021-06-07,393.304931640625
2021-06-08,393.38897705078125
2021-06-09,392.80194091796875
2021-06-10,394.6278991699219
2021-06-11,395.2799377441406
2021-06-14,396.1650085449219
2021-06-15,395.4383544921875
2021-06-16,393.2304382324219
2021-06-17,393.1000671386719
2021-06-18,387.7969665527344
2021-06-21,393.3486022949219
2021-06-22,395.4516906738281
2021-06-23,394.9748840332031
2021-06-24,397.3115234375
2021-06-25,398.7228698730469
2021-06-28,399.5266418457031
2021-06-29,399.7416076660156
2021-06-30,400.0780334472656
2021-07-01,402.2930603027344
2021-07-02,405.3680419921875
2021-07-06,404.6296691894531
2021-07-07,406.0596618652344
2021-07-08,402.7510986328125
2021-07-09,407.0503845214844
2021-07-12,408.50836181640625
2021-07-13,407.1158142089844
2021-07-14,407.7232971191406
2021-07-15,406.3306884765625
2021-07-16,403.1436462402344
2021-07-19,397.1900634765625
2021-07-20,402.8819274902344
2021-07-21,406.14373779296875
2021-07-22,406.994384765625
2021-07-23,411.18145751953125
2021-07-26,412.19085693359375
2021-07-27,410.312255859375
2021-07-28,410.14398193359375
2021-07-29,411.8450927734375
2021-07-30,409.844970703125
2021-08-02,408.98504638671875
2021-08-03,412.3123474121094
2021-08-04,410.2843017578125
2021-08-05,412.88250732421875
2021-08-06,413.56475830078125
2021-08-09,413.228271484375
2021-08-10,413.7423095703125
2021-08-11,414.77044677734375
2021-08-12,416.0135498046875
2021-08-13,416.7705078125
2021-08-16,417.75189208984375
2021-08-17,415.0133972167969
2021-08-18,410.47113037109375
2021-08-19,411.1066589355469
2021-08-20,414.3778991699219
2021-08-23,418.0229187011719
2021-08-24,418.6865234375
2021-08-25,419.5650939941406
2021-08-26,417.0882873535156
2021-08-27,420.8175048828125
2021-08-30,422.6681213378906
2021-08-31,422.04180908203125
2021-09-01,422.26617431640625
2021-09-02,423.5653381347656
2021-09-03,423.4624938964844
2021-09-07,421.94842529296875
2021-09-08,421.43438720703125
2021-09-09,419.6305847167969
2021-09-10,416.3219299316406
2021-09-13,417.3872985839844
2021-09-14,415.1349182128906
2021-09-15,418.6024169921875
2021-09-16,417.9388122558594
2021-09-17,413.86761474609375
2021-09-20,406.96673583984375
2021-09-21,406.58233642578125
2021-09-22,410.54852294921875
2021-09-23,415.5365905761719
2021-09-24,416.2211608886719
2021-09-27,415.0303039550781
2021-09-28,406.6667175292969
2021-09-29,407.3511657714844
2021-09-30,402.3724670410156
2021-10-01,407.1542663574219
2021-10-04,401.90362548828125
2021-10-05,406.0853576660156
2021-10-06,407.77313232421875
2021-10-07,411.298583984375
2021-10-08,410.54852294921875
2021-10-11,407.576171875
2021-10-12,406.57293701171875
2021-10-13,408.0356140136719
2021-10-14,414.8990173339844
2021-10-15,418.0588684082031
2021-10-18,419.2965393066406
2021-10-19,422.53131103515625
2021-10-20,424.1908874511719
2021-10-21,425.29730224609375
2021-10-22,424.856689453125
2021-10-25,427.135009765625
2021-10-26,427.5195007324219
2021-10-27,425.6255187988281
2021-10-28,429.7322998046875
2021-10-29,430.60430908203125
2021-11-01,431.3450012207031
2021-11-02,433.0890197753906
2021-11-03,435.73309326171875
2021-11-04,437.7864990234375
2021-11-05,439.3054504394531
2021-11-08,439.6805114746094
2021-11-09,438.2271423339844
2021-11-10,434.70166015625
2021-11-11,434.8423156738281
2021-11-12,438.1240234375
2021-11-15,438.2740173339844
2021-11-16,440.0086975097656
2021-11-17,438.939697265625
2021-11-18,440.43060302734375
2021-11-19,439.6429748535156
2021-11-22,438.4053039550781
2021-11-23,438.9866943359375
2021-11-24,440.1586608886719
2021-11-26,430.3417663574219
2021-11-29,435.6205749511719
2021-11-30,427.1443786621094
2021-12-01,422.4000244140625
2021-12-02,428.8695983886719
2021-12-03,425.137939453125
2021-12-06,430.1730651855469
2021-12-07,439.071044921875
2021-12-08,440.2336730957031
2021-12-09,437.26141357421875
2021-12-10,441.3775939941406
2021-12-13,437.4676818847656
2021-12-14,434.4578857421875
2021-12-15,441.24639892578125
2021-12-16,437.3551940917969
2021-12-17,432.7004699707031
2021-12-20,428.0993957519531
2021-12-21,435.7020263671875
2021-12-22,440.0584411621094
2021-12-23,442.79656982421875
2021-12-27,449.0630187988281
2021-12-28,448.6960144042969
2021-12-29,449.2701110839844
2021-12-30,448.028076171875
2021-12-31,446.89892578125
2022-01-03,449.4864196777344
2022-01-04,449.33587646484375
2022-01-05,440.70770263671875
2022-01-06,440.293701171875
2022-01-07,438.5529479980469
2022-01-10,438.00726318359375
2022-01-11,441.9967041015625
2022-01-12,443.19171142578125
2022-01-13,437.08514404296875
2022-01-14,437.263916015625
2022-01-18,429.5201721191406
2022-01-19,425.0602111816406
2022-01-20,420.3556213378906
2022-01-21,412.1037902832031
2022-01-24,413.8538818359375
2022-01-25,408.8011779785156
2022-01-26,407.7755126953125
2022-01-27,405.76190185546875
2022-01-28,415.8392333984375
2022-01-31,423.328857421875
2022-02-01,426.1893005371094
2022-02-02,430.3293151855469
2022-02-03,420.2145080566406
2022-02-04,422.1903991699219
2022-02-07,420.8354187011719
2022-02-08,424.2980651855469
2022-02-09,430.50811767578125
2022-02-10,422.7738037109375
2022-02-11,414.437255859375
2022-02-14,413.082275390625
2022-02-15,419.74407958984375
2022-02-16,420.2145080566406
2022-02-17,411.2381286621094
2022-02-18,408.5753173828125
2022-02-22,404.1905822753906
2022-02-23,397.02081298828125
2022-02-24,402.9955749511719
2022-02-25,411.8873596191406
2022-02-28,410.8335266113281
2022-03-01,404.576416015625
2022-03-02,412.01910400390625
2022-03-03,409.9678649902344
2022-03-04,406.636962890625
2022-03-07,394.64971923828125
2022-03-08,391.6575927734375
2022-03-09,402.1582336425781
2022-03-10,400.3423156738281
2022-03-11,395.2518005371094
2022-03-14,392.3632507324219
2022-03-15,400.99151611328125
2022-03-16,409.8831481933594
2022-03-17,415.0111999511719
2022-03-18,419.5567321777344
2022-03-21,419.43402099609375
2022-03-22,424.34197998046875
2022-03-23,418.8771667480469
2022-03-24,425.19146728515625
2022-03-25,427.2679138183594
2022-03-28,430.3070983886719
2022-03-29,435.6303405761719
2022-03-30,432.94036865234375
2022-03-31,426.27685546875
2022-04-01,427.4849548339844
2022-04-04,431.1470642089844
2022-04-05,425.70111083984375
2022-04-06,421.4443054199219
2022-04-07,423.5679931640625
2022-04-08,422.4354553222656
2022-04-11,415.2150573730469
2022-04-12,413.6766052246094
2022-04-13,418.4146728515625
2022-04-14,413.20458984375
2022-04-18,413.3746032714844
2022-04-19,420.0474853515625
2022-04-20,419.736083984375
2022-04-21,413.45953369140625
2022-04-22,402.11456298828125
2022-04-25,404.4457702636719
2022-04-26,392.732666015625
2022-04-27,393.8370056152344
2022-04-28,403.7851257324219
2022-04-29,388.8630065917969
2022-05-02,391.2037048339844
2022-05-03,392.99700927734375
2022-05-04,404.9649353027344
2022-05-05,390.5713195800781
2022-05-06,388.2400817871094
2022-05-09,375.80963134765625
2022-05-10,376.677978515625
2022-05-11,370.69403076171875
2022-05-12,370.3070068359375
2022-05-13,379.1603088378906
2022-05-16,377.62176513671875
2022-05-17,385.3896789550781
2022-05-18,369.85400390625
2022-05-19,367.5887756347656
2022-05-20,367.74920654296875
2022-05-23,374.6298828125
2022-05-24,371.7699890136719
2022-05-25,375.0545959472656
2022-05-26,382.5486145019531
2022-05-27,391.93988037109375
2022-05-31,389.7406921386719
2022-06-01,386.5882873535156
2022-06-02,393.95025634765625
2022-06-03,387.4850158691406
2022-06-06,388.6648254394531
2022-06-07,392.3929443359375
2022-06-08,388.1267395019531
2022-06-09,378.8959655761719
2022-06-10,367.90966796875
2022-06-13,353.94085693359375
2022-06-14,352.8742980957031
2022-06-15,357.9049377441406
2022-06-16,346.05975341796875
2022-06-17,346.8057556152344
2022-06-21,355.5360412597656
2022-06-22,354.89154052734375
2022-06-23,358.370361328125
2022-06-24,369.7642517089844
2022-06-27,368.3518981933594
2022-06-28,360.825439453125
2022-06-29,360.5316162109375
2022-06-30,357.6025695800781
2022-07-01,361.384765625
2022-07-05,362.0672607421875
2022-07-06,363.2900695800781
2022-07-07,368.7311096191406
2022-07-08,368.42779541015625
2022-07-11,364.2190246582031
2022-07-12,360.9960632324219
2022-07-13,359.1002502441406
2022-07-14,358.2282409667969
2022-07-15,365.0721435546875
2022-07-18,362.05780029296875
2022-07-19,371.8402404785156
2022-07-20,374.2101135253906
2022-07-21,378.020751953125
2022-07-22,374.5133972167969
2022-07-25,374.9684753417969
2022-07-26,370.53216552734375
2022-07-27,380.153564453125
2022-07-28,384.9215393066406
2022-07-29,390.53326416015625
2022-08-01,389.37677001953125
2022-08-02,386.8079833984375
2022-08-03,392.865234375
2022-08-04,392.5997619628906
2022-08-05,391.93621826171875
2022-08-08,391.4811706542969
2022-08-09,389.9266052246094
2022-08-10,398.1165771484375
2022-08-11,398.1165771484375
2022-08-12,404.8563232421875
2022-08-15,406.5246276855469
2022-08-16,407.3209533691406
2022-08-17,404.4297180175781
2022-08-18,405.605224609375
2022-08-19,400.1546325683594
2022-08-22,391.8224182128906
2022-08-23,390.8745422363281
2022-08-24,392.12579345703125
2022-08-25,397.66168212890625
2022-08-26,384.20111083984375
2022-08-29,381.6607666015625
2022-08-30,377.4709777832031
2022-08-31,374.5987243652344
2022-09-01,375.774169921875
2022-09-02,371.8117980957031
2022-09-06,370.4089050292969
2022-09-07,377.06329345703125
2022-09-08,379.5279541015625
2022-09-09,385.4239196777344
2022-09-12,389.56640625
2022-09-13,372.6270751953125
2022-09-14,374.0489196777344
2022-09-15,369.80230712890625
2022-09-16,366.9810791015625
2022-09-19,369.8269958496094
2022-09-20,365.5818786621094
2022-09-21,359.2048034667969
2022-09-22,356.1875305175781
2022-09-23,350.2196044921875
2022-09-26,346.75506591796875
2022-09-27,345.8699035644531
2022-09-28,352.6753845214844
2022-09-29,345.30828857421875
2022-09-30,339.9686279296875
2022-10-03,348.9441833496094
2022-10-04,359.7568359375
2022-10-05,358.91925048828125
2022-10-06,355.2167053222656
2022-10-07,345.30828857421875
2022-10-10,342.6717529296875
2022-10-11,340.5016174316406
2022-10-12,339.3784484863281
2022-10-13,348.33502197265625
2022-10-14,340.39691162109375
2022-10-17,349.1441650390625
2022-10-18,353.2464599609375
2022-10-19,350.7431335449219
2022-10-20,347.80206298828125
2022-10-21,356.254150390625
2022-10-24,360.6134338378906
2022-10-25,366.37188720703125
2022-10-26,363.6116027832031
2022-10-27,361.6700134277344
2022-10-28,370.2743835449219
2022-10-31,367.5997314453125
2022-11-01,365.9911804199219
2022-11-02,356.80621337890625
2022-11-03,353.1321716308594
2022-11-04,358.21490478515625
2022-11-07,361.6414794921875
2022-11-08,363.5926513671875
2022-11-09,356.1019287109375
2022-11-10,375.671142578125
2022-11-11,379.3070983886719
2022-11-14,376.0804138183594
2022-11-15,379.28802490234375
2022-11-16,376.3945007324219
2022-11-17,375.24285888671875
2022-11-18,376.9465637207031
2022-11-21,375.57598876953125
2022-11-22,380.6300964355469
2022-11-23,383.0286560058594
2022-11-25,382.9429626464844
2022-11-28,376.8323669433594
2022-11-29,376.18511962890625
2022-11-30,388.0351257324219
2022-12-01,387.74969482421875
2022-12-02,387.30230712890625
2022-12-05,380.33502197265625
2022-12-06,374.8525695800781
2022-12-07,374.2148742675781
2022-12-08,377.14642333984375
2022-12-09,374.3290710449219
2022-12-12,379.7259216308594
2022-12-13,382.6003112792969
2022-12-14,380.1541748046875
2022-12-15,370.85498046875
2022-12-16,366.4766845703125
2022-12-19,363.3689880371094
2022-12-20,363.8662414550781
2022-12-21,369.3069763183594
2022-12-22,364.038330078125
2022-12-23,366.1324157714844
2022-12-27,364.6885681152344
2022-12-28,360.15625
2022-12-29,366.6391906738281
2022-12-30,365.6734313964844
2023-01-03,364.1339416503906
2023-01-04,366.9451599121094
2023-01-05,362.757080078125
2023-01-06,371.0758361816406
2023-01-09,370.86553955078125
2023-01-10,373.4662780761719
2023-01-11,378.1898498535156
2023-01-12,379.5667419433594
2023-01-13,381.039306640625
2023-01-17,380.34124755859375
2023-01-18,374.3363952636719
2023-01-19,371.6112976074219
2023-01-20,378.5340881347656
2023-01-23,383.0760192871094
2023-01-24,382.664794921875
2023-01-25,382.8082275390625
2023-01-26,387.01544189453125
2023-01-27,387.9046630859375
2023-01-30,383.0377197265625
2023-01-31,388.6697082519531
2023-02-01,392.8003234863281
2023-02-02,398.5182800292969
2023-02-03,394.282470703125
2023-02-06,391.8728942871094
2023-02-07,396.9979553222656
2023-02-08,392.6568908691406
2023-02-09,389.2529602050781
2023-02-10,390.16131591796875
2023-02-13,394.7414245605469
2023-02-14,394.55975341796875
2023-02-15,395.84100341796875
2023-02-16,390.3907165527344
2023-02-17,389.4154968261719
2023-02-21,381.60345458984375
2023-02-22,381.0775451660156
2023-02-23,383.1046447753906
2023-02-24,379.01220703125
2023-02-27,380.3030090332031
2023-02-28,378.8974304199219
2023-03-01,377.44403076171875
2023-03-02,380.3794860839844
2023-03-03,386.4799499511719
2023-03-06,386.7477111816406
2023-03-07,380.81939697265625
2023-03-08,381.44091796875
2023-03-09,374.4033508300781
2023-03-10,369.0009460449219
2023-03-13,368.4749450683594
2023-03-14,374.56597900390625
2023-03-15,372.2232666015625
2023-03-16,378.75396728515625
2023-03-17,374.3253479003906
2023-03-20,377.92474365234375
2023-03-21,382.8870544433594
2023-03-22,376.36016845703125
2023-03-23,377.3776550292969
2023-03-24,379.8540344238281
2023-03-27,380.5642395019531
2023-03-28,379.71002197265625
2023-03-29,385.22906494140625
2023-03-30,387.48468017578125
2023-03-31,392.9461364746094
2023-04-03,394.4434814453125
2023-04-04,392.2550354003906
2023-04-05,391.2279968261719
2023-04-06,392.7541809082031
2023-04-10,393.15728759765625
2023-04-11,393.26287841796875
2023-04-12,391.6598815917969
2023-04-13,396.86224365234375
2023-04-14,395.89276123046875
2023-04-17,397.31341552734375
2023-04-18,397.572509765625
2023-04-19,397.50537109375
2023-04-20,395.3360595703125
2023-04-21,395.6432189941406
2023-04-24,396.05596923828125
2023-04-25,389.76904296875
2023-04-26,388.11810302734375
2023-04-27,395.8448791503906
2023-04-28,399.2234191894531
2023-05-01,398.8203125
2023-05-02,394.33782958984375
2023-05-03,391.6311340332031
2023-05-04,388.85723876953125
2023-05-05,396.05596923828125
2023-05-08,396.1615295410156
2023-05-09,394.42425537109375
2023-05-10,396.2671203613281
2023-05-11,395.57611083984375
2023-05-12,395.0577392578125
2023-05-15,396.4207763671875
2023-05-16,393.7715759277344
2023-05-17,398.55157470703125
2023-05-18,402.3908996582031
2023-05-19,401.805419921875
2023-05-22,401.968505859375
2023-05-23,397.45733642578125
2023-05-24,394.577880859375
2023-05-25,397.994873046875
2023-05-26,403.1491394042969
2023-05-30,403.30267333984375
2023-05-31,401.0662841796875
2023-06-01,404.8768615722656
2023-06-02,410.7318420410156
2023-06-05,409.94476318359375
2023-06-06,410.83746337890625
2023-06-07,409.4168701171875
2023-06-08,411.8932189941406
2023-06-09,412.63226318359375
2023-06-12,416.37567138671875
2023-06-13,419.1207275390625
2023-06-14,419.61993408203125
2023-06-15,424.8221740722656
2023-06-16,423.3751220703125
2023-06-20,421.1786193847656
2023-06-21,419.02056884765625
2023-06-22,420.5331115722656
2023-06-23,417.3539123535156
2023-06-26,415.648681640625
2023-06-27,420.20562744140625
2023-06-28,420.4175720214844
2023-06-29,422.07452392578125
2023-06-30,427.0553894042969
2023-07-03,427.54669189453125
2023-07-05,426.910888671875
2023-07-06,423.5678405761719
2023-07-07,422.4984436035156
2023-07-10,423.5678405761719
2023-07-11,426.26531982421875
2023-07-12,429.6950378417969
2023-07-13,433.1054382324219
2023-07-14,432.8357238769531
2023-07-17,434.3385925292969
2023-07-18,437.56597900390625
2023-07-19,438.5390319824219
2023-07-20,435.6296081542969
2023-07-21,435.6296081542969
2023-07-24,437.5756530761719
2023-07-25,438.770263671875
2023-07-26,438.8376770019531
2023-07-27,435.92822265625
2023-07-28,440.1961364746094
2023-07-31,441.0342712402344
2023-08-01,439.7722473144531
2023-08-02,433.6546325683594
2023-08-03,432.41180419921875
2023-08-04,430.4561462402344
2023-08-07,434.21337890625
2023-08-08,432.32513427734375
2023-08-09,429.4349060058594
2023-08-10,429.58905029296875
2023-08-11,429.33856201171875
2023-08-14,431.7085266113281
2023-08-15,426.67962646484375
2023-08-16,423.5485534667969
2023-08-17,420.3211669921875
2023-08-18,420.52349853515625
2023-08-21,423.2595520019531
2023-08-22,422.1130676269531
2023-08-23,426.81451416015625
2023-08-24,420.899169921875
2023-08-25,423.866455078125
2023-08-28,426.55438232421875
2023-08-29,432.7201232910156
2023-08-30,434.50238037109375
2023-08-31,433.8665466308594
2023-09-01,434.67578125
2023-09-05,432.79718017578125
2023-09-06,429.88775634765625
2023-09-07,428.56781005859375
2023-09-08,429.21331787109375
2023-09-11,432.0361328125
2023-09-12,429.6661071777344
2023-09-13,430.1670837402344
2023-09-14,433.87615966796875
2023-09-15,428.648681640625
2023-09-18,428.90008544921875
2023-09-19,428.0106201171875
2023-09-20,424.0757751464844
2023-09-21,417.0664978027344
2023-09-22,416.12872314453125
2023-09-25,417.87860107421875
2023-09-26,411.7393798828125
2023-09-27,411.90374755859375
2023-09-28,414.2917785644531
2023-09-29,413.28631591796875
2023-10-02,413.1219482421875
2023-10-03,407.5918884277344
2023-10-04,410.5599365234375
2023-10-05,410.4052734375
2023-10-06,415.2779235839844
2023-10-09,417.9366149902344
2023-10-10,420.11187744140625
2023-10-11,421.83282470703125
2023-10-12,419.2611389160156
2023-10-13,417.1728515625
2023-10-16,421.5621337890625
2023-10-17,421.54278564453125
2023-10-18,415.9256896972656
2023-10-19,412.2711486816406
2023-10-20,407.2051696777344
2023-10-23,406.4993896484375
2023-10-24,409.5641174316406
2023-10-25,403.68597412109375
2023-10-26,398.8520202636719
2023-10-27,397.04412841796875
2023-10-30,401.7911071777344
2023-10-31,404.3144226074219
2023-11-01,408.6263427734375
2023-11-02,416.45745849609375
2023-11-03,420.2569274902344
2023-11-06,421.22369384765625
2023-11-07,422.4225158691406
2023-11-08,422.73193359375
2023-11-09,419.4351806640625
2023-11-10,425.9803466796875
2023-11-13,425.57427978515625
2023-11-14,433.830810546875
2023-11-15,434.7491760253906
2023-11-16,435.2809753417969
2023-11-17,435.8222961425781
2023-11-20,439.1771240234375
2023-11-21,438.219970703125
2023-11-22,439.9118957519531
2023-11-24,440.18255615234375
2023-11-27,439.3898620605469
2023-11-28,439.82489013671875
2023-11-29,439.5155029296875
2023-11-30,441.24603271484375
2023-12-01,443.8564453125
2023-12-04,441.5264587402344
2023-12-05,441.4394226074219
2023-12-06,439.6605224609375
2023-12-07,443.0152893066406
2023-12-08,444.919921875
2023-12-11,446.6504211425781
2023-12-12,448.6904602050781
2023-12-13,454.8778991699219
2023-12-14,456.3377685546875
2023-12-15,455.58642578125
2023-12-18,458.1491394042969
2023-12-19,460.93511962890625
2023-12-20,454.54779052734375
2023-12-21,458.8577575683594
2023-12-22,459.7799072265625
2023-12-26,461.7213134765625
2023-12-27,462.55615234375
2023-12-28,462.73095703125
2023-12-29,461.39129638671875
2024-01-02,458.8092041015625
2024-01-03,455.0622253417969
2024-01-04,453.5964050292969
2024-01-05,454.2177734375
2024-01-08,460.7021179199219
2024-01-09,460.003173828125
2024-01-10,462.604736328125
2024-01-11,462.40093994140625
2024-01-12,462.7212219238281
2024-01-16,461.0224609375
2024-01-17,458.45977783203125
2024-01-18,462.5367126464844
2024-01-19,468.3028259277344
2024-01-22,469.29296875
2024-01-23,470.66168212890625
2024-01-24,471.1761474609375
2024-01-25,473.73883056640625
2024-01-26,473.1369934082031
2024-01-29,476.8839416503906
2024-01-30,476.5150146484375
2024-01-31,468.7396545410156
2024-02-01,474.87457275390625
2024-02-02,479.873779296875
2024-02-05,478.1264953613281
2024-02-06,479.5146179199219
2024-02-07,483.51397705078125
2024-02-08,483.7275085449219
2024-02-09,486.523193359375
2024-02-12,486.3096008300781
2024-02-13,479.6116638183594
2024-02-14,483.9701843261719
2024-02-15,487.3094787597656
2024-02-16,484.8826904296875
2024-02-20,482.21319580078125
2024-02-21,482.6499938964844
2024-02-22,492.638671875
2024-02-23,492.97845458984375
2024-02-26,491.1728820800781
2024-02-27,492.08538818359375
2024-02-28,491.4350280761719
2024-02-29,493.20172119140625
2024-03-01,497.8320007324219
2024-03-04,497.298095703125
2024-03-05,492.32806396484375
2024-03-06,494.8228454589844
2024-03-07,499.7345886230469
2024-03-08,496.7351379394531
2024-03-11,496.3080139160156
2024-03-12,501.6470031738281
2024-03-13,500.860595703125
2024-03-14,499.8704833984375
2024-03-15,496.4381408691406
2024-03-18,499.3885498046875
2024-03-19,502.1636962890625
2024-03-20,506.80828857421875
2024-03-21,508.48321533203125
2024-03-22,507.5192565917969
2024-03-25,506.1170349121094
2024-03-26,505.1822509765625
2024-03-27,509.4277038574219
2024-03-28,509.330322265625
2024-04-01,508.44427490234375
2024-04-02,505.21148681640625
2024-04-03,505.7664489746094
2024-04-04,499.5930480957031
2024-04-05,504.8122253417969
2024-04-08,505.0946350097656
2024-04-09,505.6788330078125
2024-04-10,500.6154479980469
2024-04-11,504.3935852050781
2024-04-12,497.43133544921875
2024-04-15,491.199462890625
2024-04-16,490.3036193847656
2024-04-17,487.40185546875
2024-04-18,486.3989562988281
2024-04-19,482.15350341796875
2024-04-22,486.5937194824219
2024-04-23,492.3679504394531
2024-04-24,492.1342468261719
2024-04-25,490.2646484375
2024-04-26,494.90936279296875
2024-04-29,496.662109375
2024-04-30,488.79437255859375
2024-05-01,487.2071838378906
2024-05-02,491.76422119140625
2024-05-03,497.85980224609375
2024-05-06,503.0010986328125
2024-05-07,503.55615234375
2024-05-08,503.6048278808594
2024-05-09,506.50653076171875
2024-05-10,507.1589050292969
2024-05-13,507.22705078125
2024-05-14,509.5542907714844
2024-05-15,515.8641967773438
2024-05-16,514.802734375
2024-05-17,515.5427856445312
2024-05-20,516.1367797851562
2024-05-21,517.402587890625
2024-05-22,515.9127197265625
2024-05-23,512.1444702148438
2024-05-24,515.5330200195312
2024-05-28,515.8932495117188
2024-05-29,512.2807006835938
2024-05-30,508.8824157714844
2024-05-31,513.517333984375
2024-06-03,513.93603515625
2024-06-04,514.5106201171875
2024-06-05,520.6255493164062
2024-06-06,520.615966796875
2024-06-07,519.9830322265625
2024-06-10,521.589599609375
2024-06-11,522.8458862304688
2024-06-12,527.139892578125
2024-06-13,528.2013549804688
2024-06-14,528.5227661132812
2024-06-17,532.7291870117188
2024-06-18,534.0826416015625
2024-06-20,532.6317749023438
2024-06-21,531.9176025390625
2024-06-24,530.1885375976562
2024-06-25,532.2302856445312
2024-06-26,532.8946533203125
2024-06-27,533.7346801757812
2024-06-28,531.6343383789062
2024-07-01,532.7285766601562
2024-07-02,536.313720703125
2024-07-03,538.7069091796875
2024-07-05,541.8134765625
2024-07-08,542.4386596679688
2024-07-09,542.9661865234375
2024-07-10,548.3389282226562
2024-07-11,543.6109008789062
2024-07-12,547.0397338867188
2024-07-15,548.5441284179688
2024-07-16,551.7969970703125
2024-07-17,544.0602416992188
2024-07-18,539.8792114257812
2024-07-19,536.2941284179688
2024-07-22,541.8231811523438
2024-07-23,540.973388671875
2024-07-24,528.7135009765625
2024-07-25,525.9586791992188
2024-07-26,531.849365234375
2024-07-29,532.1618041992188
2024-07-30,529.4656372070312
2024-07-31,538.0719604492188
2024-08-01,530.452392578125
2024-08-02,520.5762939453125
2024-08-05,505.41510009765625
2024-08-06,510.0747375488281
2024-08-07,506.6654968261719
2024-08-08,518.378173828125
2024-08-09,520.6641235351562
2024-08-12,520.9376220703125
2024-08-13,529.5047607421875
2024-08-14,531.1752319335938
2024-08-15,540.2797241210938
2024-08-16,541.4910278320312
2024-08-19,546.66845703125
2024-08-20,545.779541015625
2024-08-21,547.6552124023438
2024-08-22,543.3568725585938
2024-08-23,549.1302490234375
2024-08-26,547.8211059570312
2024-08-27,548.5733642578125
2024-08-28,545.3887329101562
2024-08-29,545.4376220703125
2024-08-30,550.6444091796875
2024-09-03,539.3126831054688
2024-09-04,538.2088012695312
2024-09-05,536.8997192382812
2024-09-06,527.8638305664062
2024-09-09,533.7737426757812
2024-09-10,536.0986938476562
2024-09-11,541.5985717773438
2024-09-12,546.1605224609375
2024-09-13,549.0130004882812
2024-09-16,549.8238525390625
2024-09-17,550.0485229492188
2024-09-18,548.4171142578125
2024-09-19,557.7755737304688
2024-09-20,556.811279296875
2024-09-23,558.2027587890625
2024-09-24,559.7999267578125
2024-09-25,558.5653076171875
2024-09-26,560.7798461914062
2024-09-27,559.966552734375
2024-09-30,562.2103881835938
2024-10-01,557.1739501953125
2024-10-02,557.4090576171875
2024-10-03,556.3900146484375
2024-10-04,561.4461059570312
2024-10-07,556.3704223632812
2024-10-08,561.63232421875
2024-10-09,565.5223999023438
2024-10-10,564.5326538085938
2024-10-11,567.9132690429688
2024-10-14,572.557861328125
2024-10-15,568.1093139648438
2024-10-16,570.5785522460938
2024-10-17,570.6275024414062
2024-10-18,572.8224487304688
2024-10-21,571.8817138671875
2024-10-22,571.5779418945312
2024-10-23,566.3552856445312
2024-10-24,567.580078125
2024-10-25,567.3840942382812
2024-10-28,569.13818359375
2024-10-29,570.0592041015625
2024-10-30,568.3345336914062
2024-10-31,557.193603515625
2024-11-01,559.545166015625
2024-11-04,558.3399047851562
2024-11-05,565.09130859375
2024-11-06,579.1426391601562
2024-11-07,583.62060546875
2024-11-08,586.1486206054688
2024-11-11,586.7071533203125
2024-11-12,584.8846435546875
2024-11-13,585.1687622070312
2024-11-14,581.406005859375
2024-11-15,573.9591064453125
2024-11-18,576.310791015625
2024-11-19,578.4175415039062
2024-11-20,578.613525390625
2024-11-21,581.7196655273438
2024-11-22,583.5226440429688
2024-11-25,585.5020141601562
2024-11-26,588.5591430664062
2024-11-27,586.7758178710938
2024-11-29,590.4208984375
2024-12-02,591.4791870117188
2024-12-03,591.7535400390625
2024-12-04,595.427978515625
2024-12-05,594.4481201171875
2024-12-06,595.5750122070312
2024-12-09,592.5079956054688
2024-12-10,590.6658325195312
2024-12-11,595.2320556640625
2024-12-12,592.1651000976562
2024-12-13,592.0474243164062
2024-12-16,594.5755615234375
2024-12-17,592.1258544921875
2024-12-18,574.4784545898438
2024-12-19,574.302001953125
2024-12-20,581.199951171875
2024-12-23,584.680419921875
2024-12-24,591.1791381835938
2024-12-26,591.218505859375
2024-12-27,584.9949340820312
2024-12-30,578.3192749023438
2024-12-31,576.21533203125
2025-01-02,574.7994995117188
2025-01-03,581.9865112304688
2025-01-06,585.3390502929688
2025-01-07,578.7223510742188
2025-01-08,579.5678100585938
2025-01-10,570.7193603515625
2025-01-13,571.604248046875
2025-01-14,572.3906860351562
2025-01-15,582.802490234375
2025-01-16,581.6817626953125
2025-01-17,587.521728515625
2025-01-21,592.8995971679688
2025-01-22,596.2326049804688
2025-01-23,599.48681640625
2025-01-24,597.7367553710938
2025-01-27,589.2815551757812
2025-01-28,594.3448486328125
2025-01-29,591.6805419921875
2025-01-30,594.8561401367188
2025-01-31,591.6903076171875
2025-02-03,587.7085571289062
2025-02-04,591.6510620117188
2025-02-05,594.0499267578125
2025-02-06,596.1146850585938
2025-02-07,590.6580200195312
2025-02-10,594.6693115234375
2025-02-11,595.12158203125
2025-02-12,593.2044067382812
2025-02-13,599.4671630859375
2025-02-14,599.437744140625
2025-02-18,601.1975708007812
2025-02-19,602.61328125
2025-02-20,600.1062622070312
2025-02-21,589.8419799804688
2025-02-24,587.157958984375
2025-02-25,584.2379760742188
2025-02-26,584.5328369140625
2025-02-27,575.2025756835938
2025-02-28,584.1788940429688
2025-03-03,573.9441528320312
2025-03-04,567.1505126953125
2025-03-05,573.24609375
2025-03-06,563.0703125
2025-03-07,566.2262573242188
2025-03-10,551.1444702148438
2025-03-11,546.5628662109375
2025-03-12,549.4631958007812
2025-03-13,542.138671875
2025-03-14,553.3369140625
2025-03-17,557.60400390625
2025-03-18,551.5770874023438
2025-03-19,557.5842895507812
2025-03-20,555.9718017578125
2025-03-21,556.1552124023438
2025-03-24,566.115234375
2025-03-25,567.4760131835938
2025-03-26,560.7012939453125
2025-03-27,559.2122802734375
2025-03-28,547.95068359375
2025-03-31,551.62890625
2025-04-01,553.18701171875
2025-04-02,556.687744140625
2025-04-03,529.2537231445312
2025-04-04,498.26971435546875
2025-04-07,497.3822021484375
2025-04-08,489.5918273925781
2025-04-09,541.0084228515625
2025-04-10,517.3019409179688
2025-04-11,526.5321044921875
2025-04-14,531.6402587890625
2025-04-15,530.151123046875
2025-04-16,518.366943359375
2025-04-17,519.1065063476562
2025-04-21,506.7503356933594
2025-04-22,519.9348754882812
2025-04-23,527.9915161132812
2025-04-24,539.1051635742188
2025-04-25,543.0003662109375
2025-04-28,543.2074584960938
2025-04-29,546.6293334960938
2025-04-30,546.84619140625
2025-05-01,550.7216186523438
2025-05-02,558.8966674804688
2025-05-05,555.6918334960938
2025-05-06,551.047119140625
2025-05-07,553.364501953125
2025-05-08,557.2202758789062
2025-05-09,556.5103149414062
2025-05-12,574.9014892578125
2025-05-13,578.6981811523438
2025-05-14,579.437744140625
2025-05-15,582.2678833007812
2025-05-16,585.9559936523438
2025-05-19,586.596923828125
2025-05-20,584.6246948242188
2025-05-21,574.7732543945312
2025-05-22,575.0001831054688
2025-05-23,571.0753784179688
2025-05-27,582.9483032226562
2025-05-28,579.5757446289062
2025-05-29,581.8635864257812
2025-05-30,581.2127075195312
2025-06-02,584.4866943359375
2025-06-03,587.81982421875
2025-06-04,587.6619262695312
2025-06-05,584.8218994140625
2025-06-06,590.8275146484375
2025-06-09,591.3599243164062
2025-06-10,594.7128295898438
2025-06-11,593.0166015625
2025-06-12,595.37353515625
2025-06-13,588.7171020507812
2025-06-16,594.318359375
2025-06-17,589.2398681640625
2025-06-18,589.1510009765625
2025-06-20,587.7673950195312
2025-06-23,593.572998046875
2025-06-24,600.13037109375
2025-06-25,600.4666748046875
2025-06-26,605.1646118164062
2025-06-27,608.1712646484375
2025-06-30,611.0790405273438
2025-07-01,610.8812866210938
2025-07-02,613.650634765625
2025-07-03,618.4869995117188
2025-07-07,613.8780517578125
2025-07-08,613.5418090820312
2025-07-09,617.2210083007812
2025-07-10,618.9617919921875
2025-07-11,616.7858276367188
2025-07-14,617.9627685546875
2025-07-15,615.3220825195312
2025-07-16,617.3792724609375
2025-07-17,621.1574096679688
2025-07-18,620.7024536132812
2025-07-21,621.87939453125
2025-07-22,621.9684448242188
2025-07-23,627.259765625
2025-07-24,627.4674682617188
2025-07-25,630.1181030273438
2025-07-28,629.9598999023438
2025-07-29,628.2982788085938
2025-07-30,627.5070190429688
2025-07-31,625.153076171875
2025-08-01,614.9065551757812
2025-08-04,624.2530517578125
2025-08-05,621.088134765625
2025-08-06,625.8455200195312
2025-08-07,625.3212890625
2025-08-08,630.1972045898438
2025-08-11,628.9509887695312
2025-08-12,635.6467895507812
2025-08-13,637.82275390625
2025-08-14,637.882080078125
2025-08-15,636.388671875
2025-08-18,636.2501831054688
2025-08-19,632.7984008789062
2025-08-20,631.1170654296875
2025-08-21,628.5850830078125
2025-08-22,638.2380981445312
2025-08-25,635.4292602539062
2025-08-26,638.0897216796875
2025-08-27,639.543701171875
2025-08-28,641.80859375
2025-08-29,637.98095703125
2025-09-02,633.2533569335938
2025-09-03,636.685302734375
2025-09-04,642.0064086914062
2025-09-05,640.1469116210938
2025-09-08,641.7196044921875
2025-09-09,643.2031860351562
2025-09-10,645.0625
2025-09-11,650.423095703125
2025-09-12,650.20556640625
2025-09-15,653.6671142578125
2025-09-16,652.76708984375
2025-09-17,651.9561157226562
2025-09-18,655.0023803710938
2025-09-19,658.2465209960938
2025-09-22,661.3607177734375
2025-09-23,657.7605590820312
2025-09-24,655.6678466796875
2025-09-25,652.6429443359375
2025-09-26,656.3818969726562
2025-09-29,658.2266845703125
2025-09-30,660.7060546875
2025-10-01,662.9574584960938
2025-10-02,663.7210693359375
2025-10-03,663.7113037109375
2025-10-06,666.0914916992188
2025-10-07,663.6220092773438
2025-10-08,667.5791625976562
2025-10-09,665.6452026367188
2025-10-10,647.6542358398438
2025-10-13,657.5919189453125
2025-10-14,656.78857421875
2025-10-15,659.7044067382812
2025-10-16,655.211669921875
2025-10-17,658.9308471679688
2025-10-20,665.7840576171875
2025-10-21,665.7741088867188
2025-10-22,662.312744140625
2025-10-23,666.2402954101562
2025-10-24,671.6851806640625
2025-10-27,679.6094970703125
2025-10-28,681.41455078125
2025-10-29,681.7418212890625
2025-10-30,674.2440185546875
2025-10-31,676.4556884765625
2025-11-03,677.7251586914062
2025-11-04,669.691650390625
2025-11-05,672.012451171875
2025-11-06,664.80224609375
2025-11-07,665.4567260742188
2025-11-10,675.8406982421875
2025-11-11,677.387939453125
2025-11-12,677.7647705078125
2025-11-13,666.5180053710938
2025-11-14,666.4088134765625
2025-11-17,660.2003173828125
2025-11-18,654.65625
2025-11-19,657.185302734375
2025-11-20,647.1683349609375
2025-11-21,653.6148681640625
2025-11-24,663.2351684570312
2025-11-25,669.4735107421875
2025-11-26,674.09521484375
2025-11-28,677.7747192382812
2025-12-01,674.6803588867188
2025-12-02,675.9299926757812
2025-12-03,678.2706298828125
2025-12-04,678.7665405273438
2025-12-05,680.0557861328125
2025-12-08,678.0127563476562
2025-12-09,677.4276123046875
2025-12-10,681.9203491210938
2025-12-11,683.5072021484375
2025-12-12,676.1581420898438
2025-12-15,675.1365966796875
2025-12-16,673.2918701171875
2025-12-17,665.8832397460938
2025-12-18,670.9114990234375
2025-12-19,676.9923095703125
2025-12-22,681.2098388671875
2025-12-23,684.3233032226562
2025-12-24,686.7305297851562
2025-12-26,686.660888671875
2025-12-29,684.2138671875
2025-12-30,683.3782958984375
2025-12-31,678.3152465820312
2026-01-02,679.55859375
2026-01-05,684.0845947265625
2026-01-06,688.1529541015625
2026-01-07,685.9347534179688
2026-01-08,685.8651123046875
2026-01-09,690.4010009765625
2026-01-12,691.4852294921875
2026-01-13,690.1026000976562
2026-01-14,686.7105712890625
2026-01-15,688.5806884765625
2026-01-16,688.0037231445312
2026-01-20,673.9981689453125
2026-01-21,681.77685546875
2026-01-22,685.3379516601562
2026-01-23,685.5865478515625
2026-01-26,689.068115234375
2026-01-27,691.8134765625
2026-01-28,691.7438354492188
2026-01-29,690.3711547851562
2026-01-30,688.3121337890625
2026-02-02,691.73388671875
2026-02-03,685.885009765625
2026-02-04,682.5626831054688
2026-02-05,674.0379638671875
2026-02-06,686.96923828125
2026-02-09,690.2816162109375
2026-02-10,688.4613037109375
2026-02-11,688.3021850585938
2026-02-12,677.668701171875
2026-02-13,678.1461181640625
2026-02-17,679.2402954101562
2026-02-18,682.662109375
2026-02-19,680.8616943359375
2026-02-20,685.7855834960938
2026-02-23,678.7827758789062
2026-02-24,683.7164916992188
2026-02-25,689.4859008789062
2026-02-26,685.6561889648438
2026-02-27,682.3637084960938
2026-03-02,682.7516479492188
2026-03-03,676.7337036132812
2026-03-04,681.50830078125
2026-03-05,677.7084350585938
2026-03-06,668.8256225585938
2026-03-09,674.6845092773438
2026-03-10,673.6002807617188
2026-03-11,672.7548217773438
2026-03-12,662.5390625
2026-03-13,658.7890014648438
2026-03-16,665.493408203125
2026-03-17,667.2440185546875
2026-03-18,657.9335327148438
2026-03-19,656.3121337890625
2026-03-20,646.9034423828125
2026-03-23,653.6959228515625
2026-03-24,651.5015869140625
2026-03-25,655.1322021484375
2026-03-26,643.432373046875
2026-03-27,632.4606323242188
2026-03-30,630.3460693359375
2026-03-31,648.6688842773438
2026-04-01,653.5562744140625
2026-04-02,654.144775390625
2026-04-06,657.23681640625
2026-04-07,657.5260009765625
2026-04-08,674.27294921875
2026-04-09,678.162841796875
2026-04-10,677.7140502929688
2026-04-13,684.3369750976562
2026-04-14,692.675537109375
2026-04-15,698.1414184570312
2026-04-16,699.8569946289062
2026-04-17,708.3152465820312
2026-04-20,706.8988037109375
2026-04-21,702.2708129882812
2026-04-22,709.3825073242188
2026-04-23,706.6295776367188
2026-04-24,712.10546875
2026-04-27,713.332275390625
2026-04-28,709.8612060546875
2026-04-29,709.7515258789062
2026-04-30,716.8132934570312
2026-05-01,718.7982177734375
2026-05-04,716.1649780273438
2026-05-05,721.9102172851562
2026-05-06,731.9443359375
2026-05-07,729.7001342773438
2026-05-08,735.724609375
2026-05-11,737.4002685546875
2026-05-12,736.2831420898438
2026-05-13,740.4025268554688
2026-05-14,746.2474975585938
2026-05-15,737.2706298828125
2026-05-18,736.751953125
2026-05-19,731.8446044921875
2026-05-20,739.3452758789062
2026-05-21,740.8114624023438
2026-05-22,743.7239990234375
2026-05-26,748.6613159179688
2026-05-27,748.5316162109375
2026-05-28,752.6609497070312
2026-05-29,754.5361328125
2026-06-01,756.5908203125
2026-06-02,757.6182250976562
2026-06-03,752.3018798828125
2026-06-04,755.1445922851562
2026-06-05,735.65478515625
2026-06-08,737.3204345703125
2026-06-09,735.1560668945312
2026-06-10,723.56591796875
2026-06-11,735.8642578125
2026-06-12,739.843994140625
2026-06-15,752.890380859375
2026-06-16,748.4019775390625
2026-06-17,739.0560302734375
2026-06-18,746.739990234375
2026-06-22,744.3900146484375
2026-06-23,733.5800170898438
2026-06-24,733.239990234375
2026-06-25,734.2999877929688
2026-06-26,728.989990234375
2026-06-29,741.0
2026-06-30,746.77001953125
2026-07-01,745.760009765625
2026-07-02,744.780029296875
2026-07-06,751.280029296875
2026-07-07,747.7100219726562
2026-07-08,745.4000244140625
2026-07-09,751.7100219726562
2026-07-10,754.9500122070312
2026-07-13,749.1699829101562
2026-07-14,751.8300170898438
2026-07-15,754.8099975585938
2026-07-16,750.719970703125
2026-07-17,743.2899780273438
2026-07-20,742.0900268554688
2026-07-21,748.280029296875
2026-07-22,747.4099731445312
2026-07-23,738.1799926757812
2026-07-24,738.9299926757812
2026-07-27,739.0900268554688
2026-07-28,740.8599853515625
2026-07-29,729.4600219726562
2026-07-30,741.6900024414062
2026-07-31,747.030029296875
2026-08-03,757.6699829101562
2026-08-04,771.3300170898438
2026-08-05,769.7899780273438
2026-08-06,768.5599975585938
2026-08-07,773.260009765625
2026-08-10,773.030029296875
2026-08-11,770.5599975585938
2026-08-12,772.489990234375
2026-08-13,777.8800048828125
