Date,price
1993-01-29,24.113262176513672
1993-02-01,24.284757614135742
1993-02-02,24.336212158203125
1993-02-03,24.593473434448242
1993-02-04,24.696374893188477
1993-02-05,24.679229736328125
1993-02-08,24.679229736328125
1993-02-09,24.50771141052246
1993-02-10,24.542024612426758
1993-02-11,24.662063598632812
1993-02-12,24.47342300415039
1993-02-16,23.856014251708984
1993-02-17,23.838855743408203
1993-02-18,23.82169532775879
1993-02-19,23.907455444335938
1993-02-22,23.993209838867188
1993-02-23,23.97605323791504
1993-02-24,24.284757614135742
1993-02-25,24.336212158203125
1993-02-26,24.370512008666992
1993-03-01,24.301929473876953
1993-03-02,24.662063598632812
1993-03-03,24.764982223510742
1993-03-04,24.627777099609375
1993-03-05,24.55916404724121
1993-03-08,25.107959747314453
1993-03-09,25.02223014831543
1993-03-10,25.073673248291016
1993-03-11,25.005069732666016
1993-03-12,24.747812271118164
1993-03-15,24.867881774902344
1993-03-16,24.867881774902344
1993-03-17,24.713525772094727
1993-03-18,24.867881774902344
1993-03-19,24.830259323120117
1993-03-22,24.692380905151367
1993-03-23,24.744081497192383
1993-03-24,24.744081497192383
1993-03-25,24.899166107177734
1993-03-26,24.761316299438477
1993-03-29,24.864700317382812
1993-03-30,24.93362045288086
1993-03-31,24.916397094726562
1993-04-01,24.830259323120117
1993-04-02,24.313289642333984
1993-04-05,24.433923721313477
1993-04-06,24.36499786376953
1993-04-07,24.451162338256836
1993-04-08,24.41669273376465
1993-04-12,24.761316299438477
1993-04-13,24.813011169433594
1993-04-14,24.778532028198242
1993-04-15,24.778532028198242
1993-04-16,24.778532028198242
1993-04-19,24.675148010253906
1993-04-20,24.554533004760742
1993-04-21,24.53731346130371
1993-04-22,24.22714614868164
1993-04-23,24.12375259399414
1993-04-26,23.93421173095703
1993-04-27,24.19266700744629
1993-04-28,24.14100456237793
1993-04-29,24.24437713623047
1993-04-30,24.278837203979492
1993-05-03,24.433923721313477
1993-05-04,24.520078659057617
1993-05-05,24.58900260925293
1993-05-06,24.50283432006836
1993-05-07,24.451162338256836
1993-05-10,24.50283432006836
1993-05-11,24.606233596801758
1993-05-12,24.57176971435547
1993-05-13,24.278837203979492
1993-05-14,24.261606216430664
1993-05-17,24.347763061523438
1993-05-18,24.330530166625977
1993-05-19,24.830259323120117
1993-05-20,24.899166107177734
1993-05-21,24.675148010253906
1993-05-24,24.778532028198242
1993-05-25,24.830259323120117
1993-05-26,25.14040756225586
1993-05-27,25.054222106933594
1993-05-28,24.93362045288086
1993-06-01,25.174867630004883
1993-06-02,25.14040756225586
1993-06-03,25.054222106933594
1993-06-04,24.96807289123535
1993-06-07,24.88192367553711
1993-06-08,24.65792465209961
1993-06-09,24.744081497192383
1993-06-10,24.761316299438477
1993-06-11,24.864700317382812
1993-06-14,24.830259323120117
1993-06-15,24.778532028198242
1993-06-16,24.830259323120117
1993-06-17,24.916397094726562
1993-06-18,24.711210250854492
1993-06-21,24.763275146484375
1993-06-22,24.780628204345703
1993-06-23,24.555025100708008
1993-06-24,24.8847599029541
1993-06-25,24.867380142211914
1993-06-28,25.1450252532959
1993-06-29,25.023571014404297
1993-06-30,25.023571014404297
1993-07-01,24.954145431518555
1993-07-02,24.815340042114258
1993-07-06,24.555025100708008
1993-07-07,24.624446868896484
1993-07-08,24.902103424072266
1993-07-09,24.971511840820312
1993-07-12,24.954145431518555
1993-07-13,24.936800003051758
1993-07-14,25.023571014404297
1993-07-15,24.91944694519043
1993-07-16,24.850025177001953
1993-07-19,24.832687377929688
1993-07-20,24.902103424072266
1993-07-21,24.8847599029541
1993-07-22,24.711210250854492
1993-07-23,24.832687377929688
1993-07-26,24.971511840820312
1993-07-27,24.954145431518555
1993-07-28,24.902103424072266
1993-07-29,25.040918350219727
1993-07-30,24.902103424072266
1993-08-02,24.971511840820312
1993-08-03,24.988866806030273
1993-08-04,24.988866806030273
1993-08-05,24.936800003051758
1993-08-06,24.971511840820312
1993-08-09,25.110334396362305
1993-08-10,25.09298324584961
1993-08-11,25.09298324584961
1993-08-12,25.023571014404297
1993-08-13,25.058265686035156
1993-08-16,25.197105407714844
1993-08-17,25.283864974975586
1993-08-18,25.422700881958008
1993-08-19,25.422700881958008
1993-08-20,25.440053939819336
1993-08-23,25.387996673583984
1993-08-24,25.66564178466797
1993-08-25,25.683002471923828
1993-08-26,25.700347900390625
1993-08-27,25.683002471923828
1993-08-30,25.78712272644043
1993-08-31,25.856544494628906
1993-09-01,25.821823120117188
1993-09-02,25.735044479370117
1993-09-03,25.752408981323242
1993-09-07,25.578874588012695
1993-09-08,25.492109298706055
1993-09-09,25.5441837310791
1993-09-10,25.76976203918457
1993-09-13,25.78712272644043
1993-09-14,25.683002471923828
1993-09-15,25.752408981323242
1993-09-16,25.648283004760742
1993-09-17,25.59856605529785
1993-09-20,25.389005661010742
1993-09-21,25.30170440673828
1993-09-22,25.511255264282227
1993-09-23,25.65093994140625
1993-09-24,25.58109474182129
1993-09-27,25.860475540161133
1993-09-28,25.8080997467041
1993-09-29,25.720802307128906
1993-09-30,25.66840362548828
1993-10-01,25.790626525878906
1993-10-04,25.82555389404297
1993-10-05,25.790626525878906
1993-10-06,25.773170471191406
1993-10-07,25.703351974487305
1993-10-08,25.738258361816406
1993-10-11,25.790626525878906
1993-10-12,25.82555389404297
1993-10-13,25.82555389404297
1993-10-14,26.157329559326172
1993-10-15,26.297025680541992
1993-10-18,26.22715187072754
1993-10-19,26.035078048706055
1993-10-20,26.070032119750977
1993-10-21,26.035078048706055
1993-10-22,25.912870407104492
1993-10-25,25.982709884643555
1993-10-26,25.965248107910156
1993-10-27,25.982709884643555
1993-10-28,26.174795150756836
1993-10-29,26.174795150756836
1993-11-01,26.244626998901367
1993-11-02,26.22715187072754
1993-11-03,25.89539337158203
1993-11-04,25.616025924682617
1993-11-05,25.738258361816406
1993-11-08,25.773170471191406
1993-11-09,25.790626525878906
1993-11-10,25.982709884643555
1993-11-11,25.912870407104492
1993-11-12,26.035078048706055
1993-11-15,26.017654418945312
1993-11-16,26.139869689941406
1993-11-17,26.000181198120117
1993-11-18,25.930330276489258
1993-11-19,25.87795066833496
1993-11-22,25.720802307128906
1993-11-23,25.860475540161133
1993-11-24,25.965248107910156
1993-11-26,25.982709884643555
1993-11-29,25.87795066833496
1993-11-30,25.89539337158203
1993-12-01,25.930330276489258
1993-12-02,26.000181198120117
1993-12-03,26.104948043823242
1993-12-06,26.19224739074707
1993-12-07,26.174795150756836
1993-12-08,26.174795150756836
1993-12-09,26.087474822998047
1993-12-10,26.035078048706055
1993-12-13,26.19224739074707
1993-12-14,26.000181198120117
1993-12-15,25.965248107910156
1993-12-16,26.05255126953125
1993-12-17,26.195756912231445
1993-12-20,26.230897903442383
1993-12-21,26.14299201965332
1993-12-22,26.318805694580078
1993-12-23,26.30123519897461
1993-12-27,26.441869735717773
1993-12-28,26.494611740112305
1993-12-29,26.459436416625977
1993-12-30,26.353973388671875
1993-12-31,26.213300704956055
1994-01-03,26.14299201965332
1994-01-04,26.24849510192871
1994-01-05,26.30123519897461
1994-01-06,26.30123519897461
1994-01-07,26.459436416625977
1994-01-10,26.77590560913086
1994-01-11,26.723182678222656
1994-01-12,26.63526725769043
1994-01-13,26.5649356842041
1994-01-14,26.670434951782227
1994-01-17,26.670434951782227
1994-01-18,26.705585479736328
1994-01-19,26.63526725769043
1994-01-20,26.705585479736328
1994-01-21,26.65284538269043
1994-01-24,26.54736328125
1994-01-25,26.54736328125
1994-01-26,26.617691040039062
1994-01-27,26.863834381103516
1994-01-28,26.93414306640625
1994-01-31,27.127521514892578
1994-02-01,26.98687744140625
1994-02-02,27.162704467773438
1994-02-03,27.039623260498047
1994-02-04,26.424283981323242
1994-02-07,26.54736328125
1994-02-08,26.5649356842041
1994-02-09,26.670434951782227
1994-02-10,26.441869735717773
1994-02-11,26.5297794342041
1994-02-14,26.5649356842041
1994-02-15,26.705585479736328
1994-02-16,26.68801498413086
1994-02-17,26.5297794342041
1994-02-18,26.371549606323242
1994-02-22,26.63526725769043
1994-02-23,26.5649356842041
1994-02-24,26.213300704956055
1994-02-25,26.336389541625977
1994-02-28,26.336389541625977
1994-03-01,26.230897903442383
1994-03-02,26.266056060791016
1994-03-03,26.195756912231445
1994-03-04,26.266056060791016
1994-03-07,26.40669059753418
1994-03-08,26.30123519897461
1994-03-09,26.424283981323242
1994-03-10,26.213300704956055
1994-03-11,26.353973388671875
1994-03-14,26.38913345336914
1994-03-15,26.371549606323242
1994-03-16,26.582521438598633
1994-03-17,26.582521438598633
1994-03-18,26.57672691345215
1994-03-21,26.505998611450195
1994-03-22,26.57672691345215
1994-03-23,26.55904197692871
1994-03-24,26.240751266479492
1994-03-25,25.99321746826172
1994-03-28,26.028573989868164
1994-03-29,25.515785217285156
1994-03-30,25.162126541137695
1994-03-31,25.23286247253418
1994-04-04,24.84383201599121
1994-04-05,25.35664939880371
1994-04-06,25.35664939880371
1994-04-07,25.48040199279785
1994-04-08,25.285917282104492
1994-04-11,25.39199447631836
1994-04-12,25.35664939880371
1994-04-13,25.224021911621094
1994-04-14,25.23286247253418
1994-04-15,25.23286247253418
1994-04-18,25.06485939025879
1994-04-19,25.100229263305664
1994-04-20,25.073720932006836
1994-04-21,25.409685134887695
1994-04-22,25.38314437866211
1994-04-25,25.64838218688965
1994-04-26,25.621868133544922
1994-04-28,25.43621063232422
1994-04-29,25.515785217285156
1994-05-02,25.674915313720703
1994-05-03,25.64838218688965
1994-05-04,25.604171752929688
1994-05-05,25.568819046020508
1994-05-06,25.32126808166504
1994-05-09,25.100229263305664
1994-05-10,25.294750213623047
1994-05-11,25.06485939025879
1994-05-12,25.188650131225586
1994-05-13,25.188650131225586
1994-05-16,25.197492599487305
1994-05-17,25.568819046020508
1994-05-18,25.75447654724121
1994-05-19,25.878273010253906
1994-05-20,25.78101348876953
1994-05-23,25.7368106842041
1994-05-24,25.8428955078125
1994-05-25,25.91362190246582
1994-05-26,25.931312561035156
1994-05-27,25.957841873168945
1994-05-31,25.922468185424805
1994-06-01,26.037399291992188
1994-06-02,26.01089096069336
1994-06-03,26.16116714477539
1994-06-06,26.152341842651367
1994-06-07,26.116975784301758
1994-06-08,25.904787063598633
1994-06-09,26.04624366760254
1994-06-10,26.0904541015625
1994-06-13,26.125818252563477
1994-06-14,26.329181671142578
1994-06-15,26.223085403442383
1994-06-16,26.276134490966797
1994-06-17,26.12946319580078
1994-06-20,25.906970977783203
1994-06-21,25.684476852416992
1994-06-22,25.782373428344727
1994-06-23,25.631071090698242
1994-06-24,25.09709930419922
1994-06-27,25.533184051513672
1994-06-28,25.40857696533203
1994-06-29,25.488679885864258
1994-06-30,25.328493118286133
1994-07-01,25.381879806518555
1994-07-05,25.5153751373291
1994-07-06,25.479766845703125
1994-07-07,25.586578369140625
1994-07-08,25.577661514282227
1994-07-11,25.488679885864258
1994-07-12,25.52427864074707
1994-07-13,25.568769454956055
1994-07-14,25.84465980529785
1994-07-15,25.853548049926758
1994-07-18,25.898059844970703
1994-07-19,25.84465980529785
1994-07-20,25.72896385192871
1994-07-21,25.782373428344727
1994-07-22,25.826875686645508
1994-07-25,25.862455368041992
1994-07-26,25.83576011657715
1994-07-27,25.83576011657715
1994-07-28,25.889169692993164
1994-07-29,26.147241592407227
1994-08-01,26.271846771240234
1994-08-02,26.307445526123047
1994-08-03,26.316349029541016
1994-08-04,26.165061950683594
1994-08-05,26.0760498046875
1994-08-08,26.138355255126953
1994-08-09,26.18284034729004
1994-08-10,26.280744552612305
1994-08-11,26.18284034729004
1994-08-12,26.38753890991211
1994-08-15,26.378652572631836
1994-08-16,26.565534591674805
1994-08-17,26.547733306884766
1994-08-18,26.458738327026367
1994-08-19,26.440940856933594
1994-08-22,26.414243698120117
1994-08-23,26.565534591674805
1994-08-24,26.85032081604004
1994-08-25,26.779130935668945
1994-08-26,27.161823272705078
1994-08-29,27.144020080566406
1994-08-30,27.21522331237793
1994-08-31,27.144020080566406
1994-09-01,27.055002212524414
1994-09-02,26.939327239990234
1994-09-06,26.94822883605957
1994-09-07,26.921510696411133
1994-09-08,27.055002212524414
1994-09-09,26.770225524902344
1994-09-12,26.690134048461914
1994-09-13,26.770225524902344
1994-09-14,26.796932220458984
1994-09-15,27.13510513305664
1994-09-16,26.941997528076172
1994-09-19,26.96885871887207
1994-09-20,26.458492279052734
1994-09-21,26.458492279052734
1994-09-22,26.395816802978516
1994-09-23,26.3062744140625
1994-09-26,26.440580368041992
1994-09-27,26.422679901123047
1994-09-28,26.628625869750977
1994-09-29,26.494306564331055
1994-09-30,26.458492279052734
1994-10-03,26.395816802978516
1994-10-04,26.001850128173828
1994-10-05,26.010799407958984
1994-10-06,25.930227279663086
1994-10-07,26.04662322998047
1994-10-10,26.324195861816406
1994-10-11,26.71814727783203
1994-10-12,26.753971099853516
1994-10-13,26.843515396118164
1994-10-14,26.959924697875977
1994-10-17,26.90618133544922
1994-10-18,26.843515396118164
1994-10-19,26.96885871887207
1994-10-20,26.789783477783203
1994-10-21,26.682340621948242
1994-10-24,26.458492279052734
1994-10-25,26.485355377197266
1994-10-26,26.583847045898438
1994-10-27,26.74502944946289
1994-10-28,27.309110641479492
1994-10-31,27.210601806640625
1994-11-01,26.90618133544922
1994-11-02,26.753971099853516
1994-11-03,26.897235870361328
1994-11-04,26.548044204711914
1994-11-07,26.628625869750977
1994-11-08,26.834550857543945
1994-11-09,26.879316329956055
1994-11-10,26.6912841796875
1994-11-11,26.59279441833496
1994-11-14,26.843515396118164
1994-11-15,26.753971099853516
1994-11-16,26.843515396118164
1994-11-17,26.664443969726562
1994-11-18,26.628625869750977
1994-11-21,26.359996795654297
1994-11-22,25.786962509155273
1994-11-23,25.930227279663086
1994-11-25,26.055578231811523
1994-11-28,26.171964645385742
1994-11-29,26.16301727294922
1994-11-30,26.127220153808594
1994-12-01,25.867551803588867
1994-12-02,26.10930061340332
1994-12-05,26.136157989501953
1994-12-06,26.154064178466797
1994-12-07,25.966035842895508
1994-12-08,25.715330123901367
1994-12-09,25.813817977905273
1994-12-12,25.983936309814453
1994-12-13,26.082429885864258
1994-12-14,26.21673011779785
1994-12-15,26.297330856323242
1994-12-16,26.425765991210938
1994-12-19,26.461864471435547
1994-12-20,26.380640029907227
1994-12-21,26.660430908203125
1994-12-22,26.57919692993164
1994-12-23,26.606287002563477
1994-12-27,26.750690460205078
1994-12-28,26.61530113220215
1994-12-29,26.63334846496582
1994-12-30,26.31747055053711
1995-01-03,26.443805694580078
1995-01-04,26.57017707824707
1995-01-05,26.57017707824707
1995-01-06,26.597248077392578
1995-01-09,26.624317169189453
1995-01-10,26.651395797729492
1995-01-11,26.669450759887695
1995-01-12,26.678476333618164
1995-01-13,26.994359970092773
1995-01-16,27.15682029724121
1995-01-17,27.16583824157715
1995-01-18,27.138769149780273
1995-01-19,26.98531723022461
1995-01-20,26.886058807373047
1995-01-23,26.96728515625
1995-01-24,27.003387451171875
1995-01-25,27.075590133666992
1995-01-26,27.102659225463867
1995-01-27,27.210969924926758
1995-01-30,27.093616485595703
1995-01-31,27.20195198059082
1995-02-01,27.192920684814453
1995-02-02,27.355363845825195
1995-02-03,27.743452072143555
1995-02-06,27.860774993896484
1995-02-07,27.896883010864258
1995-02-08,27.896883010864258
1995-02-09,27.896883010864258
1995-02-10,27.932971954345703
1995-02-13,27.941999435424805
1995-02-14,27.978099822998047
1995-02-15,28.13154411315918
1995-02-16,28.09544563293457
1995-02-17,27.987125396728516
1995-02-21,27.978099822998047
1995-02-22,28.185697555541992
1995-02-23,28.23081398010254
1995-02-24,28.303020477294922
1995-02-27,28.077383041381836
1995-02-28,28.31202507019043
1995-03-01,28.13154411315918
1995-03-02,28.167646408081055
1995-03-03,28.17665672302246
1995-03-06,28.19470977783203
1995-03-07,27.978099822998047
1995-03-08,28.050308227539062
1995-03-09,28.04127311706543
1995-03-10,28.456439971923828
1995-03-13,28.42935562133789
1995-03-14,28.63694190979004
1995-03-15,28.58279800415039
1995-03-16,28.75428009033203
1995-03-17,28.782901763916016
1995-03-20,28.782901763916016
1995-03-21,28.710269927978516
1995-03-22,28.737506866455078
1995-03-23,28.755653381347656
1995-03-24,29.163990020751953
1995-03-27,29.281949996948242
1995-03-28,29.281949996948242
1995-03-29,29.272865295410156
1995-03-30,29.218442916870117
1995-03-31,29.10047721862793
1995-04-03,29.173063278198242
1995-04-04,29.36362648010254
1995-04-05,29.36362648010254
1995-04-06,29.472497940063477
1995-04-07,29.445280075073242
1995-04-10,29.499727249145508
1995-04-11,29.3998966217041
1995-04-12,29.499727249145508
1995-04-13,29.663063049316406
1995-04-17,29.490644454956055
1995-04-18,29.390836715698242
1995-04-19,29.36362648010254
1995-04-20,29.408998489379883
1995-04-21,29.55417251586914
1995-04-24,29.898990631103516
1995-04-25,29.817312240600586
1995-04-26,29.844526290893555
1995-04-27,29.91713523864746
1995-04-28,29.962507247924805
1995-05-01,29.88084602355957
1995-05-02,29.944358825683594
1995-05-03,30.36176872253418
1995-05-04,30.343603134155273
1995-05-05,30.30733299255371
1995-05-08,30.52509880065918
1995-05-09,30.497880935668945
1995-05-10,30.53415870666504
1995-05-11,30.615835189819336
1995-05-12,30.633975982666016
1995-05-15,30.7791748046875
1995-05-16,30.797304153442383
1995-05-17,30.679349899291992
1995-05-18,30.234724044799805
1995-05-19,30.252872467041016
1995-05-22,30.588605880737305
1995-05-23,30.869901657104492
1995-05-24,30.85175132751465
1995-05-25,30.878992080688477
1995-05-26,30.52509880065918
1995-05-30,30.51602554321289
1995-05-31,31.151206970214844
1995-06-01,31.069538116455078
1995-06-02,31.09675407409668
1995-06-05,31.287302017211914
1995-06-06,31.232864379882812
1995-06-07,31.069538116455078
1995-06-08,30.996932983398438
1995-06-09,30.815475463867188
1995-06-12,30.987865447998047
1995-06-13,31.32361602783203
1995-06-14,31.296396255493164
1995-06-15,31.432504653930664
1995-06-16,31.52581024169922
1995-06-19,31.88177490234375
1995-06-20,31.79963493347168
1995-06-21,31.781381607055664
1995-06-22,32.20125198364258
1995-06-23,32.13735580444336
1995-06-26,31.75400733947754
1995-06-27,31.690099716186523
1995-06-28,31.854406356811523
1995-06-29,31.79963493347168
1995-06-30,31.781381607055664
1995-07-03,31.90003204345703
1995-07-05,32.01869201660156
1995-07-06,32.429420471191406
1995-07-07,32.57546615600586
1995-07-10,32.59372329711914
1995-07-11,32.43854904174805
1995-07-12,32.84014129638672
1995-07-13,32.76713943481445
1995-07-14,32.73973083496094
1995-07-17,32.92229461669922
1995-07-18,32.63935089111328
1995-07-19,32.28339385986328
1995-07-20,32.402034759521484
1995-07-21,32.36552429199219
1995-07-24,32.60284423828125
1995-07-25,32.84929275512695
1995-07-26,32.82188415527344
1995-07-27,33.09571838378906
1995-07-28,32.88578796386719
1995-07-31,32.80364990234375
1995-08-01,32.748870849609375
1995-08-02,32.675846099853516
1995-08-03,32.66671371459961
1995-08-04,32.703243255615234
1995-08-07,32.776275634765625
1995-08-08,32.776275634765625
1995-08-09,32.76713943481445
1995-08-10,32.694114685058594
1995-08-11,32.51154708862305
1995-08-14,32.80364990234375
1995-08-15,32.73973083496094
1995-08-16,32.83102798461914
1995-08-17,32.776275634765625
1995-08-18,32.81277847290039
1995-08-21,32.72151184082031
1995-08-22,32.7853889465332
1995-08-23,32.66671371459961
1995-08-24,32.703243255615234
1995-08-25,32.88578796386719
1995-08-28,32.76713943481445
1995-08-29,32.84929275512695
1995-08-30,32.92229461669922
1995-08-31,32.94968795776367
1995-09-01,33.09571838378906
1995-09-05,33.40604782104492
1995-09-06,33.46993637084961
1995-09-07,33.488189697265625
1995-09-08,33.6159782409668
1995-09-11,33.70724105834961
1995-09-12,33.862430572509766
1995-09-13,34.01758575439453
1995-09-14,34.327911376953125
1995-09-15,34.31843566894531
1995-09-18,34.18997573852539
1995-09-19,34.35512924194336
1995-09-20,34.52030563354492
1995-09-21,34.23584747314453
1995-09-22,34.24502182006836
1995-09-25,34.18997573852539
1995-09-26,34.18079376220703
1995-09-27,34.15327072143555
1995-09-28,34.41020584106445
1995-09-29,34.345970153808594
1995-10-02,34.17161560058594
1995-10-03,34.208316802978516
1995-10-04,34.17161560058594
1995-10-05,34.272560119628906
1995-10-06,34.30006790161133
1995-10-09,34.015621185302734
1995-10-10,33.99728012084961
1995-10-11,34.10737609863281
1995-10-12,34.31843566894531
1995-10-13,34.428550720214844
1995-10-16,34.263397216796875
1995-10-17,34.49278259277344
1995-10-18,34.59373092651367
1995-10-19,34.758880615234375
1995-10-20,34.5478515625
1995-10-23,34.47443771362305
1995-10-24,34.5111198425293
1995-10-25,34.22669982910156
1995-10-26,33.91468811035156
1995-10-27,34.17161560058594
1995-10-30,34.391868591308594
1995-10-31,34.24502182006836
1995-11-01,34.52030563354492
1995-11-02,34.74055099487305
1995-11-03,34.78642272949219
1995-11-06,34.667137145996094
1995-11-07,34.53866958618164
1995-11-08,34.85065460205078
1995-11-09,34.97911834716797
1995-11-10,34.96075439453125
1995-11-13,34.9240608215332
1995-11-14,34.69466018676758
1995-11-15,35.0433349609375
1995-11-16,35.23604202270508
1995-11-17,35.34615707397461
1995-11-20,35.16263961791992
1995-11-21,35.447113037109375
1995-11-22,35.336971282958984
1995-11-24,35.42873764038086
1995-11-27,35.43792724609375
1995-11-28,35.81413650512695
1995-11-29,35.8508415222168
1995-11-30,35.768253326416016
1995-12-01,35.81413650512695
1995-12-04,36.254600524902344
1995-12-05,36.493167877197266
1995-12-06,36.57575225830078
1995-12-07,36.3830451965332
1995-12-08,36.50234603881836
1995-12-11,36.6583251953125
1995-12-12,36.54821014404297
1995-12-13,36.777610778808594
1995-12-14,36.51152420043945
1995-12-15,36.52488327026367
1995-12-18,35.823219299316406
1995-12-19,36.20174789428711
1995-12-20,35.85089111328125
1995-12-21,36.03554916381836
1995-12-22,36.16481018066406
1995-12-26,36.3402214050293
1995-12-27,36.32177734375
1995-12-28,36.284820556640625
1995-12-29,36.330989837646484
1996-01-02,36.718780517578125
1996-01-03,36.820335388183594
1996-01-04,36.469482421875
1996-01-05,36.395626068115234
1996-01-08,36.53410339355469
1996-01-09,35.90629577636719
1996-01-10,35.4354362487793
1996-01-11,35.647762298583984
1996-01-12,35.59236526489258
1996-01-15,35.518524169921875
1996-01-16,35.95244598388672
1996-01-17,35.841651916503906
1996-01-18,35.96168899536133
1996-01-19,36.20174789428711
1996-01-22,36.210960388183594
1996-01-23,36.2940559387207
1996-01-24,36.589508056640625
1996-01-25,36.46025085449219
1996-01-26,36.774166107177734
1996-01-29,36.92189025878906
1996-01-30,37.23581314086914
1996-01-31,37.62359619140625
1996-02-01,37.762081146240234
1996-02-02,37.60512924194336
1996-02-05,37.9098014831543
1996-02-06,38.2698860168457
1996-02-07,38.49147033691406
1996-02-08,38.906944274902344
1996-02-09,38.89772415161133
1996-02-12,39.19316101074219
1996-02-13,39.110076904296875
1996-02-14,38.768436431884766
1996-02-15,38.52838897705078
1996-02-16,38.37143325805664
1996-02-20,37.99290466308594
1996-02-21,38.46376037597656
1996-02-22,39.0731315612793
1996-02-23,38.962337493896484
1996-02-26,38.408382415771484
1996-02-27,38.28834915161133
1996-02-28,38.11290740966797
1996-02-29,37.743595123291016
1996-03-01,38.34373474121094
1996-03-04,38.565338134765625
1996-03-05,38.92539978027344
1996-03-06,38.583805084228516
1996-03-07,38.777679443359375
1996-03-08,37.522037506103516
1996-03-11,37.95596694946289
1996-03-12,37.660518646240234
1996-03-13,37.919044494628906
1996-03-14,38.08522415161133
1996-03-15,38.059654235839844
1996-03-18,38.792274475097656
1996-03-19,38.70880126953125
1996-03-20,38.662445068359375
1996-03-21,38.569679260253906
1996-03-22,38.67170715332031
1996-03-25,38.597503662109375
1996-03-26,38.78298568725586
1996-03-27,38.430599212646484
1996-03-28,38.578948974609375
1996-03-29,38.393489837646484
1996-04-01,38.8386344909668
1996-04-02,38.912803649902344
1996-04-03,38.912803649902344
1996-04-04,38.8849983215332
1996-04-08,38.217281341552734
1996-04-09,38.06890869140625
1996-04-10,37.39193344116211
1996-04-11,37.34553527832031
1996-04-12,37.81850814819336
1996-04-15,38.13384246826172
1996-04-16,38.24510192871094
1996-04-17,38.152366638183594
1996-04-18,38.20801544189453
1996-04-19,38.30074691772461
1996-04-22,38.597503662109375
1996-04-23,38.71806335449219
1996-04-24,38.578948974609375
1996-04-25,38.75517654418945
1996-04-26,38.8386344909668
1996-04-29,38.8386344909668
1996-04-30,38.810821533203125
1996-05-01,38.89425277709961
1996-05-02,38.22655487060547
1996-05-03,38.17091751098633
1996-05-06,38.13384246826172
1996-05-07,37.97616195678711
1996-05-08,38.449127197265625
1996-05-09,38.42131042480469
1996-05-10,38.80152893066406
1996-05-13,39.38578414916992
1996-05-14,39.62689208984375
1996-05-15,39.58053207397461
1996-05-16,39.66400146484375
1996-05-17,39.877281188964844
1996-05-20,40.146209716796875
1996-05-21,40.090579986572266
1996-05-22,40.4708251953125
1996-05-23,40.30387878417969
1996-05-24,40.46153259277344
1996-05-28,40.05349349975586
1996-05-29,39.78455352783203
1996-05-30,39.988582611083984
1996-05-31,39.691810607910156
1996-06-03,39.803077697753906
1996-06-04,40.08131408691406
1996-06-05,40.433712005615234
1996-06-06,40.13695526123047
1996-06-07,40.13695526123047
1996-06-10,40.00712966918945
1996-06-11,39.97003936767578
1996-06-12,39.895835876464844
1996-06-13,39.895835876464844
1996-06-14,39.728912353515625
1996-06-17,39.70109558105469
1996-06-18,39.37649917602539
1996-06-19,39.55271911621094
1996-06-20,39.52488327026367
1996-06-21,39.8648567199707
1996-06-24,39.939430236816406
1996-06-25,39.89280700683594
1996-06-26,39.6224479675293
1996-06-27,39.902137756347656
1996-06-28,40.041969299316406
1996-07-01,40.38692092895508
1996-07-02,40.23777389526367
1996-07-03,40.15385437011719
1996-07-05,39.12833786010742
1996-07-08,38.9698486328125
1996-07-09,39.12833786010742
1996-07-10,39.286827087402344
1996-07-11,38.49436950683594
1996-07-12,38.5223388671875
1996-07-15,37.38493728637695
1996-07-16,37.47817611694336
1996-07-17,37.925682067871094
1996-07-18,38.44776153564453
1996-07-19,38.1680793762207
1996-07-22,37.888397216796875
1996-07-23,37.403587341308594
1996-07-24,37.47817611694336
1996-07-25,37.81380844116211
1996-07-26,38.018924713134766
1996-07-29,37.5993537902832
1996-07-30,37.96297073364258
1996-07-31,38.242645263671875
1996-08-01,38.8765983581543
1996-08-02,39.71567916870117
1996-08-05,39.48259735107422
1996-08-06,39.60380554199219
1996-08-07,39.70635223388672
1996-08-08,39.64108657836914
1996-08-09,39.51056671142578
1996-08-12,39.79957580566406
1996-08-13,39.48259735107422
1996-08-14,39.6224479675293
1996-08-15,39.547847747802734
1996-08-16,39.88349151611328
1996-08-19,39.902137756347656
1996-08-20,39.874168395996094
1996-08-21,39.73432159423828
1996-08-22,40.107234954833984
1996-08-23,39.89280700683594
1996-08-26,39.6970329284668
1996-08-27,39.846195220947266
1996-08-28,39.780941009521484
1996-08-29,39.38936996459961
1996-08-30,38.97914123535156
1996-09-03,39.230899810791016
1996-09-04,39.26816940307617
1996-09-05,38.792701721191406
1996-09-06,39.34275436401367
1996-09-09,39.808902740478516
1996-09-10,39.790252685546875
1996-09-11,40.013999938964844
1996-09-12,40.29369354248047
1996-09-13,40.90901184082031
1996-09-16,41.05817794799805
1996-09-17,40.964962005615234
1996-09-18,40.86240005493164
1996-09-19,41.020896911621094
1996-09-20,41.166385650634766
1996-09-23,41.157020568847656
1996-09-24,41.14765930175781
1996-09-25,41.175777435302734
1996-09-26,41.157020568847656
1996-09-27,41.19450378417969
1996-09-30,41.157020568847656
1996-10-01,41.381927490234375
1996-10-02,41.6630744934082
1996-10-03,41.62556076049805
1996-10-04,42.18781280517578
1996-10-07,42.23465347290039
1996-10-08,42.065982818603516
1996-10-09,41.7380256652832
1996-10-10,41.65367889404297
1996-10-11,42.1690788269043
1996-10-14,42.225318908691406
1996-10-15,42.1690788269043
1996-10-16,42.375247955322266
1996-10-17,42.48770523071289
1996-10-18,42.712589263916016
1996-10-21,42.656375885009766
1996-10-22,42.356502532958984
1996-10-23,42.49706268310547
1996-10-24,42.13157272338867
1996-10-25,42.1690788269043
1996-10-28,41.887935638427734
1996-10-29,42.225318908691406
1996-10-30,42.084739685058594
1996-10-31,42.48770523071289
1996-11-01,42.3377571105957
1996-11-04,42.6188850402832
1996-11-05,42.86250686645508
1996-11-06,43.68715286254883
1996-11-07,43.79024887084961
1996-11-08,44.03388977050781
1996-11-11,43.98702621459961
1996-11-12,43.855865478515625
1996-11-13,44.052616119384766
1996-11-14,44.343135833740234
1996-11-15,44.39936828613281
1996-11-18,44.40870666503906
1996-11-19,44.727333068847656
1996-11-20,44.802303314208984
1996-11-21,44.73671340942383
1996-11-22,45.08344650268555
1996-11-25,45.65507125854492
1996-11-26,45.505126953125
1996-11-27,45.42076873779297
1996-11-29,45.5894775390625
1996-12-02,45.60819625854492
1996-12-03,44.83040237426758
1996-12-04,44.952247619628906
1996-12-05,44.83040237426758
1996-12-06,44.56802749633789
1996-12-09,45.2239875793457
1996-12-10,45.00846481323242
1996-12-11,44.59614944458008
1996-12-12,43.855865478515625
1996-12-13,43.96828842163086
1996-12-16,43.40604019165039
1996-12-17,43.752750396728516
1996-12-18,44.09947967529297
1996-12-19,45.00846481323242
1996-12-20,45.107242584228516
1996-12-23,44.994258880615234
1996-12-24,45.32382583618164
1996-12-26,45.672237396240234
1996-12-27,45.728759765625
1996-12-30,45.33322525024414
1996-12-31,44.504554748535156
1997-01-02,44.6175537109375
1997-01-03,45.257877349853516
1997-01-06,44.86238098144531
1997-01-07,45.4085807800293
1997-01-08,45.013065338134766
1997-01-09,45.38975143432617
1997-01-10,45.879417419433594
1997-01-13,45.81352615356445
1997-01-14,46.387939453125
1997-01-15,46.274925231933594
1997-01-16,46.463279724121094
1997-01-17,46.74577713012695
1997-01-20,46.802276611328125
1997-01-21,47.1789665222168
1997-01-22,47.5179557800293
1997-01-23,46.85878372192383
1997-01-24,46.256103515625
1997-01-27,46.12424850463867
1997-01-28,46.256103515625
1997-01-29,46.70811080932617
1997-01-30,47.310813903808594
1997-01-31,47.25429153442383
1997-02-03,47.39554214477539
1997-02-04,47.68745422363281
1997-02-05,46.79288101196289
1997-02-06,47.1036491394043
1997-02-07,47.74399948120117
1997-02-10,47.29193878173828
1997-02-11,47.838138580322266
1997-02-12,48.51616287231445
1997-02-13,49.043514251708984
1997-02-14,48.93050003051758
1997-02-18,49.344844818115234
1997-02-19,49.0152702331543
1997-02-20,48.42200469970703
1997-02-21,48.44082260131836
1997-02-24,49.0152702331543
1997-02-25,49.052947998046875
1997-02-26,48.57267761230469
1997-02-27,47.84756088256836
1997-02-28,47.70632553100586
1997-03-03,48.02650451660156
1997-03-04,47.7628173828125
1997-03-05,48.57267761230469
1997-03-06,48.2901496887207
1997-03-07,48.72331619262695
1997-03-10,49.23185729980469
1997-03-11,48.96815490722656
1997-03-12,48.53500747680664
1997-03-13,47.781639099121094
1997-03-14,48.02650451660156
1997-03-17,48.1583251953125
1997-03-18,47.64040756225586
1997-03-19,47.48030090332031
1997-03-20,47.23546600341797
1997-03-21,47.454158782958984
1997-03-24,48.11589050292969
1997-03-25,47.64323806762695
1997-03-26,47.8511962890625
1997-03-27,46.584495544433594
1997-03-31,45.60137176513672
1997-04-01,45.894412994384766
1997-04-02,45.0720100402832
1997-04-03,45.31779861450195
1997-04-04,45.884986877441406
1997-04-07,46.064598083496094
1997-04-08,46.39543151855469
1997-04-09,46.01729202270508
1997-04-10,45.847145080566406
1997-04-11,44.39139175415039
1997-04-14,44.98691940307617
1997-04-15,45.75263595581055
1997-04-16,46.281982421875
1997-04-17,46.092952728271484
1997-04-18,46.3198127746582
1997-04-21,46.01729202270508
1997-04-22,47.028785705566406
1997-04-23,47.076053619384766
1997-04-24,46.83969497680664
1997-04-25,46.30088806152344
1997-04-28,46.754638671875
1997-04-29,48.22932052612305
1997-04-30,48.45616912841797
1997-05-01,48.39945602416992
1997-05-02,49.2691535949707
1997-05-05,50.441314697265625
1997-05-06,50.40351104736328
1997-05-07,49.306983947753906
1997-05-08,49.64726257324219
1997-05-09,49.98758316040039
1997-05-12,50.81943893432617
1997-05-13,50.61146545410156
1997-05-14,50.70601272583008
1997-05-15,51.04631423950195
1997-05-16,50.3467903137207
1997-05-19,50.4980354309082
1997-05-20,51.103050231933594
1997-05-21,50.98958969116211
1997-05-22,50.81943893432617
1997-05-23,51.29210662841797
1997-05-27,51.50007629394531
1997-05-28,51.490604400634766
1997-05-29,51.1880989074707
1997-05-30,51.518959045410156
1997-06-02,51.29210662841797
1997-06-03,51.12192153930664
1997-06-04,51.06523895263672
1997-06-05,51.254276275634766
1997-06-06,52.25630569458008
1997-06-09,52.52101135253906
1997-06-10,52.681671142578125
1997-06-11,52.8045768737793
1997-06-12,53.82551956176758
1997-06-13,54.27925109863281
1997-06-16,54.29816436767578
1997-06-17,54.22255325317383
1997-06-18,54.033470153808594
1997-06-19,54.5911979675293
1997-06-20,54.405181884765625
1997-06-23,53.08610916137695
1997-06-24,54.433677673339844
1997-06-25,54.05410385131836
1997-06-26,53.78837966918945
1997-06-27,53.997135162353516
1997-06-30,53.636505126953125
1997-07-01,54.26283264160156
1997-07-02,55.154884338378906
1997-07-03,55.91407012939453
1997-07-07,55.34471893310547
1997-07-08,55.92357635498047
1997-07-09,55.306739807128906
1997-07-10,55.55345916748047
1997-07-11,55.743263244628906
1997-07-14,55.91407012939453
1997-07-15,56.19875717163086
1997-07-16,56.93900680541992
1997-07-17,56.654293060302734
1997-07-18,55.44908905029297
1997-07-21,55.45855712890625
1997-07-22,56.92947769165039
1997-07-23,56.882022857666016
1997-07-24,57.147705078125
1997-07-25,57.109798431396484
1997-07-28,57.07184600830078
1997-07-29,57.26165008544922
1997-07-30,57.94490432739258
1997-07-31,57.88797378540039
1997-08-01,57.66019821166992
1997-08-04,57.812042236328125
1997-08-05,57.85000228881836
1997-08-06,58.324520111083984
1997-08-07,57.88797378540039
1997-08-08,56.71120071411133
1997-08-11,57.128780364990234
1997-08-12,56.217777252197266
1997-08-13,56.04697799682617
1997-08-14,56.255733489990234
1997-08-15,54.52858352661133
1997-08-18,55.743263244628906
1997-08-19,56.388587951660156
1997-08-20,57.2426872253418
1997-08-21,56.23674774169922
1997-08-22,56.217777252197266
1997-08-25,56.00898742675781
1997-08-26,55.183349609375
1997-08-27,55.51551818847656
1997-08-28,54.67094802856445
1997-08-29,54.889183044433594
1997-09-02,56.67325973510742
1997-09-03,56.36960220336914
1997-09-04,56.73019790649414
1997-09-05,56.56886291503906
1997-09-08,56.81562042236328
1997-09-09,56.84407424926758
1997-09-10,55.66733932495117
1997-09-11,55.38264083862305
1997-09-12,56.274715423583984
1997-09-15,56.179805755615234
1997-09-16,57.58428192138672
1997-09-17,57.58428192138672
1997-09-18,57.83103561401367
1997-09-19,57.9288444519043
1997-09-22,58.25270080566406
1997-09-23,57.98601150512695
1997-09-24,57.50977325439453
1997-09-25,57.1097297668457
1997-09-26,57.585968017578125
1997-09-29,58.13842010498047
1997-09-30,57.52885055541992
1997-10-01,58.290809631347656
1997-10-02,58.614646911621094
1997-10-03,58.90987014770508
1997-10-06,59.30038070678711
1997-10-07,59.85283660888672
1997-10-08,59.43376922607422
1997-10-09,59.22422409057617
1997-10-10,59.052791595458984
1997-10-13,59.10990524291992
1997-10-14,59.128990173339844
1997-10-15,58.99560546875
1997-10-16,58.06218719482422
1997-10-17,57.47169876098633
1997-10-20,58.290809631347656
1997-10-21,59.424232482910156
1997-10-22,59.033687591552734
1997-10-23,57.8717041015625
1997-10-24,57.30021667480469
1997-10-27,53.14751434326172
1997-10-28,56.21441650390625
1997-10-29,56.062007904052734
1997-10-30,54.823856353759766
1997-10-31,56.119171142578125
1997-11-03,57.30021667480469
1997-11-04,57.30021667480469
1997-11-05,57.49074935913086
1997-11-06,57.27165222167969
1997-11-07,56.65257263183594
1997-11-10,56.30968475341797
1997-11-11,56.3287467956543
1997-11-12,55.1667366027832
1997-11-13,55.96678161621094
1997-11-14,56.72877883911133
1997-11-17,57.77650451660156
1997-11-18,57.414520263671875
1997-11-19,57.700279235839844
1997-11-20,58.5765495300293
1997-11-21,58.97654724121094
1997-11-24,57.90983963012695
1997-11-25,58.06218719482422
1997-11-26,58.2336540222168
1997-11-28,58.290809631347656
1997-12-01,59.79570388793945
1997-12-02,59.43376922607422
1997-12-03,59.605224609375
1997-12-04,59.54806137084961
1997-12-05,60.31005859375
1997-12-08,60.13859176635742
1997-12-09,59.776649475097656
1997-12-10,59.26228332519531
1997-12-11,58.25270080566406
1997-12-12,58.366981506347656
1997-12-15,58.95750427246094
1997-12-16,59.3194580078125
1997-12-17,59.014713287353516
1997-12-18,58.443206787109375
1997-12-19,58.00638961791992
1997-12-22,58.379337310791016
1997-12-23,57.337013244628906
1997-12-24,57.164878845214844
1997-12-26,57.394344329833984
1997-12-29,58.52272415161133
1997-12-30,59.44077682495117
1997-12-31,59.40250015258789
1998-01-02,59.70849609375
1998-01-05,59.8423957824707
1998-01-06,58.8861198425293
1998-01-07,59.03912353515625
1998-01-08,58.52272415161133
1998-01-09,56.495487213134766
1998-01-12,57.52821731567383
1998-01-13,58.33149719238281
1998-01-14,58.599246978759766
1998-01-15,58.111572265625
1998-01-16,58.94347381591797
1998-01-20,59.899784088134766
1998-01-21,59.32598114013672
1998-01-22,58.800071716308594
1998-01-23,58.71397399902344
1998-01-26,58.675743103027344
1998-01-27,59.26861572265625
1998-01-28,59.80413818359375
1998-01-29,60.12923812866211
1998-01-30,60.16753387451172
1998-02-02,61.16199493408203
1998-02-03,61.62101745605469
1998-02-04,61.5445442199707
1998-02-05,61.50628662109375
1998-02-06,62.19477844238281
1998-02-09,61.98435592651367
1998-02-10,62.577308654785156
1998-02-11,62.51987838745117
1998-02-12,62.78763961791992
1998-02-13,62.424293518066406
1998-02-17,62.730281829833984
1998-02-18,63.30400466918945
1998-02-19,62.9693603515625
1998-02-20,63.437862396240234
1998-02-23,63.686527252197266
1998-02-24,63.18929672241211
1998-02-25,63.973419189453125
1998-02-26,64.3367691040039
1998-02-27,64.3367691040039
1998-03-02,64.20292663574219
1998-03-03,64.56627655029297
1998-03-04,64.14552307128906
1998-03-05,63.55265808105469
1998-03-06,64.83403015136719
1998-03-09,64.60456085205078
1998-03-10,65.21656036376953
1998-03-11,65.52256774902344
1998-03-12,65.7903060913086
1998-03-13,65.54166412353516
1998-03-16,66.249267578125
1998-03-17,66.4405746459961
1998-03-18,66.68913269042969
1998-03-19,66.8613052368164
1998-03-20,67.43701171875
1998-03-23,67.2835464477539
1998-03-24,67.85893249511719
1998-03-25,67.60960388183594
1998-03-26,67.57127380371094
1998-03-27,67.2835464477539
1998-03-30,67.24520111083984
1998-03-31,67.47537994384766
1998-04-01,68.02196502685547
1998-04-02,68.76043701171875
1998-04-03,69.10565185546875
1998-04-06,68.54947662353516
1998-04-07,68.089111328125
1998-04-08,67.70550537109375
1998-04-09,68.2425765991211
1998-04-13,68.05076599121094
1998-04-14,68.62617492675781
1998-04-15,68.81795501708984
1998-04-16,68.01239013671875
1998-04-17,68.91386413574219
1998-04-20,68.89466857910156
1998-04-21,69.22077941894531
1998-04-22,69.41255187988281
1998-04-23,68.74125671386719
1998-04-24,68.01239013671875
1998-04-27,66.72737121582031
1998-04-28,66.63146209716797
1998-04-29,67.09175872802734
1998-04-30,68.33845520019531
1998-05-01,69.10565185546875
1998-05-04,68.93301391601562
1998-05-05,68.45354461669922
1998-05-06,67.64799499511719
1998-05-07,67.11092376708984
1998-05-08,68.20417022705078
1998-05-11,67.97401428222656
1998-05-12,68.702880859375
1998-05-13,68.87555694580078
1998-05-14,68.5302734375
1998-05-15,68.14665222167969
1998-05-18,67.87813568115234
1998-05-19,68.33845520019531
1998-05-20,68.99054718017578
1998-05-21,68.54947662353516
1998-05-22,68.28093719482422
1998-05-26,67.18766784667969
1998-05-27,67.2835464477539
1998-05-28,67.5904541015625
1998-05-29,66.91910552978516
1998-06-01,67.22603607177734
1998-06-02,67.2835464477539
1998-06-03,66.20951843261719
1998-06-04,67.43701171875
1998-06-05,68.74125671386719
1998-06-08,68.66453552246094
1998-06-09,68.87555694580078
1998-06-10,68.4343490600586
1998-06-11,67.1493148803711
1998-06-12,67.78223419189453
1998-06-15,65.99845886230469
1998-06-16,67.01504516601562
1998-06-17,68.41519927978516
1998-06-18,68.10829162597656
1998-06-19,67.76702880859375
1998-06-22,68.09413146972656
1998-06-23,68.90229034423828
1998-06-24,69.82583618164062
1998-06-25,69.71038818359375
1998-06-26,69.9990234375
1998-06-29,70.24913024902344
1998-06-30,69.76810455322266
1998-07-01,70.57625579833984
1998-07-02,70.71092987060547
1998-07-06,71.42285919189453
1998-07-07,71.28815460205078
1998-07-08,71.80764770507812
1998-07-09,71.32662963867188
1998-07-10,71.71143341064453
1998-07-13,71.730712890625
1998-07-14,72.53885650634766
1998-07-15,72.4041519165039
1998-07-16,72.90442657470703
1998-07-17,73.00064849853516
1998-07-20,73.00064849853516
1998-07-21,71.730712890625
1998-07-22,71.730712890625
1998-07-23,70.3068618774414
1998-07-24,70.24913024902344
1998-07-27,70.74939727783203
1998-07-28,69.55646514892578
1998-07-29,69.2870864868164
1998-07-30,70.3261489868164
1998-07-31,68.82528686523438
1998-08-03,68.53669738769531
1998-08-04,65.88142395019531
1998-08-05,66.7857437133789
1998-08-06,67.07437133789062
1998-08-07,67.18975830078125
1998-08-10,66.80500793457031
1998-08-11,65.80445861816406
1998-08-12,66.92042541503906
1998-08-13,66.11228942871094
1998-08-14,65.3426513671875
1998-08-17,66.72802734375
1998-08-18,67.95945739746094
1998-08-19,67.78629302978516
1998-08-20,67.38224029541016
1998-08-21,66.8434829711914
1998-08-24,67.26678466796875
1998-08-25,67.42070770263672
1998-08-26,67.03588104248047
1998-08-27,63.88035202026367
1998-08-28,63.64944076538086
1998-08-31,59.10856628417969
1998-09-01,61.6098747253418
1998-09-02,61.16735076904297
1998-09-03,60.68633270263672
1998-09-04,60.18608474731445
1998-09-08,63.418540954589844
1998-09-09,61.87929153442383
1998-09-10,60.64783477783203
1998-09-11,62.610469818115234
1998-09-14,63.687923431396484
1998-09-15,64.07273864746094
1998-09-16,64.65000915527344
1998-09-17,62.80286407470703
1998-09-18,63.08259201049805
1998-09-21,63.04397964477539
1998-09-22,63.565345764160156
1998-09-23,66.11412811279297
1998-09-24,64.4921646118164
1998-09-25,64.4148941040039
1998-09-28,64.99419403076172
1998-09-29,64.83971405029297
1998-09-30,62.87022018432617
1998-10-01,61.055152893066406
1998-10-02,62.23299789428711
1998-10-05,60.97787857055664
1998-10-06,60.91996383666992
1998-10-07,60.01247024536133
1998-10-08,59.68419647216797
1998-10-09,60.88136291503906
1998-10-12,61.76959228515625
1998-10-13,61.55719757080078
1998-10-14,62.136451721191406
1998-10-15,65.47696685791016
1998-10-16,65.49626159667969
1998-10-19,65.7279281616211
1998-10-20,66.11412811279297
1998-10-21,65.88237762451172
1998-10-22,66.8671646118164
1998-10-23,66.01753234863281
1998-10-26,66.50028991699219
1998-10-27,66.11412811279297
1998-10-28,65.99828338623047
1998-10-29,67.60091400146484
1998-10-30,67.9677963256836
1998-11-02,69.12629699707031
1998-11-03,68.624267578125
1998-11-04,69.35802459716797
1998-11-05,70.30416870117188
1998-11-06,70.5165786743164
1998-11-09,70.0145034790039
1998-11-10,69.82146453857422
1998-11-11,69.35802459716797
1998-11-12,69.28081512451172
1998-11-13,69.95661926269531
1998-11-16,70.47795104980469
1998-11-17,70.47795104980469
1998-11-18,70.90276336669922
1998-11-19,71.52063751220703
1998-11-20,72.061279296875
1998-11-23,73.76048278808594
1998-11-24,73.29704284667969
1998-11-25,73.29704284667969
1998-11-27,73.83768463134766
1998-11-30,71.75238800048828
1998-12-01,72.67916870117188
1998-12-02,72.46678161621094
1998-12-03,71.26961517333984
1998-12-04,73.14260864257812
1998-12-07,73.49017333984375
1998-12-08,73.16189575195312
1998-12-09,73.29704284667969
1998-12-10,72.22544860839844
1998-12-11,72.37023162841797
1998-12-14,70.28487396240234
1998-12-15,72.09989929199219
1998-12-16,72.00336456298828
1998-12-17,73.1522445678711
1998-12-18,73.46306610107422
1998-12-21,74.48983764648438
1998-12-22,74.8191909790039
1998-12-23,76.388427734375
1998-12-24,76.05908203125
1998-12-28,75.8653564453125
1998-12-29,77.06648254394531
1998-12-30,76.44654846191406
1998-12-31,76.44654846191406
1999-01-04,76.27217864990234
1999-01-05,77.14396667480469
1999-01-06,79.0038070678711
1999-01-07,78.61632537841797
1999-01-08,79.19751739501953
1999-01-11,78.44196319580078
1999-01-12,77.02774047851562
1999-01-13,76.48529815673828
1999-01-14,75.14852905273438
1999-01-15,77.105224609375
1999-01-19,77.60896301269531
1999-01-20,78.22887420654297
1999-01-21,76.15592193603516
1999-01-22,75.98161315917969
1999-01-25,76.75650024414062
1999-01-26,78.15141296386719
1999-01-27,77.2408447265625
1999-01-28,78.53886413574219
1999-01-29,79.13939666748047
1999-02-01,78.67445373535156
1999-02-02,78.19015502929688
1999-02-03,78.98445129394531
1999-02-04,77.80267333984375
1999-02-05,76.91148376464844
1999-02-08,77.06648254394531
1999-02-09,75.34227752685547
1999-02-10,75.82659149169922
1999-02-11,77.57022094726562
1999-02-12,76.64024353027344
1999-02-16,76.17533111572266
1999-02-17,76.09780883789062
1999-02-18,76.69837951660156
1999-02-19,77.02774047851562
1999-02-22,79.08128356933594
1999-02-23,79.04251098632812
1999-02-24,77.64767456054688
1999-02-25,76.91148376464844
1999-02-26,76.6015625
1999-03-01,76.81464385986328
1999-03-02,76.1365737915039
1999-03-03,76.54338836669922
1999-03-04,77.51206970214844
1999-03-05,79.07158660888672
1999-03-08,79.58500671386719
1999-03-09,79.39127349853516
1999-03-10,80.08869934082031
1999-03-11,80.9798355102539
1999-03-12,80.20494842529297
1999-03-15,81.34794616699219
1999-03-16,81.0379867553711
1999-03-17,80.68927764892578
1999-03-18,81.9872817993164
1999-03-19,80.59368133544922
1999-03-22,80.7490463256836
1999-03-23,78.41860961914062
1999-03-24,78.86527252197266
1999-03-25,80.47714233398438
1999-03-26,79.89456176757812
1999-03-29,81.50642395019531
1999-03-30,81.07918548583984
1999-03-31,79.77803802490234
1999-04-01,80.38011169433594
1999-04-05,82.2832260131836
1999-04-06,82.08905792236328
1999-04-07,82.74929809570312
1999-04-08,83.79801177978516
1999-04-09,83.81746673583984
1999-04-12,84.71077728271484
1999-04-13,84.1669692993164
1999-04-14,82.74929809570312
1999-04-15,82.43860626220703
1999-04-16,81.73945617675781
1999-04-19,80.47714233398438
1999-04-20,81.48700714111328
1999-04-21,83.81746673583984
1999-04-22,84.61360931396484
1999-04-23,84.40003204345703
1999-04-26,84.88555145263672
1999-04-27,85.29336547851562
1999-04-28,84.128173828125
1999-04-29,83.48725891113281
1999-04-30,82.80757904052734
1999-05-03,84.32232666015625
1999-05-04,83.11829376220703
1999-05-05,83.7785873413086
1999-05-06,83.26394653320312
1999-05-07,83.89511108398438
1999-05-10,83.47754669189453
1999-05-11,84.32232666015625
1999-05-12,84.98267364501953
1999-05-13,85.35160064697266
1999-05-14,83.13771057128906
1999-05-17,83.39016723632812
1999-05-18,83.23482513427734
1999-05-19,83.83685302734375
1999-05-20,83.3319091796875
1999-05-21,82.86585998535156
1999-05-24,81.48700714111328
1999-05-25,80.16644287109375
1999-05-26,81.05974578857422
1999-05-27,79.89456176757812
1999-05-28,80.91410827636719
1999-06-01,80.63249969482422
1999-06-02,80.71021270751953
1999-06-03,81.1568832397461
1999-06-04,82.78816223144531
1999-06-07,83.00180053710938
1999-06-08,82.18614196777344
1999-06-09,82.10842895507812
1999-06-10,81.35106658935547
1999-06-11,80.67135620117188
1999-06-14,80.7490463256836
1999-06-15,81.29278564453125
1999-06-16,82.84645080566406
1999-06-17,83.62323760986328
1999-06-18,83.71986389160156
1999-06-21,83.91465759277344
1999-06-22,83.33025360107422
1999-06-23,82.92118835449219
1999-06-24,82.29788208007812
1999-06-25,82.09334564208984
1999-06-28,83.0965576171875
1999-06-29,83.87569427490234
1999-06-30,85.39501190185547
1999-07-01,86.03779602050781
1999-07-02,86.89485931396484
1999-07-06,86.8753662109375
1999-07-07,86.99223327636719
1999-07-08,87.0604476928711
1999-07-09,87.57666778564453
1999-07-12,87.18705749511719
1999-07-13,86.8753662109375
1999-07-14,87.36235046386719
1999-07-15,87.91751861572266
1999-07-16,88.39478302001953
1999-07-19,87.81037902832031
1999-07-20,86.00860595703125
1999-07-21,85.91122436523438
1999-07-22,84.78148651123047
1999-07-23,84.6158447265625
1999-07-26,83.99252319335938
1999-07-27,84.69380950927734
1999-07-28,84.96649169921875
1999-07-29,83.77827453613281
1999-07-30,82.74590301513672
1999-08-02,82.94071197509766
1999-08-03,82.55108642578125
1999-08-04,81.42131805419922
1999-08-05,82.16154479980469
1999-08-06,81.26551055908203
1999-08-09,81.09019470214844
1999-08-10,80.19418334960938
1999-08-11,81.16814422607422
1999-08-12,81.11940002441406
1999-08-13,82.99909210205078
1999-08-16,83.36920928955078
1999-08-17,83.91465759277344
1999-08-18,83.31077575683594
1999-08-19,82.62903594970703
1999-08-20,83.46662139892578
1999-08-23,85.06383514404297
1999-08-24,85.37549591064453
1999-08-25,86.2520980834961
1999-08-26,85.21968841552734
1999-08-27,84.18733215332031
1999-08-30,82.62903594970703
1999-08-31,82.3173599243164
1999-09-01,83.33025360107422
1999-09-02,82.34661865234375
1999-09-03,84.75220489501953
1999-09-07,84.44054412841797
1999-09-08,84.03150939941406
1999-09-09,83.99252319335938
1999-09-10,84.69380950927734
1999-09-13,84.11913299560547
1999-09-14,83.56397247314453
1999-09-15,82.23943328857422
1999-09-16,82.56088256835938
1999-09-17,83.60403442382812
1999-09-20,83.4868392944336
1999-09-21,81.7287826538086
1999-09-22,81.6408920288086
1999-09-23,79.9316635131836
1999-09-24,79.85353088378906
1999-09-27,80.38097381591797
1999-09-28,80.22466278076172
1999-09-29,79.26754760742188
1999-09-30,80.47863006591797
1999-10-01,80.3028335571289
1999-10-04,81.7287826538086
1999-10-05,81.65065002441406
1999-10-06,82.90079498291016
1999-10-07,82.4320068359375
1999-10-08,83.68214416503906
1999-10-11,83.54541015625
1999-10-12,82.2562026977539
1999-10-13,80.1270523071289
1999-10-14,80.10749053955078
1999-10-15,78.05645751953125
1999-10-18,78.62291717529297
1999-10-19,79.384765625
1999-10-20,80.16607666015625
1999-10-21,80.63493347167969
1999-10-22,81.3185806274414
1999-10-25,80.90839385986328
1999-10-26,79.89263153076172
1999-10-27,81.33810424804688
1999-10-28,84.1119155883789
1999-10-29,85.6355209350586
1999-11-01,84.73697662353516
1999-11-02,84.13141632080078
1999-11-03,84.69789123535156
1999-11-04,85.34252166748047
1999-11-05,86.18244171142578
1999-11-08,86.26062774658203
1999-11-09,85.44994354248047
1999-11-10,86.08483123779297
1999-11-11,86.57313537597656
1999-11-12,87.35450744628906
1999-11-15,87.5595703125
1999-11-16,88.29206848144531
1999-11-17,88.52650451660156
1999-11-18,89.15156555175781
1999-11-19,89.07341766357422
1999-11-22,89.05390167236328
1999-11-23,88.27252960205078
1999-11-24,88.7413558959961
1999-11-26,88.4093017578125
1999-11-29,88.09675598144531
1999-11-30,87.06145477294922
1999-12-01,87.76468658447266
1999-12-02,88.29206848144531
1999-12-03,89.91343688964844
1999-12-06,89.2492446899414
1999-12-07,88.52650451660156
1999-12-08,87.96003723144531
1999-12-09,88.38972473144531
1999-12-10,88.68279266357422
1999-12-13,88.83905792236328
1999-12-14,87.97956848144531
1999-12-15,88.44837188720703
1999-12-16,88.83905792236328
1999-12-17,89.40959930419922
1999-12-20,88.76337432861328
1999-12-21,90.11453247070312
1999-12-22,90.34950256347656
1999-12-23,91.78872680664062
1999-12-27,91.66146087646484
1999-12-28,91.60272979736328
1999-12-29,91.99433898925781
1999-12-30,91.8866195678711
1999-12-31,92.03350067138672
2000-01-03,91.13275146484375
2000-01-04,87.56893157958984
2000-01-05,87.72557830810547
2000-01-06,86.3156509399414
2000-01-07,91.32857513427734
2000-01-10,91.64183807373047
2000-01-11,90.54533386230469
2000-01-12,89.64452362060547
2000-01-13,90.85855102539062
2000-01-14,92.09227752685547
2000-01-18,91.36774444580078
2000-01-19,92.11182403564453
2000-01-20,90.70195770263672
2000-01-21,90.50617218017578
2000-01-24,87.9409408569336
2000-01-25,88.93964385986328
2000-01-26,88.23466491699219
2000-01-27,87.88217163085938
2000-01-28,85.14080810546875
2000-01-31,87.4513931274414
2000-02-01,88.31299591064453
2000-02-02,88.39132690429688
2000-02-03,89.72288513183594
2000-02-04,89.35082244873047
2000-02-07,89.21379089355469
2000-02-08,90.42779541015625
2000-02-09,88.52840423583984
2000-02-10,88.7046127319336
2000-02-11,86.90313720703125
2000-02-14,87.41224670410156
2000-02-15,88.40113067626953
2000-02-16,87.09893035888672
2000-02-17,86.6485595703125
2000-02-18,84.7883071899414
2000-02-22,84.57292175292969
2000-02-23,85.5715560913086
2000-02-24,83.84842681884766
2000-02-25,83.54486083984375
2000-02-28,85.29737854003906
2000-02-29,86.11986541748047
2000-03-01,86.74647521972656
2000-03-02,86.80522918701172
2000-03-03,88.43047332763672
2000-03-06,87.56893157958984
2000-03-07,85.87510681152344
2000-03-08,85.76737976074219
2000-03-09,88.2738265991211
2000-03-10,87.80387878417969
2000-03-13,86.84440612792969
2000-03-14,85.61072540283203
2000-03-15,87.60807800292969
2000-03-16,91.70057678222656
2000-03-17,92.30668640136719
2000-03-20,91.83554077148438
2000-03-21,93.72013854980469
2000-03-22,94.28944396972656
2000-03-23,95.89923095703125
2000-03-24,96.46852111816406
2000-03-27,95.44774627685547
2000-03-28,94.89797973632812
2000-03-29,94.9961929321289
2000-03-30,93.40607452392578
2000-03-31,94.46612548828125
2000-04-03,95.01583862304688
2000-04-04,94.30901336669922
2000-04-05,93.72013854980469
2000-04-06,94.53479766845703
2000-04-07,95.13363647460938
2000-04-10,94.76061248779297
2000-04-11,94.48576354980469
2000-04-12,91.89440155029297
2000-04-13,90.61836242675781
2000-04-14,85.43572235107422
2000-04-17,88.41966247558594
2000-04-18,90.75579071044922
2000-04-19,89.9116439819336
2000-04-20,90.34357452392578
2000-04-24,89.3619613647461
2000-04-25,93.07230377197266
2000-04-26,92.02202606201172
2000-04-27,91.71771240234375
2000-04-28,91.14839172363281
2000-05-01,92.38520050048828
2000-05-02,90.53987884521484
2000-05-03,88.41966247558594
2000-05-04,89.08714294433594
2000-05-05,90.1668701171875
2000-05-08,89.48957824707031
2000-05-09,88.77301788330078
2000-05-10,86.77066040039062
2000-05-11,88.75340270996094
2000-05-12,89.71532440185547
2000-05-15,91.26619720458984
2000-05-16,92.1496353149414
2000-05-17,91.18771362304688
2000-05-18,90.0687026977539
2000-05-19,88.65520477294922
2000-05-22,87.98779296875
2000-05-23,86.69206237792969
2000-05-24,88.10552978515625
2000-05-25,86.59393310546875
2000-05-26,86.69206237792969
2000-05-30,89.51901245117188
2000-05-31,89.71532440185547
2000-06-01,91.2858657836914
2000-06-02,92.8759994506836
2000-06-05,92.42444610595703
2000-06-06,92.0122299194336
2000-06-07,92.65022277832031
2000-06-08,92.2870101928711
2000-06-09,92.09073638916016
2000-06-12,91.01103210449219
2000-06-13,92.71894073486328
2000-06-14,92.8759994506836
2000-06-15,93.07230377197266
2000-06-16,92.30755615234375
2000-06-19,93.48820495605469
2000-06-20,93.1536865234375
2000-06-21,93.11433410644531
2000-06-22,91.69754028320312
2000-06-23,90.91045379638672
2000-06-26,92.0812759399414
2000-06-27,91.40241241455078
2000-06-28,91.65819549560547
2000-06-29,90.79239654541016
2000-06-30,91.4810562133789
2000-07-03,92.740478515625
2000-07-05,91.06783294677734
2000-07-06,91.77626037597656
2000-07-07,93.25208282470703
2000-07-10,93.09464263916016
2000-07-11,93.29144287109375
2000-07-12,93.90141296386719
2000-07-13,94.31468200683594
2000-07-14,95.23954010009766
2000-07-17,95.08208465576172
2000-07-18,94.3048095703125
2000-07-19,93.54725646972656
2000-07-20,94.845947265625
2000-07-21,92.99627685546875
2000-07-24,92.4649429321289
2000-07-25,92.7601089477539
2000-07-26,91.85498046875
2000-07-27,91.54015350341797
2000-07-28,89.47398376464844
2000-07-31,90.04463958740234
2000-08-01,90.59558868408203
2000-08-02,91.04815673828125
2000-08-03,91.67790222167969
2000-08-04,92.16981506347656
2000-08-07,93.27176666259766
2000-08-08,93.62599182128906
2000-08-09,92.83883666992188
2000-08-10,92.38626098632812
2000-08-11,92.81922149658203
2000-08-14,93.99977111816406
2000-08-15,93.9211196899414
2000-08-16,93.58661651611328
2000-08-17,94.57048034667969
2000-08-18,94.2555923461914
2000-08-21,94.76728057861328
2000-08-22,94.60982513427734
2000-08-23,94.98371887207031
2000-08-24,95.27886962890625
2000-08-25,95.23954010009766
2000-08-28,95.56417846679688
2000-08-29,95.58393096923828
2000-08-30,94.66886901855469
2000-08-31,95.92820739746094
2000-09-01,96.02660369873047
2000-09-05,95.2591781616211
2000-09-06,94.17697143554688
2000-09-07,94.98371887207031
2000-09-08,94.33433532714844
2000-09-11,94.19658660888672
2000-09-12,93.50784301757812
2000-09-13,93.7538833618164
2000-09-14,94.2260971069336
2000-09-15,92.16462707519531
2000-09-18,91.31639099121094
2000-09-19,92.1448974609375
2000-09-20,91.46434020996094
2000-09-21,90.07359313964844
2000-09-22,91.71088409423828
2000-09-25,91.05994415283203
2000-09-26,89.89604949951172
2000-09-27,90.3694839477539
2000-09-28,91.5333480834961
2000-09-29,90.66535949707031
2000-10-02,90.80351257324219
2000-10-03,89.95520782470703
2000-10-04,90.70484161376953
2000-10-05,91.02049255371094
2000-10-06,89.04779052734375
2000-10-09,88.37706756591797
2000-10-10,86.91724395751953
2000-10-11,86.18733978271484
2000-10-12,84.037109375
2000-10-13,86.83832550048828
2000-10-16,87.23287963867188
2000-10-17,85.06290435791016
2000-10-18,84.74726104736328
2000-10-19,87.94307708740234
2000-10-20,88.31787109375
2000-10-23,88.71243286132812
2000-10-24,88.12059783935547
2000-10-25,86.04928588867188
2000-10-26,86.28598022460938
2000-10-27,87.92333984375
2000-10-30,88.71243286132812
2000-10-31,90.24127197265625
2000-11-01,89.93547058105469
2000-11-02,90.08343505859375
2000-11-03,90.13275146484375
2000-11-06,90.76399230957031
2000-11-07,90.74427032470703
2000-11-08,88.73216247558594
2000-11-09,88.39680480957031
2000-11-10,86.24653625488281
2000-11-13,85.5758285522461
2000-11-14,87.82469940185547
2000-11-15,88.10084533691406
2000-11-16,86.72002410888672
2000-11-17,86.25640106201172
2000-11-20,85.02349090576172
2000-11-21,85.45745086669922
2000-11-22,83.41568756103516
2000-11-24,85.12210083007812
2000-11-27,85.87177276611328
2000-11-28,84.39220428466797
2000-11-29,84.23439025878906
2000-11-30,83.50446319580078
2000-12-01,83.46501159667969
2000-12-04,84.17522430419922
2000-12-05,86.93699645996094
2000-12-06,85.54619598388672
2000-12-07,84.37246704101562
2000-12-08,84.56975555419922
2000-12-11,87.50904846191406
2000-12-12,87.1342544555664
2000-12-13,85.94075775146484
2000-12-14,84.84593200683594
2000-12-15,82.92955017089844
2000-12-18,84.0376205444336
2000-12-19,82.3260269165039
2000-12-20,79.94159698486328
2000-12-21,80.49568939208984
2000-12-22,82.90972137451172
2000-12-26,83.80020904541016
2000-12-27,84.41358184814453
2000-12-28,84.6708755493164
2000-12-29,83.06802368164062
2001-01-02,81.56417083740234
2001-01-03,85.48210906982422
2001-01-04,84.56200408935547
2001-01-05,81.80165100097656
2001-01-08,82.43482971191406
2001-01-09,82.21720886230469
2001-01-10,83.66163635253906
2001-01-11,83.7408218383789
2001-01-12,83.58251190185547
2001-01-16,84.11680603027344
2001-01-17,84.5026626586914
2001-01-18,85.34361267089844
2001-01-19,84.85883331298828
2001-01-22,85.42277526855469
2001-01-23,86.09553527832031
2001-01-24,86.35279846191406
2001-01-25,86.13516235351562
2001-01-26,86.03617095947266
2001-01-29,86.49523162841797
2001-01-30,87.25507354736328
2001-01-31,86.76119232177734
2001-02-01,87.33740234375
2001-02-02,85.35550689697266
2001-02-05,85.98236083984375
2001-02-06,85.72907257080078
2001-02-07,85.28585052490234
2001-02-08,84.2917251586914
2001-02-09,83.4812240600586
2001-02-12,84.43733978271484
2001-02-13,83.74716186523438
2001-02-14,83.6205062866211
2001-02-15,84.43102264404297
2001-02-16,82.56938171386719
2001-02-20,81.29666900634766
2001-02-21,79.54270935058594
2001-02-22,79.66303253173828
2001-02-23,79.12477111816406
2001-02-26,80.80911254882812
2001-02-27,80.06193542480469
2001-02-28,78.48526763916016
2001-03-01,78.89683532714844
2001-03-02,78.26998138427734
2001-03-05,78.9854965209961
2001-03-06,79.83394622802734
2001-03-07,80.40385437011719
2001-03-08,80.49250793457031
2001-03-09,78.11164855957031
2001-03-12,74.76838684082031
2001-03-13,75.99677276611328
2001-03-14,74.49607849121094
2001-03-15,74.51508331298828
2001-03-16,73.0205078125
2001-03-19,74.50619506835938
2001-03-20,72.50624084472656
2001-03-21,71.2745361328125
2001-03-22,70.55073547363281
2001-03-23,72.6839828491211
2001-03-26,73.6109619140625
2001-03-27,75.11572265625
2001-03-28,73.03958892822266
2001-03-29,73.31891632080078
2001-03-30,74.08714294433594
2001-04-02,72.50624084472656
2001-04-03,70.08724212646484
2001-04-04,70.37932586669922
2001-04-05,73.0458984375
2001-04-06,71.93485260009766
2001-04-09,72.73480224609375
2001-04-10,74.06172180175781
2001-04-11,74.11250305175781
2001-04-12,75.45854949951172
2001-04-16,74.6649169921875
2001-04-17,75.7188491821289
2001-04-18,78.72831726074219
2001-04-19,79.77592468261719
2001-04-20,79.04576873779297
2001-04-23,77.61089324951172
2001-04-24,77.19184112548828
2001-04-25,78.20135498046875
2001-04-26,78.55056762695312
2001-04-27,79.85844421386719
2001-04-30,80.41718292236328
2001-05-01,80.66477966308594
2001-05-02,80.51878356933594
2001-05-03,79.49655151367188
2001-05-04,80.84893035888672
2001-05-07,80.15052795410156
2001-05-08,80.11243438720703
2001-05-09,79.77592468261719
2001-05-10,80.01081085205078
2001-05-11,79.45844268798828
2001-05-14,79.61717987060547
2001-05-15,79.98542785644531
2001-05-16,81.8711166381836
2001-05-17,81.99809265136719
2001-05-18,82.3727035522461
2001-05-21,83.5853500366211
2001-05-22,83.4774169921875
2001-05-23,82.0615463256836
2001-05-24,82.30284881591797
2001-05-25,81.3314437866211
2001-05-29,80.68383026123047
2001-05-30,79.55370330810547
2001-05-31,79.96639251708984
2001-06-01,80.46160888671875
2001-06-04,80.84893035888672
2001-06-05,81.7758560180664
2001-06-06,81.09654235839844
2001-06-07,81.3885726928711
2001-06-08,80.6330337524414
2001-06-11,80.06163787841797
2001-06-12,79.92193603515625
2001-06-13,79.2362060546875
2001-06-14,77.45850372314453
2001-06-15,77.58331298828125
2001-06-18,77.20763397216797
2001-06-19,77.54510498046875
2001-06-20,77.95260620117188
2001-06-21,78.83758544921875
2001-06-22,78.22003936767578
2001-06-25,77.50050354003906
2001-06-26,77.39232635498047
2001-06-27,77.34772491455078
2001-06-28,77.7743148803711
2001-06-29,78.06085205078125
2001-07-02,79.03502655029297
2001-07-03,79.015869140625
2001-07-05,77.47504425048828
2001-07-06,75.800537109375
2001-07-09,76.21438598632812
2001-07-10,75.29753112792969
2001-07-11,75.37393951416016
2001-07-12,77.16307830810547
2001-07-13,77.83163452148438
2001-07-16,76.8574447631836
2001-07-17,77.5769271850586
2001-07-18,77.04846954345703
2001-07-19,77.723388671875
2001-07-20,77.25858306884766
2001-07-23,75.73681640625
2001-07-24,75.00462341308594
2001-07-25,75.83235931396484
2001-07-26,76.62823486328125
2001-07-27,76.9211196899414
2001-07-30,76.94657897949219
2001-07-31,77.26492309570312
2001-08-01,77.74884033203125
2001-08-02,78.06720733642578
2001-08-03,77.64060974121094
2001-08-06,76.59638214111328
2001-08-07,76.8956298828125
2001-08-08,75.46940612792969
2001-08-09,75.69225311279297
2001-08-10,75.95330810546875
2001-08-13,75.97240447998047
2001-08-14,75.94056701660156
2001-08-15,75.28479766845703
2001-08-16,75.54581451416016
2001-08-17,74.3360824584961
2001-08-20,75.0237045288086
2001-08-21,73.74392700195312
2001-08-22,74.50800323486328
2001-08-23,74.24054718017578
2001-08-24,75.78142547607422
2001-08-27,75.329345703125
2001-08-28,74.22781372070312
2001-08-29,73.56565856933594
2001-08-30,72.15214538574219
2001-08-31,72.68062591552734
2001-09-04,72.21582794189453
2001-09-05,72.39410400390625
2001-09-06,70.52855682373047
2001-09-07,69.2232894897461
2001-09-10,70.07013702392578
2001-09-17,66.40898132324219
2001-09-18,66.24980926513672
2001-09-19,64.9127426147461
2001-09-20,62.84980773925781
2001-09-21,62.1717414855957
2001-09-24,64.35743713378906
2001-09-25,65.02848815917969
2001-09-26,64.79840850830078
2001-09-27,65.36082458496094
2001-09-28,66.74769592285156
2001-10-01,66.63902282714844
2001-10-02,67.47625732421875
2001-10-03,68.60746002197266
2001-10-04,68.66498565673828
2001-10-05,68.53074645996094
2001-10-08,68.08338928222656
2001-10-09,67.7191162109375
2001-10-10,69.22737884521484
2001-10-11,70.30109405517578
2001-10-12,69.98155212402344
2001-10-15,69.85369873046875
2001-10-16,70.29466247558594
2001-10-17,68.79918670654297
2001-10-18,68.65217590332031
2001-10-19,68.60746002197266
2001-10-22,69.96231842041016
2001-10-23,69.60445404052734
2001-10-24,69.41912078857422
2001-10-25,70.66534423828125
2001-10-26,70.505615234375
2001-10-29,68.67137908935547
2001-10-30,67.84695434570312
2001-10-31,67.6168212890625
2001-11-01,69.34882354736328
2001-11-02,69.82176208496094
2001-11-05,70.73568725585938
2001-11-06,71.83488464355469
2001-11-07,71.73905181884766
2001-11-08,71.96273803710938
2001-11-09,72.03939056396484
2001-11-12,71.59843444824219
2001-11-13,73.20899200439453
2001-11-14,73.2792739868164
2001-11-15,73.41350555419922
2001-11-16,73.08756256103516
2001-11-19,73.9886703491211
2001-11-20,73.36880493164062
2001-11-21,72.88304901123047
2001-11-23,73.93115234375
2001-11-26,74.09093475341797
2001-11-27,73.77136993408203
2001-11-28,72.43567657470703
2001-11-29,73.41350555419922
2001-11-30,72.88941955566406
2001-12-03,72.45484161376953
2001-12-04,73.6819076538086
2001-12-05,75.03040313720703
2001-12-06,74.99208068847656
2001-12-07,74.49356079101562
2001-12-10,73.10032653808594
2001-12-11,72.95333099365234
2001-12-12,73.03643035888672
2001-12-13,71.61762237548828
2001-12-14,72.30142974853516
2001-12-17,73.04922485351562
2001-12-18,73.48381805419922
2001-12-19,74.00148010253906
2001-12-20,73.27290344238281
2001-12-21,73.71734619140625
2001-12-24,73.57621765136719
2001-12-26,73.98023986816406
2001-12-27,74.42915344238281
2001-12-28,74.39068603515625
2001-12-31,73.30046844482422
2002-01-02,74.08927917480469
2002-01-03,74.92935180664062
2002-01-04,75.4295654296875
2002-01-07,74.89730072021484
2002-01-08,74.7241439819336
2002-01-09,74.11492919921875
2002-01-10,74.44197082519531
2002-01-11,73.71089935302734
2002-01-14,73.24917602539062
2002-01-15,73.8455810546875
2002-01-16,72.35131072998047
2002-01-17,72.89647674560547
2002-01-18,72.56297302246094
2002-01-22,72.06281280517578
2002-01-23,72.61430358886719
2002-01-24,72.8387222290039
2002-01-25,72.81949615478516
2002-01-28,73.01831817626953
2002-01-29,70.722412109375
2002-01-30,71.74210357666016
2002-01-31,72.58220672607422
2002-02-01,72.24229431152344
2002-02-04,70.44670867919922
2002-02-05,70.0106201171875
2002-02-06,69.70919799804688
2002-02-07,69.2730941772461
2002-02-08,70.60060119628906
2002-02-11,71.46633911132812
2002-02-12,71.24189758300781
2002-02-13,71.99864196777344
2002-02-14,71.86393737792969
2002-02-15,71.11360931396484
2002-02-19,69.7476577758789
2002-02-20,70.92123413085938
2002-02-21,69.4526596069336
2002-02-22,70.31204223632812
2002-02-25,71.47278594970703
2002-02-26,71.32524108886719
2002-02-27,71.60101318359375
2002-02-28,71.2803726196289
2002-03-01,72.94131469726562
2002-03-04,74.2303237915039
2002-03-05,73.99305725097656
2002-03-06,74.87164306640625
2002-03-07,74.71131134033203
2002-03-08,75.02557373046875
2002-03-11,75.1858901977539
2002-03-12,75.1409683227539
2002-03-13,74.41632080078125
2002-03-14,74.313720703125
2002-03-15,75.02180480957031
2002-03-18,75.03467559814453
2002-03-19,75.53632354736328
2002-03-20,74.11500549316406
2002-03-21,74.14710998535156
2002-03-22,73.98635864257812
2002-03-25,73.06668090820312
2002-03-26,73.49114990234375
2002-03-27,73.68408966064453
2002-03-28,73.65193176269531
2002-04-01,73.68408966064453
2002-04-02,73.27886199951172
2002-04-03,72.764404296875
2002-04-04,72.46212005615234
2002-04-05,72.47498321533203
2002-04-08,72.62934875488281
2002-04-09,72.12126159667969
2002-04-10,72.93802642822266
2002-04-11,71.12438201904297
2002-04-12,71.65821838378906
2002-04-15,71.11154174804688
2002-04-16,72.80302429199219
2002-04-17,72.64863586425781
2002-04-18,72.33348083496094
2002-04-19,72.59716796875
2002-04-22,71.38809204101562
2002-04-23,71.07938385009766
2002-04-24,70.3655014038086
2002-04-25,70.40409088134766
2002-04-26,69.0663833618164
2002-04-29,68.72549438476562
2002-04-30,69.36866760253906
2002-05-01,70.21760559082031
2002-05-02,69.94744110107422
2002-05-03,69.18856811523438
2002-05-06,67.83154296875
2002-05-07,67.59358978271484
2002-05-08,70.1082534790039
2002-05-09,69.29791259765625
2002-05-10,67.9923324584961
2002-05-13,69.37506866455078
2002-05-14,70.88644409179688
2002-05-15,70.60990142822266
2002-05-16,70.97648620605469
2002-05-17,71.32379150390625
2002-05-20,70.55204010009766
2002-05-21,69.90888977050781
2002-05-22,70.06321716308594
2002-05-23,70.80925750732422
2002-05-24,69.90245819091797
2002-05-28,69.52299499511719
2002-05-29,69.00850677490234
2002-05-30,68.8155517578125
2002-05-31,68.95703887939453
2002-06-03,67.12411499023438
2002-06-04,67.29129028320312
2002-06-05,67.92157745361328
2002-06-06,66.538818359375
2002-06-07,66.4616470336914
2002-06-10,66.71893310546875
2002-06-11,65.57415771484375
2002-06-12,65.97288513183594
2002-06-13,65.3104476928711
2002-06-14,65.2139663696289
2002-06-17,66.96330261230469
2002-06-18,67.50996398925781
2002-06-19,65.93427276611328
2002-06-20,65.09178924560547
2002-06-21,64.07403564453125
2002-06-24,64.4096450805664
2002-06-25,62.96393966674805
2002-06-26,63.067264556884766
2002-06-27,64.17082977294922
2002-06-28,63.86747360229492
2002-07-01,62.62189483642578
2002-07-02,61.29240036010742
2002-07-03,61.64093017578125
2002-07-05,64.0933837890625
2002-07-08,63.293121337890625
2002-07-09,61.69902038574219
2002-07-10,59.45307540893555
2002-07-11,59.93708038330078
2002-07-12,59.27878952026367
2002-07-15,59.59506607055664
2002-07-16,58.44623565673828
2002-07-17,58.56242370605469
2002-07-18,56.66498565673828
2002-07-19,54.670711517333984
2002-07-22,53.050819396972656
2002-07-23,51.59867477416992
2002-07-24,54.677188873291016
2002-07-25,54.212501525878906
2002-07-26,55.2451171875
2002-07-29,57.9363899230957
2002-07-30,58.69150161743164
2002-07-31,58.83349609375
2002-08-01,57.29747009277344
2002-08-02,56.01311111450195
2002-08-05,54.06406021118164
2002-08-06,55.884071350097656
2002-08-07,56.858604431152344
2002-08-08,58.697933197021484
2002-08-09,58.917354583740234
2002-08-12,58.48500061035156
2002-08-13,57.42010498046875
2002-08-14,59.517608642578125
2002-08-15,60.34369659423828
2002-08-16,60.1629753112793
2002-08-19,61.56990432739258
2002-08-20,60.91809844970703
2002-08-21,61.79580307006836
2002-08-22,62.39597702026367
2002-08-23,61.05360794067383
2002-08-26,61.479557037353516
2002-08-27,60.76964569091797
2002-08-28,59.44013214111328
2002-08-29,59.46596908569336
2002-08-30,59.233612060546875
2002-09-03,56.974769592285156
2002-09-04,57.787940979003906
2002-09-05,57.29747009277344
2002-09-06,58.08483123779297
2002-09-09,58.510807037353516
2002-09-10,59.18198776245117
2002-09-11,58.81409454345703
2002-09-12,57.72986602783203
2002-09-13,57.87186050415039
2002-09-16,58.013816833496094
2002-09-17,56.6843376159668
2002-09-18,56.11640930175781
2002-09-19,54.664268493652344
2002-09-20,54.68242263793945
2002-09-23,54.2351188659668
2002-09-24,53.35992431640625
2002-09-25,54.68242263793945
2002-09-26,55.577049255371094
2002-09-27,53.645172119140625
2002-09-30,53.0228271484375
2002-10-01,55.5705680847168
2002-10-02,53.90450668334961
2002-10-03,53.35992431640625
2002-10-04,52.38103103637695
2002-10-07,51.29841995239258
2002-10-08,52.102264404296875
2002-10-09,50.63067626953125
2002-10-10,52.27084732055664
2002-10-11,54.55925369262695
2002-10-14,54.86394119262695
2002-10-15,57.5024528503418
2002-10-16,56.10863494873047
2002-10-17,57.22369384765625
2002-10-18,57.46357727050781
2002-10-21,58.45541763305664
2002-10-22,58.03404235839844
2002-10-23,58.474849700927734
2002-10-24,57.28204345703125
2002-10-25,58.474849700927734
2002-10-28,58.09238815307617
2002-10-29,57.418174743652344
2002-10-30,57.975677490234375
2002-10-31,57.38573455810547
2002-11-01,58.52024841308594
2002-11-04,59.07773208618164
2002-11-05,59.54453659057617
2002-11-06,60.31596374511719
2002-11-07,58.837894439697266
2002-11-08,58.11830520629883
2002-11-11,57.21718978881836
2002-11-12,57.67100524902344
2002-11-13,57.72932052612305
2002-11-14,58.818443298339844
2002-11-15,59.25279998779297
2002-11-18,58.65637969970703
2002-11-19,58.57857894897461
2002-11-20,59.88164520263672
2002-11-21,60.99665069580078
2002-11-22,60.562339782714844
2002-11-25,60.601234436035156
2002-11-26,59.4472770690918
2002-11-27,61.119815826416016
2002-11-29,60.92537307739258
2002-12-02,61.022613525390625
2002-12-03,60.20577621459961
2002-12-04,59.93350601196289
2002-12-05,59.272254943847656
2002-12-06,59.66122817993164
2002-12-09,58.021053314208984
2002-12-10,58.79899978637695
2002-12-11,58.85087203979492
2002-12-12,58.84436798095703
2002-12-13,57.91734313964844
2002-12-16,59.41484832763672
2002-12-17,58.896244049072266
2002-12-18,58.215576171875
2002-12-19,57.80064392089844
2002-12-20,58.625396728515625
2002-12-23,58.644954681396484
2002-12-24,58.20847702026367
2002-12-26,58.23452377319336
2002-12-27,56.92509841918945
2002-12-30,57.400665283203125
2002-12-31,57.47883224487305
2003-01-02,59.32898712158203
2003-01-03,59.511375427246094
2003-01-06,60.560272216796875
2003-01-07,60.410423278808594
2003-01-08,59.5374641418457
2003-01-09,60.46255111694336
2003-01-10,60.62542724609375
2003-01-13,60.60588455200195
2003-01-14,60.80130386352539
2003-01-15,60.19545364379883
2003-01-16,59.94788360595703
2003-01-17,59.061912536621094
2003-01-21,58.14330291748047
2003-01-22,57.43975067138672
2003-01-23,57.79153823852539
2003-01-24,56.27363204956055
2003-01-27,55.50489044189453
2003-01-28,55.91529846191406
2003-01-29,56.33877944946289
2003-01-30,55.00326156616211
2003-01-31,56.06513595581055
2003-02-03,56.1759147644043
2003-02-04,55.62217712402344
2003-02-05,55.276859283447266
2003-02-06,55.016258239746094
2003-02-07,54.345272064208984
2003-02-10,54.7296257019043
2003-02-11,54.35178756713867
2003-02-12,53.48535919189453
2003-02-13,53.64822006225586
2003-02-14,54.82084274291992
2003-02-18,55.784996032714844
2003-02-19,55.49190902709961
2003-02-20,54.93811798095703
2003-02-21,55.49190902709961
2003-02-24,54.59286880493164
2003-02-25,55.029335021972656
2003-02-26,54.22803497314453
2003-02-27,54.94462966918945
2003-02-28,55.3094482421875
2003-03-03,54.78175735473633
2003-03-04,53.90879821777344
2003-03-05,54.36484909057617
2003-03-06,53.90879821777344
2003-03-07,54.28007888793945
2003-03-10,52.97722244262695
2003-03-11,52.456016540527344
2003-03-12,52.80784225463867
2003-03-13,54.63194274902344
2003-03-14,54.80781555175781
2003-03-17,56.53420639038086
2003-03-18,56.866458892822266
2003-03-19,57.30295944213867
2003-03-20,57.42673873901367
2003-03-21,58.6524658203125
2003-03-24,56.70329666137695
2003-03-25,57.246192932128906
2003-03-26,56.95838928222656
2003-03-27,57.00418472290039
2003-03-28,56.716392517089844
2003-03-31,55.42782974243164
2003-04-01,56.27809524536133
2003-04-02,57.638641357421875
2003-04-03,57.363914489746094
2003-04-04,57.70402145385742
2003-04-07,57.59284591674805
2003-04-08,57.68443298339844
2003-04-09,56.92567443847656
2003-04-10,57.23965072631836
2003-04-11,57.00418472290039
2003-04-14,58.18153381347656
2003-04-15,58.72441864013672
2003-04-16,57.723670959472656
2003-04-17,58.58051681518555
2003-04-21,58.63942337036133
2003-04-22,59.74481201171875
2003-04-23,60.29423904418945
2003-04-24,59.75790023803711
2003-04-25,59.01877975463867
2003-04-28,60.03913879394531
2003-04-29,60.24845504760742
2003-04-30,60.117645263671875
2003-05-01,60.1110954284668
2003-05-02,60.96794891357422
2003-05-05,60.85023498535156
2003-05-06,61.42584228515625
2003-05-07,61.085697174072266
2003-05-08,60.47087860107422
2003-05-09,61.30812072753906
2003-05-12,62.0603141784668
2003-05-13,61.9491081237793
2003-05-14,61.818275451660156
2003-05-15,62.21074295043945
2003-05-16,62.05376434326172
2003-05-19,60.6016960144043
2003-05-20,60.47742462158203
2003-05-21,60.6016960144043
2003-05-22,61.20344924926758
2003-05-23,61.32771682739258
2003-05-27,62.40043640136719
2003-05-28,62.57705307006836
2003-05-29,62.41351318359375
2003-05-30,63.41428756713867
2003-06-02,63.67589569091797
2003-06-03,63.93755340576172
2003-06-04,64.85984802246094
2003-06-05,65.18037414550781
2003-06-06,64.92523956298828
2003-06-09,64.26456451416016
2003-06-10,64.9186782836914
2003-06-11,65.60548400878906
2003-06-12,65.80823516845703
2003-06-13,65.1214599609375
2003-06-16,66.49504089355469
2003-06-17,66.49504089355469
2003-06-18,66.4361801147461
2003-06-19,65.42232513427734
2003-06-20,65.27792358398438
2003-06-23,64.60833740234375
2003-06-24,64.67398071289062
2003-06-25,64.02410125732422
2003-06-26,64.85779571533203
2003-06-27,64.10943603515625
2003-06-30,64.08972930908203
2003-07-01,64.6805648803711
2003-07-02,65.49452209472656
2003-07-03,64.81839752197266
2003-07-07,66.10504150390625
2003-07-08,66.40042877197266
2003-07-09,66.0262680053711
2003-07-10,65.18602752685547
2003-07-11,65.8030776977539
2003-07-14,66.12476348876953
2003-07-15,65.9803237915039
2003-07-16,65.59303283691406
2003-07-17,64.6609115600586
2003-07-18,65.3238754272461
2003-07-21,64.51642608642578
2003-07-22,65.1007080078125
2003-07-23,65.1466293334961
2003-07-24,64.65431213378906
2003-07-25,65.7965316772461
2003-07-28,65.5536117553711
2003-07-29,65.25167846679688
2003-07-30,65.09413146972656
2003-07-31,65.24507904052734
2003-08-01,64.66743469238281
2003-08-04,64.66743469238281
2003-08-05,63.29545211791992
2003-08-06,63.663047790527344
2003-08-07,64.33261108398438
2003-08-08,64.51642608642578
2003-08-11,64.75933074951172
2003-08-12,65.35009765625
2003-08-13,65.01535034179688
2003-08-14,65.19259643554688
2003-08-15,65.3960952758789
2003-08-18,65.96063995361328
2003-08-19,66.21005249023438
2003-08-20,65.94094848632812
2003-08-21,66.1510009765625
2003-08-22,65.49452209472656
2003-08-25,65.59957885742188
2003-08-26,65.71778106689453
2003-08-27,65.73747253417969
2003-08-28,66.14445495605469
2003-08-29,66.59083557128906
2003-09-02,67.48361206054688
2003-09-03,67.85123443603516
2003-09-04,67.88404846191406
2003-09-05,67.50330352783203
2003-09-08,68.06130981445312
2003-09-09,67.61490631103516
2003-09-10,66.93218994140625
2003-09-11,67.12914276123047
2003-09-12,67.25385284423828
2003-09-15,67.01752471923828
2003-09-16,67.9956283569336
2003-09-17,67.86433410644531
2003-09-18,68.66524505615234
2003-09-19,68.31596374511719
2003-09-22,67.57788848876953
2003-09-23,67.8349380493164
2003-09-24,66.62901306152344
2003-09-25,66.08203887939453
2003-09-26,65.86454010009766
2003-09-29,66.5103988647461
2003-09-30,65.86454010009766
2003-10-01,67.26824188232422
2003-10-02,67.51203918457031
2003-10-03,68.1314697265625
2003-10-06,68.441162109375
2003-10-07,68.70477294921875
2003-10-08,68.5334243774414
2003-10-09,68.71793365478516
2003-10-10,68.90907287597656
2003-10-13,69.1265640258789
2003-10-14,69.37033081054688
2003-10-15,69.18583679199219
2003-10-16,69.46256256103516
2003-10-17,68.70477294921875
2003-10-20,69.21878051757812
2003-10-21,69.10015106201172
2003-10-22,68.23030853271484
2003-10-23,68.10513305664062
2003-10-24,68.25664520263672
2003-10-27,68.28959655761719
2003-10-28,69.21878051757812
2003-10-29,69.31101989746094
2003-10-30,69.45601654052734
2003-10-31,69.39012908935547
2003-11-03,69.84480285644531
2003-11-04,69.69320678710938
2003-11-05,69.7459487915039
2003-11-06,70.1149673461914
2003-11-07,69.5943832397461
2003-11-10,69.31101989746094
2003-11-11,69.29127502441406
2003-11-12,70.0688705444336
2003-11-13,70.08863067626953
2003-11-14,69.49553680419922
2003-11-17,69.1462631225586
2003-11-18,68.427978515625
2003-11-19,69.00786590576172
2003-11-20,68.38845825195312
2003-11-21,68.67179107666016
2003-11-24,69.58123779296875
2003-11-25,69.84480285644531
2003-11-26,70.09520721435547
2003-11-28,70.1479263305664
2003-12-01,70.90576171875
2003-12-02,70.72783660888672
2003-12-03,70.61577606201172
2003-12-04,70.90576171875
2003-12-05,70.41153717041016
2003-12-08,70.88597106933594
2003-12-09,70.33903503417969
2003-12-10,70.33244323730469
2003-12-11,71.12320709228516
2003-12-12,71.26158905029297
2003-12-15,70.90576171875
2003-12-16,71.2748031616211
2003-12-17,71.49884796142578
2003-12-18,72.30276489257812
2003-12-19,72.10150909423828
2003-12-22,72.6047134399414
2003-12-23,72.65103912353516
2003-12-24,72.57820129394531
2003-12-26,72.63117218017578
2003-12-29,73.59782409667969
2003-12-30,73.61106872558594
2003-12-31,73.67725372314453
2004-01-02,73.64418029785156
2004-01-05,74.4452896118164
2004-01-06,74.51812744140625
2004-01-07,74.76972198486328
2004-01-08,75.06767272949219
2004-01-09,74.4122085571289
2004-01-12,74.9616928100586
2004-01-13,74.52476501464844
2004-01-14,75.1471176147461
2004-01-15,75.33248138427734
2004-01-16,75.63043975830078
2004-01-20,75.61054992675781
2004-01-21,76.20645904541016
2004-01-22,76.00779724121094
2004-01-23,75.76286315917969
2004-01-26,76.7162857055664
2004-01-27,75.9283676147461
2004-01-28,75.06102752685547
2004-01-29,75.13385009765625
2004-01-30,75.13385009765625
2004-02-02,75.45829010009766
2004-02-03,75.33248138427734
2004-02-04,74.71672058105469
2004-02-05,74.93523406982422
2004-02-06,75.77608489990234
2004-02-09,75.79595947265625
2004-02-10,76.04093933105469
2004-02-11,76.84867095947266
2004-02-12,76.57059478759766
2004-02-13,76.2263412475586
2004-02-17,76.9149169921875
2004-02-18,76.57722473144531
2004-02-19,76.2925033569336
2004-02-20,76.0607681274414
2004-02-23,75.86878967285156
2004-02-24,75.73633575439453
2004-02-25,76.05419921875
2004-02-26,76.10049438476562
2004-02-27,76.15347290039062
2004-03-01,76.90824890136719
2004-03-02,76.4580078125
2004-03-03,76.59710693359375
2004-03-04,76.79570770263672
2004-03-05,77.0539321899414
2004-03-08,76.11378479003906
2004-03-09,75.8091812133789
2004-03-10,74.53800201416016
2004-03-11,73.57135772705078
2004-03-12,74.53800201416016
2004-03-15,73.62428283691406
2004-03-16,74.01493835449219
2004-03-17,74.8425521850586
2004-03-18,74.86241912841797
2004-03-19,73.78939056396484
2004-03-22,72.8525390625
2004-03-23,72.72636413574219
2004-03-24,72.78614807128906
2004-03-25,73.7495346069336
2004-03-26,73.7694320678711
2004-03-29,74.80595397949219
2004-03-30,75.05841827392578
2004-03-31,75.1447982788086
2004-04-01,75.59660339355469
2004-04-02,76.1679916381836
2004-04-05,76.58655548095703
2004-04-06,76.3406982421875
2004-04-07,76.16133880615234
2004-04-08,75.98859405517578
2004-04-12,76.28755950927734
2004-04-13,75.21788024902344
2004-04-14,75.33745574951172
2004-04-15,75.05177307128906
2004-04-16,75.62979888916016
2004-04-19,75.62979888916016
2004-04-20,74.36077117919922
2004-04-21,74.85906219482422
2004-04-22,75.90886688232422
2004-04-23,75.98194122314453
2004-04-26,75.8756103515625
2004-04-27,75.94207763671875
2004-04-28,74.95874786376953
2004-04-29,74.30097198486328
2004-04-30,73.72293090820312
2004-05-03,74.51360321044922
2004-05-04,74.45381164550781
2004-05-05,74.93217468261719
2004-05-06,74.28772735595703
2004-05-07,73.05850219726562
2004-05-10,72.30781555175781
2004-05-11,72.91901397705078
2004-05-12,73.38409423828125
2004-05-13,73.0784683227539
2004-05-14,73.1116943359375
2004-05-17,72.48712158203125
2004-05-18,72.8525390625
2004-05-19,72.60009002685547
2004-05-20,72.8326416015625
2004-05-21,72.95886993408203
2004-05-24,73.26448059082031
2004-05-25,74.31426239013672
2004-05-26,74.57341766357422
2004-05-27,74.99199676513672
2004-05-28,74.98532104492188
2004-06-01,74.88567352294922
2004-06-02,75.16471862792969
2004-06-03,74.47373962402344
2004-06-04,75.0650405883789
2004-06-07,76.20783996582031
2004-06-08,76.31413269042969
2004-06-09,75.6032485961914
2004-06-10,75.97529602050781
2004-06-14,75.22449493408203
2004-06-15,75.75605010986328
2004-06-16,75.74278259277344
2004-06-17,75.62979888916016
2004-06-18,75.77254486083984
2004-06-21,75.48576354980469
2004-06-22,75.8658447265625
2004-06-23,76.51937866210938
2004-06-24,76.27930450439453
2004-06-25,75.91255187988281
2004-06-28,75.6524658203125
2004-06-29,75.96587371826172
2004-06-30,76.37262725830078
2004-07-01,75.31240844726562
2004-07-02,75.27238464355469
2004-07-06,74.61222076416016
2004-07-07,74.832275390625
2004-07-08,74.3121566772461
2004-07-09,74.50550842285156
2004-07-12,74.53882598876953
2004-07-13,74.59220123291016
2004-07-14,74.36550903320312
2004-07-15,73.88533782958984
2004-07-16,73.82537078857422
2004-07-19,73.5119400024414
2004-07-20,74.44550323486328
2004-07-21,73.07183837890625
2004-07-22,73.2718505859375
2004-07-23,72.65837860107422
2004-07-26,72.51837921142578
2004-07-27,73.1985092163086
2004-07-28,73.41857147216797
2004-07-29,73.73199462890625
2004-07-30,73.9120101928711
2004-08-02,74.06542205810547
2004-08-03,73.49192810058594
2004-08-04,73.48524475097656
2004-08-05,72.28495025634766
2004-08-06,71.25139617919922
2004-08-09,71.35138702392578
2004-08-10,72.2716293334961
2004-08-11,72.12493896484375
2004-08-12,71.33802032470703
2004-08-13,71.47813415527344
2004-08-16,72.21826934814453
2004-08-17,72.62509155273438
2004-08-18,73.3719253540039
2004-08-19,73.15852355957031
2004-08-20,73.67196655273438
2004-08-23,73.48524475097656
2004-08-24,73.5853042602539
2004-08-25,74.08541107177734
2004-08-26,74.08541107177734
2004-08-27,74.31881713867188
2004-08-30,73.705322265625
2004-08-31,74.09210205078125
2004-09-01,74.23212432861328
2004-09-02,75.07234954833984
2004-09-03,74.76559448242188
2004-09-07,75.259033203125
2004-09-08,75.07234954833984
2004-09-09,75.00565338134766
2004-09-10,75.39241027832031
2004-09-13,75.6391372680664
2004-09-14,75.79253387451172
2004-09-15,75.21903228759766
2004-09-16,75.44576263427734
2004-09-17,75.76651000976562
2004-09-20,75.31116485595703
2004-09-21,75.6392822265625
2004-09-22,74.69511413574219
2004-09-23,74.29340362548828
2004-09-24,74.63488006591797
2004-09-27,74.15943145751953
2004-09-28,74.51432037353516
2004-09-29,74.88932800292969
2004-09-30,74.8357162475586
2004-10-01,76.10131072998047
2004-10-04,76.2285385131836
2004-10-05,76.26871490478516
2004-10-06,76.79100799560547
2004-10-07,75.9673843383789
2004-10-08,75.33795928955078
2004-10-11,75.6459732055664
2004-10-12,75.3513412475586
2004-10-13,74.68843841552734
2004-10-14,74.08576202392578
2004-10-15,74.50096893310547
2004-10-18,74.78218078613281
2004-10-19,74.15272521972656
2004-10-20,74.00543212890625
2004-10-21,74.48753356933594
2004-10-22,73.65052795410156
2004-10-25,73.56346893310547
2004-10-26,74.68843841552734
2004-10-27,75.58570861816406
2004-10-28,75.81334686279297
2004-10-29,75.79999542236328
2004-11-01,76.00756072998047
2004-11-02,76.03437042236328
2004-11-03,76.99188995361328
2004-11-04,78.04315948486328
2004-11-05,78.5320053100586
2004-11-08,78.41818237304688
2004-11-09,78.26412200927734
2004-11-10,78.32441711425781
2004-11-11,78.92037963867188
2004-11-12,79.54313659667969
2004-11-15,79.73853302001953
2004-11-16,79.16769409179688
2004-11-17,79.63782501220703
2004-11-18,79.7452621459961
2004-11-19,78.85875701904297
2004-11-22,79.23485565185547
2004-11-23,79.35572814941406
2004-11-24,79.54377746582031
2004-11-26,79.48336029052734
2004-11-29,79.12066650390625
2004-11-30,79.17444610595703
2004-12-01,80.07432556152344
2004-12-02,80.14148712158203
2004-12-03,80.08776092529297
2004-12-06,80.06090545654297
2004-12-07,79.31543731689453
2004-12-08,79.77886199951172
2004-12-09,80.06090545654297
2004-12-10,80.14148712158203
2004-12-13,80.83995056152344
2004-12-14,81.12202453613281
2004-12-15,81.1824722290039
2004-12-16,81.13543701171875
2004-12-17,80.59431457519531
2004-12-20,80.61454010009766
2004-12-21,81.23529815673828
2004-12-22,81.4310073852539
2004-12-23,81.49171447753906
2004-12-27,81.32305145263672
2004-12-28,81.76840209960938
2004-12-29,81.88987731933594
2004-12-30,81.73463439941406
2004-12-31,81.55919647216797
2005-01-03,81.1745834350586
2005-01-04,80.18269348144531
2005-01-05,79.6294174194336
2005-01-06,80.03424072265625
2005-01-07,79.91954040527344
2005-01-10,80.2973861694336
2005-01-11,79.74407958984375
2005-01-12,80.00724029541016
2005-01-13,79.36624908447266
2005-01-14,79.78459167480469
2005-01-18,80.61454010009766
2005-01-19,79.7710952758789
2005-01-20,79.28522491455078
2005-01-21,78.79943084716797
2005-01-24,78.64423370361328
2005-01-25,78.86686706542969
2005-01-26,79.10307312011719
2005-01-27,79.23799133300781
2005-01-28,79.23799133300781
2005-01-31,79.7305679321289
2005-02-01,80.23673248291016
2005-02-02,80.47957611083984
2005-02-03,80.27045440673828
2005-02-04,81.12737274169922
2005-02-07,81.01942443847656
2005-02-08,81.11388397216797
2005-02-09,80.50657653808594
2005-02-10,80.79672241210938
2005-02-11,81.49171447753906
2005-02-14,81.4310073852539
2005-02-15,81.73463439941406
2005-02-16,81.78864288330078
2005-02-17,81.12737274169922
2005-02-18,81.23529815673828
2005-02-22,80.02747344970703
2005-02-23,80.60102844238281
2005-02-24,81.13408660888672
2005-02-25,81.93710327148438
2005-02-28,81.39730072021484
2005-03-01,81.80215454101562
2005-03-02,81.76167297363281
2005-03-03,81.79540252685547
2005-03-04,82.81432342529297
2005-03-07,82.85478210449219
2005-03-08,82.54438781738281
2005-03-09,81.62671661376953
2005-03-10,81.80889892578125
2005-03-11,81.23529815673828
2005-03-14,81.74140167236328
2005-03-15,81.06664276123047
2005-03-16,80.37835693359375
2005-03-17,80.54031372070312
2005-03-18,80.30121612548828
2005-03-21,80.00308990478516
2005-03-22,79.19023132324219
2005-03-23,79.2579574584961
2005-03-24,79.35279846191406
2005-03-28,79.46795654296875
2005-03-29,78.93958282470703
2005-03-30,80.05732727050781
2005-03-31,79.90827178955078
2005-04-01,79.54924774169922
2005-04-04,79.68474578857422
2005-04-05,80.0641098022461
2005-04-06,80.34184265136719
2005-04-07,80.77536010742188
2005-04-08,79.93539428710938
2005-04-11,79.99632263183594
2005-04-12,80.40956115722656
2005-04-13,79.4612045288086
2005-04-14,78.42474365234375
2005-04-15,77.32730865478516
2005-04-18,77.5644302368164
2005-04-19,78.18087768554688
2005-04-20,77.09021759033203
2005-04-21,78.58736419677734
2005-04-22,78.28923034667969
2005-04-25,78.80409240722656
2005-04-26,78.03861999511719
2005-04-27,78.34342956542969
2005-04-28,77.36119079589844
2005-04-29,78.41120147705078
2005-05-02,78.85151672363281
2005-05-03,78.98700714111328
2005-05-04,79.5967025756836
2005-05-05,79.56957244873047
2005-05-06,79.31893920898438
2005-05-09,79.81343841552734
2005-05-10,78.98700714111328
2005-05-11,79.42056274414062
2005-05-12,78.54664611816406
2005-05-13,78.39087677001953
2005-05-16,79.12248992919922
2005-05-17,79.65087127685547
2005-05-18,80.47056579589844
2005-05-19,80.80926513671875
2005-05-20,80.69409942626953
2005-05-23,81.14117431640625
2005-05-24,80.95153045654297
2005-05-25,80.89055633544922
2005-05-26,81.32411193847656
2005-05-27,81.45955657958984
2005-05-31,80.93799591064453
2005-06-01,81.6289291381836
2005-06-02,81.80506134033203
2005-06-03,81.39183044433594
2005-06-06,81.31732940673828
2005-06-07,81.37828826904297
2005-06-08,81.22929382324219
2005-06-09,81.61537170410156
2005-06-10,81.42570495605469
2005-06-13,81.68317413330078
2005-06-14,81.87278747558594
2005-06-15,82.02861022949219
2005-06-16,82.23858642578125
2005-06-17,82.5433120727539
2005-06-20,82.57051086425781
2005-06-21,82.61813354492188
2005-06-22,82.68617248535156
2005-06-23,81.52310943603516
2005-06-24,80.9245834350586
2005-06-27,81.0401611328125
2005-06-28,81.7203140258789
2005-06-29,81.50267791748047
2005-06-30,81.06060791015625
2005-07-01,81.29863739013672
2005-07-05,81.95159149169922
2005-07-06,81.2646484375
2005-07-07,81.58432006835938
2005-07-08,82.51612854003906
2005-07-11,82.93778991699219
2005-07-12,83.15547180175781
2005-07-13,83.27112579345703
2005-07-14,83.59756469726562
2005-07-15,83.54996490478516
2005-07-18,83.2166976928711
2005-07-19,83.67237854003906
2005-07-20,83.9580307006836
2005-07-21,83.46832275390625
2005-07-22,84.02604675292969
2005-07-25,83.78800201416016
2005-07-26,83.8900146484375
2005-07-27,84.19609069824219
2005-07-28,84.72659301757812
2005-07-29,84.16210174560547
2005-08-01,84.10087585449219
2005-08-02,84.60417175292969
2005-08-03,84.82862091064453
2005-08-04,84.14846801757812
2005-08-05,83.57715606689453
2005-08-08,83.42073059082031
2005-08-09,83.92401885986328
2005-08-10,83.88319396972656
2005-08-11,84.21651458740234
2005-08-12,83.69956970214844
2005-08-15,84.21651458740234
2005-08-16,83.12142944335938
2005-08-17,83.11465454101562
2005-08-18,83.10784912109375
2005-08-19,83.29828643798828
2005-08-22,83.29828643798828
2005-08-23,83.14189910888672
2005-08-24,82.40049743652344
2005-08-25,82.69976043701172
2005-08-26,82.1352310180664
2005-08-29,82.76774597167969
2005-08-30,82.33248138427734
2005-08-31,83.37309265136719
2005-09-01,83.31189727783203
2005-09-02,83.1622314453125
2005-09-06,84.13487243652344
2005-09-07,84.27767944335938
2005-09-08,83.99884033203125
2005-09-09,84.74700927734375
2005-09-12,84.57698059082031
2005-09-13,84.10767364501953
2005-09-14,83.8016128540039
2005-09-15,83.76079559326172
2005-09-16,84.35639190673828
2005-09-19,84.07633972167969
2005-09-20,83.36598205566406
2005-09-21,82.58732604980469
2005-09-22,82.88099670410156
2005-09-23,82.94933319091797
2005-09-26,83.04496765136719
2005-09-27,83.02444458007812
2005-09-28,83.10639190673828
2005-09-29,83.78264617919922
2005-09-30,84.04218292236328
2005-10-03,83.7416763305664
2005-10-04,82.79906463623047
2005-10-05,81.71297454833984
2005-10-06,81.41929626464844
2005-10-07,81.69937896728516
2005-10-10,81.00946044921875
2005-10-11,80.89334106445312
2005-10-12,80.25811004638672
2005-10-13,80.21028900146484
2005-10-14,81.05728912353516
2005-10-17,81.35781860351562
2005-10-18,80.4766616821289
2005-10-19,81.81548309326172
2005-10-20,80.3742446899414
2005-10-21,80.68844604492188
2005-10-24,81.93841552734375
2005-10-25,81.7745132446289
2005-10-26,81.53540802001953
2005-10-27,80.66791534423828
2005-10-28,81.82910919189453
2005-10-31,82.0545654296875
2005-11-01,82.30043029785156
2005-11-02,83.16107940673828
2005-11-03,83.51624298095703
2005-11-04,83.4069595336914
2005-11-07,83.48896026611328
2005-11-08,83.48896026611328
2005-11-09,83.59821319580078
2005-11-10,84.24710083007812
2005-11-11,84.53396606445312
2005-11-14,84.48619079589844
2005-11-15,84.17880249023438
2005-11-16,84.34957122802734
2005-11-17,85.13507843017578
2005-11-18,85.46975708007812
2005-11-21,85.90007781982422
2005-11-22,86.26893615722656
2005-11-23,86.76753234863281
2005-11-25,86.8358383178711
2005-11-28,86.22112274169922
2005-11-29,86.1254653930664
2005-11-30,85.66102600097656
2005-12-01,86.53532409667969
2005-12-02,86.64462280273438
2005-12-05,86.46018981933594
2005-12-06,86.62413024902344
2005-12-07,86.11869049072266
2005-12-08,86.06404876708984
2005-12-09,86.28943634033203
2005-12-12,86.37140655517578
2005-12-13,86.9588623046875
2005-12-14,87.30033874511719
2005-12-15,87.0476303100586
2005-12-16,86.76747131347656
2005-12-19,86.32112121582031
2005-12-20,86.40351104736328
2005-12-21,86.54084014892578
2005-12-22,86.99405670166016
2005-12-23,87.04214477539062
2005-12-27,86.15631103515625
2005-12-28,86.34860229492188
2005-12-29,85.96404266357422
2005-12-30,85.49711608886719
2006-01-03,87.00090789794922
2006-01-04,87.4129409790039
2006-01-05,87.46784973144531
2006-01-06,88.19571685791016
2006-01-09,88.42230224609375
2006-01-10,88.51158142089844
2006-01-11,88.79310607910156
2006-01-12,88.44294738769531
2006-01-13,88.36054229736328
2006-01-17,88.1202163696289
2006-01-18,87.77000427246094
2006-01-19,88.10643005371094
2006-01-20,86.49966430664062
2006-01-23,86.80863189697266
2006-01-24,86.89788818359375
2006-01-25,86.97347259521484
2006-01-26,87.45413970947266
2006-01-27,88.2643814086914
2006-01-30,88.19571685791016
2006-01-31,87.55024719238281
2006-02-01,88.1613998413086
2006-02-02,87.13829040527344
2006-02-03,86.70565032958984
2006-02-06,86.93228149414062
2006-02-07,86.16320037841797
2006-02-08,86.94598388671875
2006-02-09,86.80181884765625
2006-02-10,86.95970916748047
2006-02-13,86.80181884765625
2006-02-14,87.72193145751953
2006-02-15,88.03092193603516
2006-02-16,88.6901626586914
2006-02-17,88.44979095458984
2006-02-21,88.23004150390625
2006-02-22,88.76570892333984
2006-02-23,88.63518524169922
2006-02-24,88.86180114746094
2006-02-27,88.89611053466797
2006-02-28,88.05152130126953
2006-03-01,88.83433532714844
2006-03-02,88.82744598388672
2006-03-03,88.41545867919922
2006-03-06,88.01032257080078
2006-03-07,87.8730239868164
2006-03-08,88.05840301513672
2006-03-09,87.46784973144531
2006-03-10,88.29873657226562
2006-03-13,88.4635238647461
2006-03-14,89.39053344726562
2006-03-15,89.788818359375
2006-03-16,89.97422790527344
2006-03-17,90.04930877685547
2006-03-20,89.90455627441406
2006-03-21,89.33924102783203
2006-03-22,89.88389587402344
2006-03-23,89.6977767944336
2006-03-24,89.7667007446289
2006-03-27,89.63571166992188
2006-03-28,89.08417510986328
2006-03-29,89.6426010131836
2006-03-30,89.48404693603516
2006-03-31,89.50473022460938
2006-04-03,89.43575286865234
2006-04-04,90.0079574584961
2006-04-05,90.31820678710938
2006-04-06,90.22167205810547
2006-04-07,89.3048095703125
2006-04-10,89.44269561767578
2006-04-11,88.68433380126953
2006-04-12,88.84980010986328
2006-04-13,88.73257446289062
2006-04-17,88.69817352294922
2006-04-18,90.10448455810547
2006-04-19,90.2768325805664
2006-04-20,90.40093994140625
2006-04-21,90.41472625732422
2006-04-24,90.24928283691406
2006-04-25,89.876953125
2006-04-26,89.89768981933594
2006-04-27,90.33198547363281
2006-04-28,90.63536834716797
2006-05-01,89.89768981933594
2006-05-02,90.57328033447266
2006-05-03,90.23548126220703
2006-05-04,90.55950927734375
2006-05-05,91.35920715332031
2006-05-08,91.24885559082031
2006-05-09,91.4281234741211
2006-05-10,91.3798828125
2006-05-11,90.2768325805664
2006-05-12,89.09797668457031
2006-05-15,89.27720642089844
2006-05-16,89.14623260498047
2006-05-17,87.4503402709961
2006-05-18,87.00907897949219
2006-05-19,87.62262725830078
2006-05-22,86.95394134521484
2006-05-23,86.2921142578125
2006-05-24,86.98149871826172
2006-05-25,88.05697631835938
2006-05-26,88.50507354736328
2006-05-30,86.9332504272461
2006-05-31,87.90530395507812
2006-06-01,88.7463607788086
2006-06-02,88.93251037597656
2006-06-05,87.63640594482422
2006-06-06,87.42273712158203
2006-06-07,86.767822265625
2006-06-08,86.69195556640625
2006-06-09,86.41622161865234
2006-06-12,85.47864532470703
2006-06-13,84.48584747314453
2006-06-14,85.14083099365234
2006-06-15,86.94702911376953
2006-06-16,86.3134536743164
2006-06-19,85.6348648071289
2006-06-20,85.92566680908203
2006-06-21,86.56272888183594
2006-06-22,86.18189239501953
2006-06-23,86.16800689697266
2006-06-26,86.54885864257812
2006-06-27,85.80105590820312
2006-06-28,86.3826904296875
2006-06-29,88.12763214111328
2006-06-30,88.13459014892578
2006-07-03,88.49469757080078
2006-07-05,87.9891586303711
2006-07-06,88.24540710449219
2006-07-07,87.670654296875
2006-07-10,87.83683013916016
2006-07-11,88.22460174560547
2006-07-12,87.28288269042969
2006-07-13,85.86336517333984
2006-07-14,85.531005859375
2006-07-17,85.4063491821289
2006-07-18,85.84259796142578
2006-07-19,87.03361511230469
2006-07-20,86.43809509277344
2006-07-21,85.82872009277344
2006-07-24,87.3936767578125
2006-07-25,87.70526123046875
2006-07-26,87.8229751586914
2006-07-27,87.7398910522461
2006-07-28,88.61929321289062
2006-07-31,88.52930450439453
2006-08-01,88.09304809570312
2006-08-02,88.6885757446289
2006-08-03,88.9239730834961
2006-08-04,88.7716293334961
2006-08-07,88.56392669677734
2006-08-08,88.22460174560547
2006-08-09,87.92684936523438
2006-08-10,88.19692993164062
2006-08-11,87.9476318359375
2006-08-14,88.0168685913086
2006-08-15,89.06938934326172
2006-08-16,89.81029510498047
2006-08-17,90.03883361816406
2006-08-18,90.49581909179688
2006-08-21,90.10807800292969
2006-08-22,90.10114288330078
2006-08-23,89.85185241699219
2006-08-24,89.77567291259766
2006-08-25,89.886474609375
2006-08-28,90.3158187866211
2006-08-29,90.4196548461914
2006-08-30,90.47505187988281
2006-08-31,90.4612045288086
2006-09-01,91.0013198852539
2006-09-05,91.1744155883789
2006-09-06,90.37120056152344
2006-09-07,89.95572662353516
2006-09-08,90.21189880371094
2006-09-11,90.30194854736328
2006-09-12,91.18827819824219
2006-09-13,91.55526733398438
2006-09-14,91.56219482421875
2006-09-15,91.77711486816406
2006-09-18,91.90232849121094
2006-09-19,91.67278289794922
2006-09-20,92.15965270996094
2006-09-21,91.71448516845703
2006-09-22,91.43631744384766
2006-09-25,92.13876342773438
2006-09-26,92.90379333496094
2006-09-27,93.01510620117188
2006-09-28,92.98028564453125
2006-09-29,92.90379333496094
2006-10-02,92.55602264404297
2006-10-03,92.75078582763672
2006-10-04,93.83573150634766
2006-10-05,94.01655578613281
2006-10-06,93.89836120605469
2006-10-09,93.95398712158203
2006-10-10,94.07917785644531
2006-10-11,93.9678955078125
2006-10-12,94.78166198730469
2006-10-13,95.0250473022461
2006-10-16,95.17111206054688
2006-10-17,94.8720474243164
2006-10-18,94.9972152709961
2006-10-19,95.15025329589844
2006-10-20,95.17111206054688
2006-10-23,95.6092758178711
2006-10-24,95.89443969726562
2006-10-25,96.2213134765625
2006-10-26,96.52035522460938
2006-10-27,95.91527557373047
2006-10-30,95.84574127197266
2006-10-31,95.83179473876953
2006-11-01,95.18505096435547
2006-11-02,95.12939453125
2006-11-03,94.9624252319336
2006-11-06,96.03350830078125
2006-11-07,96.40214538574219
2006-11-08,96.61074829101562
2006-11-09,96.10308837890625
2006-11-10,96.14482879638672
2006-11-13,96.38126373291016
2006-11-14,97.1046142578125
2006-11-15,97.38275909423828
2006-11-16,97.6331787109375
2006-11-17,97.66096496582031
2006-11-20,97.71661376953125
2006-11-21,97.81395721435547
2006-11-22,98.00874328613281
2006-11-24,97.6123046875
2006-11-27,96.26998901367188
2006-11-28,96.68728637695312
2006-11-29,97.69576263427734
2006-11-30,97.73747253417969
2006-12-01,97.52183532714844
2006-12-04,98.26604461669922
2006-12-05,98.69026947021484
2006-12-06,98.60682678222656
2006-12-07,98.17562866210938
2006-12-08,98.3564224243164
2006-12-11,98.6416015625
2006-12-12,98.56507873535156
2006-12-13,98.66943359375
2006-12-14,99.53880310058594
2006-12-15,99.5478515625
2006-12-18,99.2751235961914
2006-12-19,99.4639663696289
2006-12-20,99.40798950195312
2006-12-21,99.04432678222656
2006-12-22,98.4359130859375
2006-12-26,99.01637268066406
2006-12-27,99.66679382324219
2006-12-28,99.45697021484375
2006-12-29,99.04432678222656
2007-01-03,98.86951446533203
2007-01-04,99.07931518554688
2007-01-05,98.28902435302734
2007-01-08,98.74359130859375
2007-01-09,98.65967559814453
2007-01-10,98.98838806152344
2007-01-11,99.4220199584961
2007-01-12,100.17732238769531
2007-01-16,99.98149108886719
2007-01-17,100.02347564697266
2007-01-18,99.68772888183594
2007-01-19,99.88359069824219
2007-01-22,99.57588958740234
2007-01-23,99.8696060180664
2007-01-24,100.67381286621094
2007-01-25,99.491943359375
2007-01-26,99.4010009765625
2007-01-29,99.34506225585938
2007-01-30,99.86257934570312
2007-01-31,100.53395080566406
2007-02-01,101.13541412353516
2007-02-02,101.27532958984375
2007-02-05,101.30327606201172
2007-02-06,101.33129119873047
2007-02-07,101.55508422851562
2007-02-08,101.42214965820312
2007-02-09,100.6668701171875
2007-02-12,100.32415008544922
2007-02-13,101.17044067382812
2007-02-14,101.83482360839844
2007-02-15,101.96764373779297
2007-02-16,101.91875457763672
2007-02-20,102.13551330566406
2007-02-21,102.0936279296875
2007-02-22,102.01661682128906
2007-02-23,101.61801147460938
2007-02-26,101.527099609375
2007-02-27,97.5616683959961
2007-02-28,98.561767578125
2007-03-01,98.26802825927734
2007-03-02,96.98119354248047
2007-03-05,96.05802917480469
2007-03-06,97.7015609741211
2007-03-07,97.6036605834961
2007-03-08,98.42891693115234
2007-03-09,98.45685577392578
2007-03-12,98.60371398925781
2007-03-13,96.68746185302734
2007-03-14,97.4078140258789
2007-03-15,97.54065704345703
2007-03-16,97.26753234863281
2007-03-19,98.44014739990234
2007-03-20,98.9808120727539
2007-03-21,100.60975646972656
2007-03-22,100.53246307373047
2007-03-23,100.67993927001953
2007-03-26,100.54656219482422
2007-03-27,100.30783081054688
2007-03-28,99.57759857177734
2007-03-29,99.68293762207031
2007-03-30,99.70397186279297
2007-04-02,99.81636047363281
2007-04-03,100.8906021118164
2007-04-04,101.00301361083984
2007-04-05,101.27684020996094
2007-04-09,101.41725158691406
2007-04-10,101.53654479980469
2007-04-11,101.12230682373047
2007-04-12,101.57170867919922
2007-04-13,102.03514099121094
2007-04-16,103.0040512084961
2007-04-17,103.27786254882812
2007-04-18,103.4042739868164
2007-04-19,103.3761978149414
2007-04-20,104.35213470458984
2007-04-23,103.958984375
2007-04-24,104.0010986328125
2007-04-25,104.95602416992188
2007-04-26,105.07535552978516
2007-04-27,104.99113464355469
2007-04-30,104.12044525146484
2007-05-01,104.38726043701172
2007-05-02,104.99813079833984
2007-05-03,105.56685638427734
2007-05-04,105.96705627441406
2007-05-07,105.9881362915039
2007-05-08,105.84774780273438
2007-05-09,106.13558197021484
2007-05-10,105.02619171142578
2007-05-11,105.9249496459961
2007-05-14,105.69325256347656
2007-05-15,105.72137451171875
2007-05-16,106.44453430175781
2007-05-17,106.23393249511719
2007-05-18,107.16072082519531
2007-05-21,107.10453033447266
2007-05-22,107.02031707763672
2007-05-23,107.0343246459961
2007-05-24,106.06536865234375
2007-05-25,106.50769805908203
2007-05-29,106.8939208984375
2007-05-30,107.76454162597656
2007-05-31,107.65227508544922
2007-06-01,108.18585968017578
2007-06-04,108.19988250732422
2007-06-05,107.77159881591797
2007-06-06,106.613037109375
2007-06-07,104.68921661376953
2007-06-08,106.05133819580078
2007-06-11,106.23393249511719
2007-06-12,105.07535552978516
2007-06-13,106.64814758300781
2007-06-14,107.32923889160156
2007-06-15,107.9399185180664
2007-06-18,107.81298065185547
2007-06-19,108.08098602294922
2007-06-20,106.57894897460938
2007-06-21,107.1712875366211
2007-06-22,106.16288757324219
2007-06-25,105.65519714355469
2007-06-26,104.56920623779297
2007-06-27,106.05709838867188
2007-06-28,106.04301452636719
2007-06-29,106.07830810546875
2007-07-02,107.03726959228516
2007-07-03,107.42512512207031
2007-07-05,107.31230926513672
2007-07-06,107.87648010253906
2007-07-09,107.9610595703125
2007-07-10,106.42378997802734
2007-07-11,107.17835998535156
2007-07-12,108.87073516845703
2007-07-13,109.19513702392578
2007-07-16,109.18099975585938
2007-07-17,109.12464904785156
2007-07-18,108.92720031738281
2007-07-19,109.35025787353516
2007-07-20,108.2431411743164
2007-07-23,108.57455444335938
2007-07-24,106.69178009033203
2007-07-25,106.91035461425781
2007-07-26,104.37881469726562
2007-07-27,102.3267822265625
2007-07-30,103.927490234375
2007-07-31,102.7569351196289
2007-08-01,103.25758361816406
2007-08-02,104.08268737792969
2007-08-03,101.4030532836914
2007-08-06,103.10247802734375
2007-08-07,104.20255279541016
2007-08-08,105.65519714355469
2007-08-09,102.52423858642578
2007-08-10,102.04471588134766
2007-08-13,102.41143035888672
2007-08-14,100.84598541259766
2007-08-15,99.45674896240234
2007-08-16,100.20423126220703
2007-08-17,102.04471588134766
2007-08-20,101.99537658691406
2007-08-21,102.19987487792969
2007-08-22,103.41272735595703
2007-08-23,103.32108306884766
2007-08-24,104.59745025634766
2007-08-27,103.6242904663086
2007-08-28,101.3465805053711
2007-08-29,103.33517456054688
2007-08-30,103.06013488769531
2007-08-31,104.07564544677734
2007-09-04,105.12628936767578
2007-09-05,104.21662139892578
2007-09-06,104.45640563964844
2007-09-07,103.00374603271484
2007-09-10,102.80628967285156
2007-09-11,104.00507354736328
2007-09-12,104.27305603027344
2007-09-13,105.00641632080078
2007-09-14,104.9993896484375
2007-09-17,104.43524932861328
2007-09-18,107.50975036621094
2007-09-19,108.14442443847656
2007-09-20,107.38282775878906
2007-09-21,107.67261505126953
2007-09-24,107.47423553466797
2007-09-25,107.2616958618164
2007-09-26,107.8285140991211
2007-09-27,108.46614837646484
2007-09-28,108.10480499267578
2007-10-01,109.32345581054688
2007-10-02,109.17462921142578
2007-10-03,108.9549789428711
2007-10-04,109.12507629394531
2007-10-05,110.42167663574219
2007-10-08,109.83361053466797
2007-10-09,110.86798095703125
2007-10-10,110.68376159667969
2007-10-11,110.15245056152344
2007-10-12,110.76177978515625
2007-10-15,109.8265380859375
2007-10-16,108.9549789428711
2007-10-17,109.28802490234375
2007-10-18,108.8912353515625
2007-10-19,106.04305267333984
2007-10-22,106.65949249267578
2007-10-23,107.5238265991211
2007-10-24,107.32544708251953
2007-10-25,107.58049011230469
2007-10-26,108.8416519165039
2007-10-29,109.2030029296875
2007-10-30,108.44490051269531
2007-10-31,109.57144927978516
2007-11-01,107.00662231445312
2007-11-02,107.12703704833984
2007-11-05,106.312255859375
2007-11-06,107.7434310913086
2007-11-07,104.79606628417969
2007-11-08,104.2646713256836
2007-11-09,102.83350372314453
2007-11-12,101.81321716308594
2007-11-13,104.91650390625
2007-11-14,104.62601470947266
2007-11-15,103.1168212890625
2007-11-16,103.29402160644531
2007-11-19,101.85572052001953
2007-11-20,102.47921752929688
2007-11-21,100.38201904296875
2007-11-23,102.11787414550781
2007-11-26,99.86483764648438
2007-11-27,101.01262664794922
2007-11-28,104.24340057373047
2007-11-29,104.27880859375
2007-11-30,105.32743835449219
2007-12-03,104.633056640625
2007-12-04,103.69786834716797
2007-12-05,105.43370056152344
2007-12-06,106.94284057617188
2007-12-07,106.92156982421875
2007-12-10,107.75054931640625
2007-12-11,104.79606628417969
2007-12-12,105.8304672241211
2007-12-13,105.61082458496094
2007-12-14,104.27175903320312
2007-12-17,102.78388977050781
2007-12-18,103.35774993896484
2007-12-19,103.35774993896484
2007-12-20,104.00961303710938
2007-12-21,105.5089340209961
2007-12-24,106.29244995117188
2007-12-26,106.52037048339844
2007-12-27,105.1812973022461
2007-12-28,104.91776275634766
2007-12-31,104.1413803100586
2008-01-02,103.22970581054688
2008-01-03,103.17982482910156
2008-01-04,100.6512451171875
2008-01-07,100.56578826904297
2008-01-08,98.9417724609375
2008-01-09,99.98173522949219
2008-01-10,100.63700103759766
2008-01-11,99.82504272460938
2008-01-14,100.62989044189453
2008-01-15,98.41470336914062
2008-01-16,97.56713104248047
2008-01-17,95.03852844238281
2008-01-18,94.06271362304688
2008-01-22,93.10826873779297
2008-01-23,95.34484100341797
2008-01-24,96.1496810913086
2008-01-25,94.76078033447266
2008-01-28,96.32777404785156
2008-01-29,96.80499267578125
2008-01-30,96.09272003173828
2008-01-31,97.84492492675781
2008-02-01,99.41902160644531
2008-02-04,98.1653823852539
2008-02-05,95.53714752197266
2008-02-06,94.76788330078125
2008-02-07,95.3946533203125
2008-02-08,94.78211212158203
2008-02-11,95.26648712158203
2008-02-12,96.1496810913086
2008-02-13,97.13259887695312
2008-02-14,96.27790832519531
2008-02-15,96.25650024414062
2008-02-19,96.52716064453125
2008-02-20,96.81208038330078
2008-02-21,96.0072250366211
2008-02-22,96.59843444824219
2008-02-25,97.81639099121094
2008-02-26,98.55006408691406
2008-02-27,98.45030212402344
2008-02-28,97.48873138427734
2008-02-29,95.31632995605469
2008-03-03,95.0884017944336
2008-03-04,94.72510528564453
2008-03-05,95.32342529296875
2008-03-06,93.35043334960938
2008-03-07,92.3888931274414
2008-03-10,91.17091369628906
2008-03-11,94.44732666015625
2008-03-12,93.56413269042969
2008-03-13,93.77067565917969
2008-03-14,92.31766510009766
2008-03-17,91.38457489013672
2008-03-18,95.18099212646484
2008-03-19,92.82340240478516
2008-03-20,94.54273986816406
2008-03-24,96.43238067626953
2008-03-25,96.52549743652344
2008-03-26,95.34441375732422
2008-03-27,95.04379272460938
2008-03-28,94.13470458984375
2008-03-31,94.46397399902344
2008-04-01,97.78528594970703
2008-04-02,97.84971618652344
2008-04-03,98.09309387207031
2008-04-04,97.98572540283203
2008-04-07,98.03583526611328
2008-04-08,97.93561553955078
2008-04-09,97.22697448730469
2008-04-10,97.36296844482422
2008-04-11,95.47325134277344
2008-04-14,95.15116882324219
2008-04-15,95.37305450439453
2008-04-16,97.95707702636719
2008-04-17,98.10022735595703
2008-04-18,99.12383270263672
2008-04-21,99.17396545410156
2008-04-22,98.7372817993164
2008-04-23,98.57981872558594
2008-04-24,99.0093002319336
2008-04-25,99.92548370361328
2008-04-28,99.9470443725586
2008-04-29,99.55331420898438
2008-04-30,98.96637725830078
2008-05-01,101.0135269165039
2008-05-02,101.29267883300781
2008-05-05,100.80596160888672
2008-05-06,101.67921447753906
2008-05-07,99.86825561523438
2008-05-08,99.61056518554688
2008-05-09,99.42445373535156
2008-05-12,100.54110717773438
2008-05-13,100.55546569824219
2008-05-14,100.76298522949219
2008-05-15,102.0228042602539
2008-05-16,102.11587524414062
2008-05-19,102.39507293701172
2008-05-20,101.5646743774414
2008-05-21,99.8467788696289
2008-05-22,99.861083984375
2008-05-23,98.52253723144531
2008-05-27,99.2526626586914
2008-05-28,99.71077728271484
2008-05-29,100.21186065673828
2008-05-30,100.46239471435547
2008-06-02,99.42445373535156
2008-06-03,98.84467315673828
2008-06-04,98.7945785522461
2008-06-05,100.77015686035156
2008-06-06,97.55621337890625
2008-06-09,97.79246520996094
2008-06-10,97.30570983886719
2008-06-11,95.87410736083984
2008-06-12,96.23914337158203
2008-06-13,97.4560317993164
2008-06-16,97.51326751708984
2008-06-17,97.04085540771484
2008-06-18,96.09600830078125
2008-06-19,96.21768188476562
2008-06-20,94.65595245361328
2008-06-23,94.5623779296875
2008-06-24,94.37539672851562
2008-06-25,94.82136535644531
2008-06-26,92.24602508544922
2008-06-27,91.74241638183594
2008-06-30,92.06615447998047
2008-07-01,92.3539047241211
2008-07-02,90.7712631225586
2008-07-03,90.8647689819336
2008-07-07,89.9367904663086
2008-07-08,91.53380584716797
2008-07-09,89.77131652832031
2008-07-10,90.1382064819336
2008-07-11,89.08794403076172
2008-07-14,88.28223419189453
2008-07-15,87.03767395019531
2008-07-16,89.17427062988281
2008-07-17,90.0662612915039
2008-07-18,90.62736511230469
2008-07-21,90.67776489257812
2008-07-22,91.70646667480469
2008-07-23,92.20281982421875
2008-07-24,90.28926849365234
2008-07-25,90.26770782470703
2008-07-28,88.94401550292969
2008-07-29,90.84322357177734
2008-07-30,92.46180725097656
2008-07-31,91.23885345458984
2008-08-01,90.75688934326172
2008-08-04,89.91519165039062
2008-08-05,92.33951568603516
2008-08-06,92.74956512451172
2008-08-07,91.36834716796875
2008-08-08,93.06607818603516
2008-08-11,94.03005981445312
2008-08-12,93.05170440673828
2008-08-13,92.4905776977539
2008-08-14,93.18836212158203
2008-08-15,93.64158630371094
2008-08-18,92.36109161376953
2008-08-19,91.35400390625
2008-08-20,91.77843475341797
2008-08-21,91.93668365478516
2008-08-22,93.26751708984375
2008-08-25,91.37554168701172
2008-08-26,91.64171600341797
2008-08-27,92.53377532958984
2008-08-28,93.65599822998047
2008-08-29,92.64884948730469
2008-09-02,92.07335662841797
2008-09-03,91.9942398071289
2008-09-04,89.2245864868164
2008-09-05,89.50513458251953
2008-09-08,91.35400390625
2008-09-09,88.64190673828125
2008-09-10,89.00159454345703
2008-09-11,90.28926849365234
2008-09-12,90.7065200805664
2008-09-15,86.39022827148438
2008-09-16,87.836181640625
2008-09-17,83.88679504394531
2008-09-18,86.37586975097656
2008-09-19,89.80616760253906
2008-09-22,87.77302551269531
2008-09-23,85.77605438232422
2008-09-24,86.05099487304688
2008-09-25,87.39678192138672
2008-09-26,87.44017791748047
2008-09-29,80.5882339477539
2008-09-30,83.92377471923828
2008-10-01,83.97439575195312
2008-10-02,80.92831420898438
2008-10-03,79.83575439453125
2008-10-06,75.7694320678711
2008-10-07,72.37603759765625
2008-10-08,70.55265808105469
2008-10-09,65.62538146972656
2008-10-10,64.0335464477539
2008-10-13,73.33109283447266
2008-10-14,72.24580383300781
2008-10-15,65.13333129882812
2008-10-16,67.84663391113281
2008-10-17,67.44146728515625
2008-10-20,71.4932861328125
2008-10-21,69.35884857177734
2008-10-22,65.58197784423828
2008-10-23,66.3416976928711
2008-10-24,62.977210998535156
2008-10-27,60.74142837524414
2008-10-28,67.83940887451172
2008-10-29,67.347412109375
2008-10-30,69.67721557617188
2008-10-31,70.06066131591797
2008-11-03,70.2632827758789
2008-11-04,72.65098571777344
2008-11-05,69.59762573242188
2008-11-06,65.74111938476562
2008-11-07,67.91175842285156
2008-11-10,67.02182006835938
2008-11-11,64.95243835449219
2008-11-12,62.094482421875
2008-11-13,65.96541595458984
2008-11-14,62.67328643798828
2008-11-17,61.84123229980469
2008-11-18,63.00613784790039
2008-11-19,58.968780517578125
2008-11-20,54.59135437011719
2008-11-21,57.53615188598633
2008-11-24,61.52284622192383
2008-11-25,61.97869110107422
2008-11-26,64.37364959716797
2008-11-28,65.18400573730469
2008-12-01,59.410118103027344
2008-12-02,61.696510314941406
2008-12-03,63.17978286743164
2008-12-04,61.71822738647461
2008-12-05,63.62114334106445
2008-12-08,65.84243774414062
2008-12-09,64.7571029663086
2008-12-10,65.19849395751953
2008-12-11,63.62840270996094
2008-12-12,64.38812255859375
2008-12-15,63.49092483520508
2008-12-16,66.47915649414062
2008-12-17,65.83518981933594
2008-12-18,64.60517120361328
2008-12-19,64.3272705078125
2008-12-22,63.503028869628906
2008-12-23,62.8465690612793
2008-12-24,63.21125793457031
2008-12-26,63.575958251953125
2008-12-29,63.39363098144531
2008-12-30,64.89620971679688
2008-12-31,65.82254791259766
2009-01-02,67.80656433105469
2009-01-05,67.726318359375
2009-01-06,68.1786117553711
2009-01-07,66.13618469238281
2009-01-08,66.4061050415039
2009-01-09,64.9837417602539
2009-01-12,63.422767639160156
2009-01-13,63.539485931396484
2009-01-14,61.540889739990234
2009-01-15,61.562801361083984
2009-01-16,62.044185638427734
2009-01-20,58.76909637451172
2009-01-21,61.307472229003906
2009-01-22,60.359222412109375
2009-01-23,60.621788024902344
2009-01-26,61.037574768066406
2009-01-27,61.65760040283203
2009-01-28,63.74372100830078
2009-01-29,61.672176361083984
2009-01-30,60.41761016845703
2009-02-02,60.23525619506836
2009-02-03,61.08135223388672
2009-02-04,60.78229904174805
2009-02-05,61.68675231933594
2009-02-06,63.44468688964844
2009-02-09,63.5322151184082
2009-02-10,60.621788024902344
2009-02-11,60.9792594909668
2009-02-12,61.023006439208984
2009-02-13,60.36653518676758
2009-02-17,57.78439712524414
2009-02-18,57.64582061767578
2009-02-19,57.02582550048828
2009-02-20,56.47145080566406
2009-02-23,54.4509391784668
2009-02-24,56.51523208618164
2009-02-25,56.07027053833008
2009-02-26,55.158485412597656
2009-02-27,53.92576217651367
2009-03-02,51.49681091308594
2009-03-03,51.1102409362793
2009-03-04,52.321067810058594
2009-03-05,50.183868408203125
2009-03-06,50.27137756347656
2009-03-09,49.68057632446289
2009-03-10,52.64200210571289
2009-03-11,52.98481750488281
2009-03-12,55.07097244262695
2009-03-13,55.50135040283203
2009-03-16,55.333560943603516
2009-03-17,57.02582550048828
2009-03-18,58.302303314208984
2009-03-19,57.580169677734375
2009-03-20,56.35404586791992
2009-03-23,60.401920318603516
2009-03-24,59.21176528930664
2009-03-25,59.83622741699219
2009-03-26,61.055702209472656
2009-03-27,59.95375442504883
2009-03-30,57.882102966308594
2009-03-31,58.41838455200195
2009-04-01,59.54971694946289
2009-04-02,61.29081344604492
2009-04-03,61.90053176879883
2009-04-06,61.41572189331055
2009-04-07,59.98316192626953
2009-04-08,60.62966537475586
2009-04-09,63.039241790771484
2009-04-13,63.05393981933594
2009-04-14,61.9666748046875
2009-04-15,62.627872467041016
2009-04-16,63.546138763427734
2009-04-17,63.97224426269531
2009-04-20,61.29081344604492
2009-04-21,62.4882698059082
2009-04-22,62.106258392333984
2009-04-23,62.71596908569336
2009-04-24,63.663692474365234
2009-04-27,63.06129455566406
2009-04-28,62.86294937133789
2009-04-29,64.19996643066406
2009-04-30,64.22200012207031
2009-05-01,64.56731414794922
2009-05-04,66.76386260986328
2009-05-05,66.53610229492188
2009-05-06,67.68950653076172
2009-05-07,66.7491683959961
2009-05-08,68.30658721923828
2009-05-11,67.02832794189453
2009-05-12,66.82999420166016
2009-05-13,65.14764404296875
2009-05-14,65.70597076416016
2009-05-15,65.16970825195312
2009-05-18,67.0209732055664
2009-05-19,66.940185546875
2009-05-20,66.49208068847656
2009-05-21,65.53704071044922
2009-05-22,65.3974380493164
2009-05-26,67.07237243652344
2009-05-27,65.87492370605469
2009-05-28,66.79322052001953
2009-05-29,67.97600555419922
2009-06-01,69.62158203125
2009-06-02,69.68038177490234
2009-06-03,68.798828125
2009-06-04,69.44528198242188
2009-06-05,69.45999908447266
2009-06-08,69.17350006103516
2009-06-09,69.52607727050781
2009-06-10,69.34978485107422
2009-06-11,69.65830993652344
2009-06-12,69.8493423461914
2009-06-15,68.24784088134766
2009-06-16,67.32221221923828
2009-06-17,67.25607299804688
2009-06-18,67.74828338623047
2009-06-19,67.99799346923828
2009-06-22,65.95893859863281
2009-06-23,66.01065826416016
2009-06-24,66.57951354980469
2009-06-25,68.02754211425781
2009-06-26,67.8502197265625
2009-06-29,68.4855728149414
2009-06-30,67.9315185546875
2009-07-01,68.21224212646484
2009-07-02,66.35047912597656
2009-07-06,66.34309387207031
2009-07-07,65.05762481689453
2009-07-08,65.0132827758789
2009-07-09,65.13888549804688
2009-07-10,64.98372650146484
2009-07-13,66.56474304199219
2009-07-14,66.94152069091797
2009-07-15,68.89930725097656
2009-07-16,68.7884750366211
2009-07-17,69.54205322265625
2009-07-20,70.28081512451172
2009-07-21,70.60591125488281
2009-07-22,70.59111785888672
2009-07-23,72.14998626708984
2009-07-24,72.44549560546875
2009-07-27,72.65975189208984
2009-07-28,72.31986236572266
2009-07-29,72.14256286621094
2009-07-30,72.89612579345703
2009-07-31,72.99958038330078
2009-08-03,74.20380401611328
2009-08-04,74.39590454101562
2009-08-05,74.18162536621094
2009-08-06,73.7974624633789
2009-08-07,74.76528930664062
2009-08-10,74.61011505126953
2009-08-11,73.67927551269531
2009-08-12,74.46976470947266
2009-08-13,75.03861999511719
2009-08-14,74.46236419677734
2009-08-17,72.63014221191406
2009-08-18,73.20645141601562
2009-08-19,73.84916687011719
2009-08-20,74.61011505126953
2009-08-21,76.07292175292969
2009-08-24,76.06554412841797
2009-08-25,76.21328735351562
2009-08-26,76.22069549560547
2009-08-27,76.39060974121094
2009-08-28,76.37582397460938
2009-08-31,75.69617462158203
2009-09-01,74.02647399902344
2009-09-02,73.74576568603516
2009-09-03,74.35896301269531
2009-09-04,75.40061950683594
2009-09-08,76.0507583618164
2009-09-09,76.63439178466797
2009-09-10,77.41751098632812
2009-09-11,77.40274047851562
2009-09-14,77.779541015625
2009-09-15,78.1045913696289
2009-09-16,79.28666687011719
2009-09-17,79.16844177246094
2009-09-18,79.21893310546875
2009-09-21,79.01848602294922
2009-09-22,79.47872924804688
2009-09-23,78.81808471679688
2009-09-24,77.94960021972656
2009-09-25,77.53390502929688
2009-09-28,78.92200469970703
2009-09-29,78.6844711303711
2009-09-30,78.38011932373047
2009-10-01,76.43528747558594
2009-10-02,76.0789566040039
2009-10-05,77.21470642089844
2009-10-06,78.32073211669922
2009-10-07,78.5360107421875
2009-10-08,79.13729095458984
2009-10-09,79.61976623535156
2009-10-12,79.93153381347656
2009-10-13,79.76823425292969
2009-10-14,81.1414794921875
2009-10-15,81.43843841552734
2009-10-16,80.82974243164062
2009-10-19,81.49781799316406
2009-10-20,81.06725311279297
2009-10-21,80.33979034423828
2009-10-22,81.15634155273438
2009-10-23,80.22845458984375
2009-10-26,79.3599624633789
2009-10-27,78.99623107910156
2009-10-28,77.50421905517578
2009-10-29,79.16696166992188
2009-10-30,76.87323760986328
2009-11-02,77.43739318847656
2009-11-03,77.6823501586914
2009-11-04,77.8827896118164
2009-11-05,79.31544494628906
2009-11-06,79.52324676513672
2009-11-09,81.33448028564453
2009-11-10,81.3493423461914
2009-11-11,81.76506805419922
2009-11-12,80.93367767333984
2009-11-13,81.37158966064453
2009-11-16,82.5519027709961
2009-11-17,82.64839935302734
2009-11-18,82.59642791748047
2009-11-19,81.52006530761719
2009-11-20,81.23059844970703
2009-11-23,82.26239013671875
2009-11-24,82.38853454589844
2009-11-25,82.67807006835938
2009-11-27,81.33448028564453
2009-11-30,81.60916137695312
2009-12-01,82.61869049072266
2009-12-02,82.58158874511719
2009-12-03,81.93575286865234
2009-12-04,82.40341186523438
2009-12-07,82.27723693847656
2009-12-08,81.36419677734375
2009-12-09,81.66851806640625
2009-12-10,82.12877655029297
2009-12-11,82.47766876220703
2009-12-14,83.04183959960938
2009-12-15,82.65582275390625
2009-12-16,82.78201293945312
2009-12-17,81.78730010986328
2009-12-18,82.2500228881836
2009-12-21,83.08589172363281
2009-12-22,83.38436126708984
2009-12-23,83.548583984375
2009-12-24,83.94412994384766
2009-12-28,84.12327575683594
2009-12-29,84.00382232666016
2009-12-30,83.9739990234375
2009-12-31,83.16796112060547
2010-01-04,84.5784683227539
2010-01-05,84.80238342285156
2010-01-06,84.86211395263672
2010-01-07,85.2203140258789
2010-01-08,85.5038833618164
2010-01-11,85.62329864501953
2010-01-12,84.82476043701172
2010-01-13,85.54119873046875
2010-01-14,85.7725830078125
2010-01-15,84.8098373413086
2010-01-19,85.86959075927734
2010-01-20,84.99639892578125
2010-01-21,83.36197662353516
2010-01-22,81.50369262695312
2010-01-25,81.9216537475586
2010-01-26,81.57832336425781
2010-01-27,81.9664306640625
2010-01-28,81.02607727050781
2010-01-29,80.14544677734375
2010-02-01,81.39178466796875
2010-02-02,82.37686920166016
2010-02-03,81.9664306640625
2010-02-04,79.43645477294922
2010-02-05,79.60063171386719
2010-02-08,79.0259780883789
2010-02-09,80.01856231689453
2010-02-10,79.8618392944336
2010-02-11,80.69770050048828
2010-02-12,80.63056182861328
2010-02-16,81.89922332763672
2010-02-17,82.2873306274414
2010-02-18,82.7724380493164
2010-02-19,82.944091796875
2010-02-22,82.95901489257812
2010-02-23,81.95149230957031
2010-02-24,82.70526885986328
2010-02-25,82.59331512451172
2010-02-26,82.64556884765625
2010-03-01,83.50382232666016
2010-03-02,83.73514556884766
2010-03-03,83.80979919433594
2010-03-04,84.06354522705078
2010-03-05,85.26509094238281
2010-03-08,85.280029296875
2010-03-09,85.42182922363281
2010-03-10,85.80242156982422
2010-03-11,86.1606216430664
2010-03-12,86.16809844970703
2010-03-15,86.19049072265625
2010-03-16,86.87708282470703
2010-03-17,87.39204406738281
2010-03-18,87.34725952148438
2010-03-19,86.90512084960938
2010-03-22,87.36974334716797
2010-03-23,87.98426055908203
2010-03-24,87.55708312988281
2010-03-25,87.41472625732422
2010-03-26,87.36223602294922
2010-03-29,87.91680145263672
2010-03-30,87.97673797607422
2010-03-31,87.67699432373047
2010-04-01,88.27649688720703
2010-04-05,88.99588775634766
2010-04-06,89.20572662353516
2010-04-07,88.69612884521484
2010-04-08,89.00338745117188
2010-04-09,89.58792114257812
2010-04-12,89.73029327392578
2010-04-13,89.7977066040039
2010-04-14,90.81687927246094
2010-04-15,90.89181518554688
2010-04-16,89.44550323486328
2010-04-19,89.78269958496094
2010-04-20,90.58454132080078
2010-04-21,90.41973876953125
2010-04-22,90.689453125
2010-04-23,91.281494140625
2010-04-26,90.93678283691406
2010-04-27,88.78608703613281
2010-04-28,89.46049499511719
2010-04-29,90.56961059570312
2010-04-30,89.03335571289062
2010-05-03,90.1874008178711
2010-05-04,88.06665802001953
2010-05-05,87.54209899902344
2010-05-06,84.63448333740234
2010-05-07,83.37556457519531
2010-05-10,87.04751586914062
2010-05-11,86.80021667480469
2010-05-12,88.01421356201172
2010-05-13,86.92012023925781
2010-05-14,85.3464126586914
2010-05-17,85.39138793945312
2010-05-18,84.2298583984375
2010-05-19,83.75025177001953
2010-05-20,80.58790588378906
2010-05-21,81.76441955566406
2010-05-24,80.71526336669922
2010-05-25,80.79771423339844
2010-05-26,80.31060791015625
2010-05-27,83.00089263916016
2010-05-28,81.95925903320312
2010-06-01,80.58039093017578
2010-06-02,82.67863464355469
2010-06-03,82.9634017944336
2010-06-04,80.04833984375
2010-06-07,79.05166625976562
2010-06-08,79.8984603881836
2010-06-09,79.47129821777344
2010-06-10,81.79439544677734
2010-06-11,82.19155883789062
2010-06-14,82.0641860961914
2010-06-15,83.93013000488281
2010-06-16,83.900146484375
2010-06-17,84.03502655029297
2010-06-18,84.12611389160156
2010-06-21,83.88520812988281
2010-06-22,82.49974822998047
2010-06-23,82.24378204345703
2010-06-24,80.88092803955078
2010-06-25,81.21980285644531
2010-06-28,80.9637680053711
2010-06-29,78.4639892578125
2010-06-30,77.71858978271484
2010-07-01,77.37222290039062
2010-07-02,76.95056915283203
2010-07-06,77.455078125
2010-07-07,79.89459228515625
2010-07-08,80.68519592285156
2010-07-09,81.28753662109375
2010-07-12,81.34024047851562
2010-07-13,82.56755828857422
2010-07-14,82.56000518798828
2010-07-15,82.58260345458984
2010-07-16,80.30870819091797
2010-07-19,80.78307342529297
2010-07-20,81.6790542602539
2010-07-21,80.61741638183594
2010-07-22,82.41693878173828
2010-07-23,83.13224029541016
2010-07-26,83.99812316894531
2010-07-27,83.99058532714844
2010-07-28,83.44847106933594
2010-07-29,83.04190063476562
2010-07-30,83.02686309814453
2010-08-02,84.90165710449219
2010-08-03,84.49505615234375
2010-08-04,85.05977630615234
2010-08-05,84.96942138671875
2010-08-06,84.6230697631836
2010-08-09,85.07483673095703
2010-08-10,84.6155776977539
2010-08-11,82.29650115966797
2010-08-12,81.7919921875
2010-08-13,81.5510482788086
2010-08-16,81.51341247558594
2010-08-17,82.51483154296875
2010-08-18,82.66542053222656
2010-08-19,81.227294921875
2010-08-20,80.9637680053711
2010-08-23,80.65509033203125
2010-08-24,79.4578857421875
2010-08-25,79.76660919189453
2010-08-26,79.23200225830078
2010-08-27,80.45930480957031
2010-08-30,79.29224395751953
2010-08-31,79.29224395751953
2010-09-01,81.66400146484375
2010-09-02,82.42448425292969
2010-09-03,83.49364471435547
2010-09-07,82.55248260498047
2010-09-08,83.13224029541016
2010-09-09,83.51622009277344
2010-09-10,83.93790435791016
2010-09-13,84.8715591430664
2010-09-14,84.81885528564453
2010-09-15,85.14260864257812
2010-09-16,85.12004852294922
2010-09-17,85.15180206298828
2010-09-20,86.45378112792969
2010-09-21,86.27967834472656
2010-09-22,85.85580444335938
2010-09-23,85.15937042236328
2010-09-24,86.9155502319336
2010-09-27,86.49922943115234
2010-09-28,86.8020248413086
2010-09-29,86.6506118774414
2010-09-30,86.39326477050781
2010-10-01,86.75659942626953
2010-10-04,86.10558319091797
2010-10-05,87.83905792236328
2010-10-06,87.83150482177734
2010-10-07,87.72551727294922
2010-10-08,88.217529296875
2010-10-11,88.30082702636719
2010-10-12,88.5733413696289
2010-10-13,89.26219940185547
2010-10-14,88.9139633178711
2010-10-15,89.0956039428711
2010-10-18,89.53466796875
2010-10-19,88.36135864257812
2010-10-20,89.22432708740234
2010-10-21,89.421142578125
2010-10-22,89.587646484375
2010-10-25,89.85258483886719
2010-10-26,89.86775970458984
2010-10-27,89.61036682128906
2010-10-28,89.62548065185547
2010-10-29,89.6936264038086
2010-11-01,89.72389221191406
2010-11-02,90.43547058105469
2010-11-03,90.79884338378906
2010-11-04,92.54743957519531
2010-11-05,92.89562225341797
2010-11-08,92.72151184082031
2010-11-09,92.05540466308594
2010-11-10,92.42630004882812
2010-11-11,92.07811737060547
2010-11-12,90.98802185058594
2010-11-15,90.85935974121094
2010-11-16,89.44383239746094
2010-11-17,89.48926544189453
2010-11-18,90.80636596679688
2010-11-19,91.05620574951172
2010-11-22,90.9804916381836
2010-11-23,89.66336059570312
2010-11-24,90.98802185058594
2010-11-26,89.92829132080078
2010-11-29,90.20081329345703
2010-11-30,89.6936264038086
2010-12-01,91.6011962890625
2010-12-02,92.77452087402344
2010-12-03,93.0243148803711
2010-12-06,92.92593383789062
2010-12-07,92.97888946533203
2010-12-08,93.31954956054688
2010-12-09,93.6828842163086
2010-12-10,94.22789764404297
2010-12-13,94.28840637207031
2010-12-14,94.37171173095703
2010-12-15,93.94023895263672
2010-12-16,94.48526763916016
2010-12-17,94.58647918701172
2010-12-20,94.81476593017578
2010-12-21,95.4159164428711
2010-12-22,95.71269226074219
2010-12-23,95.57571411132812
2010-12-27,95.61376953125
2010-12-28,95.75074005126953
2010-12-29,95.81919860839844
2010-12-30,95.6670150756836
2010-12-31,95.68986511230469
2011-01-03,96.6791000366211
2011-01-04,96.62584686279297
2011-01-05,97.12805938720703
2011-01-06,96.93782806396484
2011-01-07,96.74759674072266
2011-01-10,96.62584686279297
2011-01-11,96.96829223632812
2011-01-12,97.84335327148438
2011-01-13,97.68356323242188
2011-01-14,98.39125061035156
2011-01-18,98.55867767333984
2011-01-19,97.59226989746094
2011-01-20,97.46288299560547
2011-01-21,97.68356323242188
2011-01-24,98.23906707763672
2011-01-25,98.29232788085938
2011-01-26,98.67279052734375
2011-01-27,98.91629028320312
2011-01-28,97.18895721435547
2011-01-31,97.91948699951172
2011-02-01,99.48705291748047
2011-02-02,99.29676818847656
2011-02-03,99.51740264892578
2011-02-04,99.79899597167969
2011-02-07,100.4229736328125
2011-02-08,100.87958526611328
2011-02-09,100.65128326416016
2011-02-10,100.68931579589844
2011-02-11,101.29048919677734
2011-02-14,101.533935546875
2011-02-15,101.21438598632812
2011-02-16,101.85359191894531
2011-02-17,102.15796661376953
2011-02-18,102.37104797363281
2011-02-22,100.31645965576172
2011-02-23,99.70008850097656
2011-02-24,99.631591796875
2011-02-25,100.69694519042969
2011-02-28,101.32089233398438
2011-03-01,99.631591796875
2011-03-02,99.84469604492188
2011-03-03,101.5644760131836
2011-03-04,100.803466796875
2011-03-07,100.01205444335938
2011-03-08,100.8871841430664
2011-03-09,100.74261474609375
2011-03-10,98.87826538085938
2011-03-11,99.56311798095703
2011-03-14,98.96195220947266
2011-03-15,97.8281478881836
2011-03-16,96.01710510253906
2011-03-17,97.2878646850586
2011-03-18,97.64171600341797
2011-03-21,99.15495300292969
2011-03-22,98.81105041503906
2011-03-23,99.09381103515625
2011-03-24,100.04148864746094
2011-03-25,100.34719848632812
2011-03-28,100.1026382446289
2011-03-29,100.77519989013672
2011-03-30,101.47066497802734
2011-03-31,101.33308410644531
2011-04-01,101.76107788085938
2011-04-04,101.84516906738281
2011-04-05,101.82987213134766
2011-04-06,102.15083312988281
2011-04-07,101.8910140991211
2011-04-08,101.53946685791016
2011-04-11,101.23371887207031
2011-04-12,100.47714233398438
2011-04-13,100.46949768066406
2011-04-14,100.54589080810547
2011-04-15,100.91276550292969
2011-04-18,99.78164672851562
2011-04-19,100.35480499267578
2011-04-20,101.72282409667969
2011-04-21,102.2425537109375
2011-04-25,102.13555145263672
2011-04-26,103.0144271850586
2011-04-27,103.68699645996094
2011-04-28,104.02330780029297
2011-04-29,104.26781463623047
2011-05-02,104.10733032226562
2011-05-03,103.73285675048828
2011-05-04,103.0450439453125
2011-05-05,102.11265563964844
2011-05-06,102.56355285644531
2011-05-09,102.96095275878906
2011-05-10,103.83980560302734
2011-05-11,102.74697875976562
2011-05-12,103.23606872558594
2011-05-13,102.44125366210938
2011-05-16,101.79169464111328
2011-05-17,101.7763442993164
2011-05-18,102.68583679199219
2011-05-19,102.93036651611328
2011-05-20,102.11265563964844
2011-05-23,100.92804718017578
2011-05-24,100.84395599365234
2011-05-25,101.18022918701172
2011-05-26,101.64643859863281
2011-05-27,102.03621673583984
2011-05-31,103.0985107421875
2011-06-01,100.78284454345703
2011-06-02,100.67579650878906
2011-06-03,99.67463684082031
2011-06-06,98.61994171142578
2011-06-07,98.55884552001953
2011-06-08,98.14611053466797
2011-06-09,98.89508056640625
2011-06-10,97.51944732666016
2011-06-13,97.59588623046875
2011-06-14,98.83399963378906
2011-06-15,97.07617950439453
2011-06-16,97.29017639160156
2011-06-17,97.58048248291016
2011-06-20,98.0796890258789
2011-06-21,99.42379760742188
2011-06-22,98.82470703125
2011-06-23,98.54054260253906
2011-06-24,97.3961410522461
2011-06-27,98.2640380859375
2011-06-28,99.54669189453125
2011-06-29,100.39920806884766
2011-06-30,101.35926818847656
2011-07-01,102.85694122314453
2011-07-05,102.7724838256836
2011-07-06,102.8953857421875
2011-07-07,103.96295166015625
2011-07-08,103.22563171386719
2011-07-11,101.35926818847656
2011-07-12,100.92146301269531
2011-07-13,101.25943756103516
2011-07-14,100.56050109863281
2011-07-15,101.14421844482422
2011-07-18,100.31475830078125
2011-07-19,101.9429931640625
2011-07-20,101.88151550292969
2011-07-21,103.29472351074219
2011-07-22,103.36388397216797
2011-07-25,102.787841796875
2011-07-26,102.4038314819336
2011-07-27,100.30707550048828
2011-07-28,100.01519775390625
2011-07-29,99.3316421508789
2011-08-01,98.90921020507812
2011-08-02,96.38231658935547
2011-08-03,96.90461730957031
2011-08-04,92.36544799804688
2011-08-05,92.22718811035156
2011-08-08,86.2210693359375
2011-08-09,90.23023986816406
2011-08-10,86.24410247802734
2011-08-11,90.11504364013672
2011-08-12,90.72181701660156
2011-08-15,92.64195251464844
2011-08-16,91.85082244873047
2011-08-17,91.91228485107422
2011-08-18,87.94915008544922
2011-08-19,86.51290130615234
2011-08-22,86.58206176757812
2011-08-23,89.4314956665039
2011-08-24,90.69110870361328
2011-08-25,89.3086166381836
2011-08-26,90.60660552978516
2011-08-29,93.21028900146484
2011-08-30,93.4560546875
2011-08-31,93.87083435058594
2011-09-01,92.88774108886719
2011-09-02,90.51446533203125
2011-09-06,89.85394287109375
2011-09-07,92.38846588134766
2011-09-08,91.42840576171875
2011-09-09,89.03211212158203
2011-09-12,89.608154296875
2011-09-13,90.42996215820312
2011-09-14,91.68186950683594
2011-09-15,93.2640380859375
2011-09-16,93.81605529785156
2011-09-19,92.88189697265625
2011-09-20,92.77378845214844
2011-09-21,90.04084777832031
2011-09-22,87.13036346435547
2011-09-23,87.65532684326172
2011-09-26,89.73976135253906
2011-09-27,90.74340057373047
2011-09-28,88.89053344726562
2011-09-29,89.59308624267578
2011-09-30,87.3542251586914
2011-10-03,84.86831665039062
2011-10-04,86.72889709472656
2011-10-05,88.33470153808594
2011-10-06,89.93280029296875
2011-10-07,89.33059692382812
2011-10-10,92.31830596923828
2011-10-11,92.41094970703125
2011-10-12,93.2215805053711
2011-10-13,93.03628540039062
2011-10-14,94.6266860961914
2011-10-17,92.82012939453125
2011-10-18,94.63438415527344
2011-10-19,93.51495361328125
2011-10-20,93.92414093017578
2011-10-21,95.70748901367188
2011-10-24,96.88096618652344
2011-10-25,94.99725341796875
2011-10-26,95.96228790283203
2011-10-27,99.30512237548828
2011-10-28,99.2819595336914
2011-10-31,96.88867950439453
2011-11-01,94.1866226196289
2011-11-02,95.72294616699219
2011-11-03,97.46769714355469
2011-11-04,96.87324523925781
2011-11-07,97.47544860839844
2011-11-08,98.72608947753906
2011-11-09,95.0821304321289
2011-11-10,95.97766876220703
2011-11-11,97.78423309326172
2011-11-14,96.8578109741211
2011-11-15,97.33646392822266
2011-11-16,95.79240417480469
2011-11-17,94.27153778076172
2011-11-18,94.17119598388672
2011-11-21,92.38008117675781
2011-11-22,92.01725006103516
2011-11-23,89.98680114746094
2011-11-25,89.81698608398438
2011-11-28,92.4186782836914
2011-11-29,92.68122100830078
2011-11-30,96.4949722290039
2011-12-01,96.47952270507812
2011-12-02,96.39459991455078
2011-12-05,97.44456481933594
2011-12-06,97.47544860839844
2011-12-07,97.83829498291016
2011-12-08,95.69206237792969
2011-12-09,97.31330871582031
2011-12-12,95.8927993774414
2011-12-13,94.99725341796875
2011-12-14,93.98590850830078
2011-12-15,94.32557678222656
2011-12-16,94.46542358398438
2011-12-19,93.45541381835938
2011-12-20,96.28343200683594
2011-12-21,96.46989440917969
2011-12-22,97.32445526123047
2011-12-23,98.19466400146484
2011-12-27,98.2723159790039
2011-12-28,96.982666015625
2011-12-29,97.98486328125
2011-12-30,97.50314331054688
2012-01-03,99.05701446533203
2012-01-04,99.21238708496094
2012-01-05,99.47651672363281
2012-01-06,99.22016906738281
2012-01-09,99.46101379394531
2012-01-10,100.3233871459961
2012-01-11,100.37776184082031
2012-01-12,100.61862182617188
2012-01-13,100.09807586669922
2012-01-17,100.48652648925781
2012-01-18,101.59750366210938
2012-01-19,102.13362884521484
2012-01-20,102.5143051147461
2012-01-23,102.2501449584961
2012-01-24,102.13362884521484
2012-01-25,102.98820495605469
2012-01-26,102.4599380493164
2012-01-27,102.41332244873047
2012-01-30,102.06364440917969
2012-01-31,102.02482604980469
2012-02-01,102.91827392578125
2012-02-02,103.08143615722656
2012-02-03,104.52650451660156
2012-02-06,104.45658874511719
2012-02-07,104.72074127197266
2012-02-08,105.03152465820312
2012-02-09,105.16356658935547
2012-02-10,104.38666534423828
2012-02-13,105.16356658935547
2012-02-14,105.03152465820312
2012-02-15,104.54206085205078
2012-02-16,105.69964599609375
2012-02-17,105.97932434082031
2012-02-21,106.02594757080078
2012-02-22,105.68412780761719
2012-02-23,106.1502456665039
2012-02-24,106.3833236694336
2012-02-27,106.56205749511719
2012-02-28,106.87281036376953
2012-02-29,106.45328521728516
2012-03-01,107.00486755371094
2012-03-02,106.67857360839844
2012-03-05,106.24349975585938
2012-03-06,104.6896743774414
2012-03-07,105.41996765136719
2012-03-08,106.46881103515625
2012-03-09,106.88059997558594
2012-03-12,106.8883056640625
2012-03-13,108.81510162353516
2012-03-14,108.69856262207031
2012-03-15,109.32786560058594
2012-03-16,109.47926330566406
2012-03-19,109.9084701538086
2012-03-20,109.58850860595703
2012-03-21,109.40904235839844
2012-03-22,108.62089538574219
2012-03-23,108.9720458984375
2012-03-26,110.50146484375
2012-03-27,110.1581039428711
2012-03-28,109.61187744140625
2012-03-29,109.42460632324219
2012-03-30,109.87725830078125
2012-04-02,110.68094635009766
2012-04-03,110.22833251953125
2012-04-04,109.13591766357422
2012-04-05,109.08125305175781
2012-04-09,107.85611724853516
2012-04-10,106.04582214355469
2012-04-11,106.90420532226562
2012-04-12,108.30095672607422
2012-04-13,107.01347351074219
2012-04-16,106.94320678710938
2012-04-17,108.52729797363281
2012-04-18,108.1604995727539
2012-04-19,107.46600341796875
2012-04-20,107.6454849243164
2012-04-23,106.74031829833984
2012-04-24,107.14608001708984
2012-04-25,108.61307525634766
2012-04-26,109.37000274658203
2012-04-27,109.54949951171875
2012-04-30,109.14370727539062
2012-05-01,109.82259368896484
2012-05-02,109.49486541748047
2012-05-03,108.65989685058594
2012-05-04,106.90420532226562
2012-05-07,106.98225402832031
2012-05-08,106.55301666259766
2012-05-09,105.92103576660156
2012-05-10,106.13944244384766
2012-05-11,105.81954956054688
2012-05-14,104.64901733398438
2012-05-15,104.0481948852539
2012-05-16,103.65025329589844
2012-05-17,102.11299133300781
2012-05-18,101.23907470703125
2012-05-21,102.9791488647461
2012-05-22,103.15862274169922
2012-05-23,103.2132568359375
2012-05-24,103.41613006591797
2012-05-25,103.08061218261719
2012-05-29,104.3291244506836
2012-05-30,102.81529235839844
2012-05-31,102.5890121459961
2012-06-01,100.0061264038086
2012-06-04,99.95931243896484
2012-06-05,100.71622467041016
2012-06-06,102.9791488647461
2012-06-07,103.04161071777344
2012-06-08,103.86090087890625
2012-06-11,102.54216003417969
2012-06-12,103.720458984375
2012-06-13,103.05721282958984
2012-06-14,104.14966583251953
2012-06-15,105.21479034423828
2012-06-18,105.41875457763672
2012-06-19,106.43844604492188
2012-06-20,106.2658462524414
2012-06-21,103.88141632080078
2012-06-22,104.68143463134766
2012-06-25,103.0029296875
2012-06-26,103.52059936523438
2012-06-27,104.45399475097656
2012-06-28,104.15592956542969
2012-06-29,106.75216674804688
2012-07-02,107.07373809814453
2012-07-03,107.7796630859375
2012-07-05,107.29338073730469
2012-07-06,106.2737045288086
2012-07-09,106.14035034179688
2012-07-10,105.21479034423828
2012-07-11,105.23050689697266
2012-07-12,104.72066497802734
2012-07-13,106.47763061523438
2012-07-16,106.22662353515625
2012-07-17,106.95613861083984
2012-07-18,107.74832153320312
2012-07-19,108.03067779541016
2012-07-20,107.04239654541016
2012-07-23,105.95992279052734
2012-07-24,105.05009460449219
2012-07-25,105.07362365722656
2012-07-26,106.80706024169922
2012-07-27,108.77583312988281
2012-07-30,108.77583312988281
2012-07-31,108.0150146484375
2012-08-01,107.92088317871094
2012-08-02,107.17572784423828
2012-08-03,109.30137634277344
2012-08-06,109.51309204101562
2012-08-07,110.06219482421875
2012-08-08,110.19551086425781
2012-08-09,110.28964233398438
2012-08-10,110.47008514404297
2012-08-13,110.4151611328125
2012-08-14,110.43085479736328
2012-08-15,110.55634307861328
2012-08-16,111.37208557128906
2012-08-17,111.5210952758789
2012-08-20,111.52897644042969
2012-08-21,111.19168090820312
2012-08-22,111.23878479003906
2012-08-23,110.32891845703125
2012-08-24,110.99559783935547
2012-08-27,111.01911163330078
2012-08-28,110.9093246459961
2012-08-29,110.99559783935547
2012-08-30,110.19551086425781
2012-08-31,110.72102355957031
2012-09-04,110.61909484863281
2012-09-05,110.52496337890625
2012-09-06,112.76827239990234
2012-09-07,113.20751190185547
2012-09-10,112.56430053710938
2012-09-11,112.87808227539062
2012-09-12,113.25454711914062
2012-09-13,114.98017883300781
2012-09-14,115.4899673461914
2012-09-17,115.09783935546875
2012-09-18,115.0036849975586
2012-09-19,115.06643676757812
2012-09-20,115.07429504394531
2012-09-21,115.02618408203125
2012-09-24,114.85271453857422
2012-09-25,113.6304702758789
2012-09-26,112.99168395996094
2012-09-27,114.05628204345703
2012-09-28,113.52792358398438
2012-10-01,113.82759094238281
2012-10-02,113.9458999633789
2012-10-03,114.41109466552734
2012-10-04,115.23121643066406
2012-10-05,115.23917388916016
2012-10-08,114.84480285644531
2012-10-09,113.70928192138672
2012-10-10,112.98383331298828
2012-10-11,113.04695129394531
2012-10-12,112.6762924194336
2012-10-15,113.61463928222656
2012-10-16,114.76593780517578
2012-10-17,115.28639221191406
2012-10-18,114.98674774169922
2012-10-19,113.07058715820312
2012-10-22,113.0863265991211
2012-10-23,111.51714324951172
2012-10-24,111.20172882080078
2012-10-25,111.52501678466797
2012-10-26,111.46195983886719
2012-10-31,111.46195983886719
2012-11-01,112.62899017333984
2012-11-02,111.6275405883789
2012-11-05,111.85620880126953
2012-11-06,112.73151397705078
2012-11-07,110.1766128540039
2012-11-08,108.85183715820312
2012-11-09,108.94642639160156
2012-11-12,109.03321838378906
2012-11-13,108.6546401977539
2012-11-14,107.18795776367188
2012-11-15,107.00664520263672
2012-11-16,107.53495025634766
2012-11-19,109.71134185791016
2012-11-20,109.75865173339844
2012-11-21,109.96369171142578
2012-11-23,111.46195983886719
2012-11-26,111.22539520263672
2012-11-27,110.65760803222656
2012-11-28,111.54871368408203
2012-11-29,112.06912994384766
2012-11-30,112.09278869628906
2012-12-03,111.540771484375
2012-12-04,111.38304901123047
2012-12-05,111.58024597167969
2012-12-06,111.95872497558594
2012-12-07,112.29779815673828
2012-12-10,112.34513092041016
2012-12-11,113.10999298095703
2012-12-12,113.1651840209961
2012-12-13,112.47127532958984
2012-12-14,112.0533447265625
2012-12-17,113.37024688720703
2012-12-18,114.63194274902344
2012-12-19,113.78028869628906
2012-12-20,114.4347915649414
2012-12-21,113.39604187011719
2012-12-24,113.046630859375
2012-12-26,112.57014465332031
2012-12-27,112.41925048828125
2012-12-28,111.2042007446289
2012-12-31,113.0942611694336
2013-01-02,115.99290466308594
2013-01-03,115.73079681396484
2013-01-04,116.23902130126953
2013-01-07,115.92138671875
2013-01-08,115.5878677368164
2013-01-09,115.8817138671875
2013-01-10,116.80290222167969
2013-01-11,116.79500579833984
2013-01-14,116.71552276611328
2013-01-15,116.79500579833984
2013-01-16,116.77909851074219
2013-01-17,117.53357696533203
2013-01-18,117.79557800292969
2013-01-22,118.43092346191406
2013-01-23,118.62152099609375
2013-01-24,118.6533203125
2013-01-25,119.3203125
2013-01-28,119.17736053466797
2013-01-29,119.64596557617188
2013-01-30,119.17736053466797
2013-01-31,118.883544921875
2013-02-01,120.10657501220703
2013-02-04,118.7564926147461
2013-02-05,119.95565795898438
2013-02-06,120.04302215576172
2013-02-07,119.88423919677734
2013-02-08,120.5512924194336
2013-02-11,120.5274887084961
2013-02-12,120.72594451904297
2013-02-13,120.8292007446289
2013-02-14,120.9404067993164
2013-02-15,120.79749298095703
2013-02-19,121.70282745361328
2013-02-20,120.18600463867188
2013-02-21,119.45536804199219
2013-02-22,120.62274932861328
2013-02-25,118.32768249511719
2013-02-26,119.13774108886719
2013-02-27,120.638671875
2013-02-28,120.40046691894531
2013-03-01,120.79749298095703
2013-03-04,121.44074249267578
2013-03-05,122.5286865234375
2013-03-06,122.69551086425781
2013-03-07,122.91783142089844
2013-03-08,123.44197082519531
2013-03-11,123.91051483154297
2013-03-12,123.63257598876953
2013-03-13,123.80725860595703
2013-03-14,124.46639251708984
2013-03-15,124.3021469116211
2013-03-18,123.61609649658203
2013-03-19,123.3289566040039
2013-03-20,124.1904296875
2013-03-21,123.12948608398438
2013-03-22,124.11862182617188
2013-03-25,123.60016632080078
2013-03-26,124.58928680419922
2013-03-27,124.58928680419922
2013-03-28,124.97212982177734
2013-04-01,124.47763061523438
2013-04-02,125.09178161621094
2013-04-03,123.8233871459961
2013-04-04,124.3260269165039
2013-04-05,123.76763153076172
2013-04-08,124.60525512695312
2013-04-09,125.03596496582031
2013-04-10,126.56753540039062
2013-04-11,126.9822769165039
2013-04-12,126.67124938964844
2013-04-15,123.73576354980469
2013-04-16,125.56243896484375
2013-04-17,123.7277603149414
2013-04-18,122.95401763916016
2013-04-19,124.0229263305664
2013-04-22,124.57333374023438
2013-04-23,125.85758972167969
2013-04-24,125.93733978271484
2013-04-25,126.4478759765625
2013-04-26,126.2244644165039
2013-04-29,127.0700454711914
2013-04-30,127.3731460571289
2013-05-01,126.25638580322266
2013-05-02,127.42899322509766
2013-05-03,128.72125244140625
2013-05-06,129.04827880859375
2013-05-07,129.70237731933594
2013-05-08,130.2926788330078
2013-05-09,129.9257354736328
2013-05-10,130.34844970703125
2013-05-13,130.4521942138672
2013-05-14,131.80026245117188
2013-05-15,132.51019287109375
2013-05-16,131.88800048828125
2013-05-17,133.16429138183594
2013-05-20,133.1563262939453
2013-05-21,133.3477783203125
2013-05-22,132.3585968017578
2013-05-23,131.97579956054688
2013-05-24,131.86402893066406
2013-05-28,132.65377807617188
2013-05-29,131.7923126220703
2013-05-30,132.27882385253906
2013-05-31,130.3804168701172
2013-06-03,131.09828186035156
2013-06-04,130.46817016601562
2013-06-05,128.6414794921875
2013-06-06,129.8061065673828
2013-06-07,131.45724487304688
2013-06-10,131.45724487304688
2013-06-11,130.10116577148438
2013-06-12,129.02435302734375
2013-06-13,130.9866485595703
2013-06-14,130.16500854492188
2013-06-17,131.17013549804688
2013-06-18,132.2071075439453
2013-06-19,130.3804168701172
2013-06-20,127.14978790283203
2013-06-21,127.5580062866211
2013-06-24,125.94615936279297
2013-06-25,127.15699005126953
2013-06-26,128.41600036621094
2013-06-27,129.16981506347656
2013-06-28,128.64056396484375
2013-07-01,129.3943634033203
2013-07-02,129.27406311035156
2013-07-03,129.3301544189453
2013-07-05,130.72549438476562
2013-07-08,131.47119140625
2013-07-09,132.41748046875
2013-07-10,132.465576171875
2013-07-11,134.26992797851562
2013-07-12,134.32598876953125
2013-07-15,134.8391876220703
2013-07-16,134.33401489257812
2013-07-17,134.67886352539062
2013-07-18,135.41659545898438
2013-07-19,135.6571044921875
2013-07-22,135.9217529296875
2013-07-23,135.633056640625
2013-07-24,135.13592529296875
2013-07-25,135.46469116210938
2013-07-26,135.60902404785156
2013-07-29,135.1920623779297
2013-07-30,135.1920623779297
2013-07-31,135.28834533691406
2013-08-01,136.8519744873047
2013-08-02,137.0845489501953
2013-08-05,136.8840789794922
2013-08-06,136.10618591308594
2013-08-07,135.66514587402344
2013-08-08,136.16236877441406
2013-08-09,135.76942443847656
2013-08-12,135.60902404785156
2013-08-13,136.00997924804688
2013-08-14,135.3123321533203
2013-08-15,133.4198455810547
2013-08-16,132.978759765625
2013-08-19,132.12876892089844
2013-08-20,132.7783966064453
2013-08-21,131.96035766601562
2013-08-22,133.16326904296875
2013-08-23,133.61224365234375
2013-08-26,133.1151580810547
2013-08-27,130.9740447998047
2013-08-28,131.43914794921875
2013-08-29,131.64767456054688
2013-08-30,131.2306365966797
2013-09-03,131.82408142089844
2013-09-04,132.91473388671875
2013-09-05,133.0830841064453
2013-09-06,133.1472625732422
2013-09-09,134.42222595214844
2013-09-10,135.41659545898438
2013-09-11,135.84158325195312
2013-09-12,135.480712890625
2013-09-13,135.78543090820312
2013-09-16,136.57131958007812
2013-09-17,137.1807403564453
2013-09-18,138.76853942871094
2013-09-19,138.53598022460938
2013-09-20,137.5673828125
2013-09-23,136.93081665039062
2013-09-24,136.6085205078125
2013-09-25,136.21363830566406
2013-09-26,136.73739624023438
2013-09-27,136.10888671875
2013-09-30,135.3836669921875
2013-10-01,136.45538330078125
2013-10-02,136.32643127441406
2013-10-03,135.0693817138672
2013-10-04,136.0927734375
2013-10-07,134.91627502441406
2013-10-08,133.34494018554688
2013-10-09,133.441650390625
2013-10-10,136.31832885742188
2013-10-11,137.1967010498047
2013-10-14,137.74464416503906
2013-10-15,136.74545288085938
2013-10-16,138.6552734375
2013-10-17,139.58193969726562
2013-10-18,140.52471923828125
2013-10-21,140.53277587890625
2013-10-22,141.34666442871094
2013-10-23,140.6697235107422
2013-10-24,141.13711547851562
2013-10-25,141.78172302246094
2013-10-28,142.00733947753906
2013-10-29,142.76486206054688
2013-10-30,142.05572509765625
2013-10-31,141.65283203125
2013-11-01,141.9912567138672
2013-11-04,142.4909210205078
2013-11-05,142.0395965576172
2013-11-06,142.76486206054688
2013-11-07,140.9598388671875
2013-11-08,142.86151123046875
2013-11-11,142.8856658935547
2013-11-12,142.59556579589844
2013-11-13,143.7398681640625
2013-11-14,144.45700073242188
2013-11-15,145.08555603027344
2013-11-18,144.5779266357422
2013-11-19,144.26364135742188
2013-11-20,143.81240844726562
2013-11-21,144.97276306152344
2013-11-22,145.69798278808594
2013-11-25,145.5529327392578
2013-11-26,145.59324645996094
2013-11-27,145.9477996826172
2013-11-29,145.85104370117188
2013-12-02,145.47235107421875
2013-12-03,144.84385681152344
2013-12-04,144.82769775390625
2013-12-05,144.1911163330078
2013-12-06,145.80279541015625
2013-12-09,146.1734161376953
2013-12-10,145.6496124267578
2013-12-11,144.01385498046875
2013-12-12,143.53846740722656
2013-12-13,143.52235412597656
2013-12-16,144.41671752929688
2013-12-17,143.9574737548828
2013-12-18,146.4151611328125
2013-12-19,146.2459259033203
2013-12-20,147.09657287597656
2013-12-23,147.88250732421875
2013-12-24,148.20655822753906
2013-12-26,148.9600830078125
2013-12-27,148.95193481445312
2013-12-30,148.92762756347656
2013-12-31,149.63247680664062
2014-01-02,148.19851684570312
2014-01-03,148.1741485595703
2014-01-06,147.7447967529297
2014-01-07,148.6521453857422
2014-01-08,148.68460083007812
2014-01-09,148.78179931640625
2014-01-10,149.18687438964844
2014-01-13,147.20196533203125
2014-01-14,148.80618286132812
2014-01-15,149.608154296875
2014-01-16,149.41378784179688
2014-01-17,148.78179931640625
2014-01-21,149.21929931640625
2014-01-22,149.31649780273438
2014-01-23,148.0931396484375
2014-01-24,144.9334259033203
2014-01-27,144.22048950195312
2014-01-28,145.07928466796875
2014-01-29,143.68576049804688
2014-01-30,145.20887756347656
2014-01-31,144.3582000732422
2014-02-03,141.109375
2014-02-04,142.09783935546875
2014-02-05,141.91954040527344
2014-02-06,143.79107666015625
2014-02-07,145.57351684570312
2014-02-10,145.84085083007812
2014-02-11,147.4368896484375
2014-02-12,147.5098419189453
2014-02-13,148.27137756347656
2014-02-14,149.08969116210938
2014-02-18,149.26791381835938
2014-02-19,148.279541015625
2014-02-20,149.15447998046875
2014-02-21,148.98440551757812
2014-02-24,149.81076049804688
2014-02-25,149.75404357910156
2014-02-26,149.76214599609375
2014-02-27,150.5480194091797
2014-02-28,150.9287567138672
2014-03-03,149.86746215820312
2014-03-04,151.97389221191406
2014-03-05,152.11167907714844
2014-03-06,152.4600067138672
2014-03-07,152.52484130859375
2014-03-10,152.44383239746094
2014-03-11,151.69033813476562
2014-03-12,151.73085021972656
2014-03-13,150.02943420410156
2014-03-14,149.608154296875
2014-03-17,150.96121215820312
2014-03-18,152.03875732421875
2014-03-19,151.22857666015625
2014-03-20,152.11167907714844
2014-03-21,151.5216827392578
2014-03-24,150.8950958251953
2014-03-25,151.61114501953125
2014-03-26,150.52072143554688
2014-03-27,150.20339965820312
2014-03-28,150.94393920898438
2014-03-31,152.1808319091797
2014-04-01,153.18992614746094
2014-04-02,153.7024688720703
2014-04-03,153.49908447265625
2014-04-04,151.6844482421875
2014-04-07,150.00811767578125
2014-04-08,150.62652587890625
2014-04-09,152.24591064453125
2014-04-10,149.04783630371094
2014-04-11,147.70518493652344
2014-04-14,148.8688201904297
2014-04-15,149.89413452148438
2014-04-16,151.46469116210938
2014-04-17,151.67626953125
2014-04-21,152.2052459716797
2014-04-22,152.89697265625
2014-04-23,152.53884887695312
2014-04-24,152.8480987548828
2014-04-25,151.59490966796875
2014-04-28,152.0749969482422
2014-04-29,152.7830047607422
2014-04-30,153.23870849609375
2014-05-01,153.2549285888672
2014-05-02,153.03524780273438
2014-05-05,153.3281707763672
2014-05-06,151.99363708496094
2014-05-07,152.88877868652344
2014-05-08,152.72604370117188
2014-05-09,152.953857421875
2014-05-12,154.4430389404297
2014-05-13,154.58145141601562
2014-05-14,153.84901428222656
2014-05-15,152.4981231689453
2014-05-16,153.02711486816406
2014-05-19,153.588623046875
2014-05-20,152.62026977539062
2014-05-21,153.90599060058594
2014-05-22,154.28030395507812
2014-05-23,154.89874267578125
2014-05-27,155.8509063720703
2014-05-28,155.73695373535156
2014-05-29,156.5425567626953
2014-05-30,156.79486083984375
2014-06-02,156.9738311767578
2014-06-03,156.8925323486328
2014-06-04,157.20985412597656
2014-06-05,158.2352294921875
2014-06-06,158.99195861816406
2014-06-09,159.1547088623047
2014-06-10,159.17108154296875
2014-06-11,158.61764526367188
2014-06-12,157.49462890625
2014-06-13,157.97476196289062
2014-06-16,158.10496520996094
2014-06-17,158.5443878173828
2014-06-18,159.70803833007812
2014-06-19,159.88710021972656
2014-06-20,160.21170043945312
2014-06-23,160.16268920898438
2014-06-24,159.1977996826172
2014-06-25,159.9173583984375
2014-06-26,159.80284118652344
2014-06-27,160.11361694335938
2014-06-30,160.03182983398438
2014-07-01,161.10293579101562
2014-07-02,161.2665252685547
2014-07-03,162.05960083007812
2014-07-07,161.4954071044922
2014-07-08,160.4569854736328
2014-07-09,161.176513671875
2014-07-10,160.53872680664062
2014-07-11,160.75953674316406
2014-07-14,161.5690155029297
2014-07-15,161.2665252685547
2014-07-16,161.86337280273438
2014-07-17,160.02366638183594
2014-07-18,161.65896606445312
2014-07-21,161.3563995361328
2014-07-22,162.05960083007812
2014-07-23,162.41940307617188
2014-07-24,162.4275360107422
2014-07-25,161.6671600341797
2014-07-28,161.73257446289062
2014-07-29,161.03753662109375
2014-07-30,161.06207275390625
2014-07-31,157.88137817382812
2014-08-01,157.39901733398438
2014-08-04,158.5355224609375
2014-08-05,156.99830627441406
2014-08-06,157.04739379882812
2014-08-07,156.19700622558594
2014-08-08,158.0040740966797
2014-08-11,158.4619140625
2014-08-12,158.2411346435547
2014-08-13,159.31228637695312
2014-08-14,160.0645294189453
2014-08-15,160.03182983398438
2014-08-18,161.37281799316406
2014-08-19,162.21499633789062
2014-08-20,162.64833068847656
2014-08-21,163.12254333496094
2014-08-22,162.86911010742188
2014-08-25,163.69491577148438
2014-08-26,163.8011932373047
2014-08-27,163.73580932617188
2014-08-28,163.6458740234375
2014-08-29,164.11195373535156
2014-09-02,164.03016662597656
2014-09-03,163.9402618408203
2014-09-04,163.70310974121094
2014-09-05,164.43898010253906
2014-09-08,164.01380920410156
2014-09-09,162.9754180908203
2014-09-10,163.5886688232422
2014-09-11,163.7767333984375
2014-09-12,162.82008361816406
2014-09-15,162.69735717773438
2014-09-16,163.9238739013672
2014-09-17,164.14462280273438
2014-09-18,165.01953125
2014-09-19,164.87086486816406
2014-09-22,163.59750366210938
2014-09-23,162.66104125976562
2014-09-24,163.934326171875
2014-09-25,161.28916931152344
2014-09-26,162.57069396972656
2014-09-29,162.27500915527344
2014-09-30,161.8477783203125
2014-10-01,159.65444946289062
2014-10-02,159.67909240722656
2014-10-03,161.43704223632812
2014-10-06,161.24810791015625
2014-10-07,158.75904846191406
2014-10-08,161.53565979003906
2014-10-09,158.3318328857422
2014-10-10,156.52462768554688
2014-10-13,153.9534149169922
2014-10-14,154.1916046142578
2014-10-15,153.1483154296875
2014-10-16,153.01690673828125
2014-10-17,154.82412719726562
2014-10-20,156.3274383544922
2014-10-21,159.42446899414062
2014-10-22,158.29080200195312
2014-10-23,160.13092041015625
2014-10-24,161.36317443847656
2014-10-27,161.14137268066406
2014-10-28,162.98968505859375
2014-10-29,162.74322509765625
2014-10-30,163.78648376464844
2014-10-31,165.65948486328125
2014-11-03,165.7498321533203
2014-11-04,165.17478942871094
2014-11-05,166.21803283691406
2014-11-06,166.8834686279297
2014-11-07,167.03952026367188
2014-11-10,167.5652618408203
2014-11-11,167.72955322265625
2014-11-12,167.54888916015625
2014-11-13,167.73776245117188
2014-11-14,167.7788543701172
2014-11-17,167.88568115234375
2014-11-18,168.85499572753906
2014-11-19,168.5839385986328
2014-11-20,168.87966918945312
2014-11-21,169.78329467773438
2014-11-24,170.25975036621094
2014-11-25,170.13648986816406
2014-11-26,170.5718994140625
2014-11-28,170.21047973632812
2014-12-01,169.02749633789062
2014-12-02,170.12010192871094
2014-12-03,170.7772979736328
2014-12-04,170.58836364746094
2014-12-05,170.86764526367188
2014-12-08,169.7257843017578
2014-12-09,169.6107635498047
2014-12-10,166.89166259765625
2014-12-11,167.73776245117188
2014-12-12,165.0269012451172
2014-12-15,163.89328002929688
2014-12-16,162.5789337158203
2014-12-17,165.76622009277344
2014-12-18,169.86544799804688
2014-12-19,170.5882110595703
2014-12-22,171.37295532226562
2014-12-23,171.60418701171875
2014-12-24,171.6207275390625
2014-12-26,172.17417907714844
2014-12-29,172.40545654296875
2014-12-30,171.4802703857422
2014-12-31,169.77871704101562
2015-01-02,169.6878204345703
2015-01-05,166.6233367919922
2015-01-06,165.0538787841797
2015-01-07,167.11073303222656
2015-01-08,170.07606506347656
2015-01-09,168.71319580078125
2015-01-12,167.39154052734375
2015-01-13,166.9207305908203
2015-01-14,165.9130096435547
2015-01-15,164.3931121826172
2015-01-16,166.54898071289062
2015-01-20,166.9041748046875
2015-01-21,167.74673461914062
2015-01-22,170.24130249023438
2015-01-23,169.307861328125
2015-01-26,169.704345703125
2015-01-27,167.46588134765625
2015-01-28,165.31825256347656
2015-01-29,166.84637451171875
2015-01-30,164.74830627441406
2015-02-02,166.78855895996094
2015-02-03,169.2004852294922
2015-02-04,168.5561981201172
2015-02-05,170.25778198242188
2015-02-06,169.78695678710938
2015-02-09,169.02703857421875
2015-02-10,170.82777404785156
2015-02-11,170.9268798828125
2015-02-12,172.5706024169922
2015-02-13,173.28102111816406
2015-02-17,173.55357360839844
2015-02-18,173.57009887695312
2015-02-19,173.44622802734375
2015-02-20,174.48704528808594
2015-02-23,174.4622344970703
2015-02-24,174.95782470703125
2015-02-25,174.80911254882812
2015-02-26,174.60264587402344
2015-02-27,174.00782775878906
2015-03-02,175.10646057128906
2015-03-03,174.38783264160156
2015-03-04,173.6526641845703
2015-03-05,173.84271240234375
2015-03-06,171.39772033691406
2015-03-09,172.10804748535156
2015-03-10,169.3160858154297
2015-03-11,168.91964721679688
2015-03-12,171.06723022460938
2015-03-13,170.0182647705078
2015-03-16,172.289794921875
2015-03-17,171.7776641845703
2015-03-18,173.84271240234375
2015-03-19,173.0497283935547
2015-03-20,174.57723999023438
2015-03-23,174.2370147705078
2015-03-24,173.2580108642578
2015-03-25,170.71905517578125
2015-03-26,170.3125457763672
2015-03-27,170.7025146484375
2015-03-30,172.7850799560547
2015-03-31,171.27493286132812
2015-04-01,170.6693878173828
2015-04-02,171.28329467773438
2015-04-06,172.43663024902344
2015-04-07,171.98025512695312
2015-04-08,172.56106567382812
2015-04-09,173.3242950439453
2015-04-10,174.27020263671875
2015-04-13,173.48196411132812
2015-04-14,173.8138885498047
2015-04-15,174.59378051757812
2015-04-16,174.54400634765625
2015-04-17,172.53610229492188
2015-04-20,174.11257934570312
2015-04-21,173.9052276611328
2015-04-22,174.7597198486328
2015-04-23,175.19947814941406
2015-04-24,175.60597229003906
2015-04-27,174.8758087158203
2015-04-28,175.43179321289062
2015-04-29,174.7099609375
2015-04-30,172.95928955078125
2015-05-01,174.83441162109375
2015-05-04,175.33224487304688
2015-05-05,173.3242950439453
2015-05-06,172.6107940673828
2015-05-07,173.29949951171875
2015-05-08,175.58114624023438
2015-05-11,174.74317932128906
2015-05-12,174.22039794921875
2015-05-13,174.25363159179688
2015-05-14,176.0707244873047
2015-05-15,176.26148986816406
2015-05-18,176.80909729003906
2015-05-19,176.7509765625
2015-05-20,176.6265869140625
2015-05-21,177.14100646972656
2015-05-22,176.71786499023438
2015-05-26,174.8177947998047
2015-05-27,176.47723388671875
2015-05-28,176.27809143066406
2015-05-29,175.182861328125
2015-06-01,175.53970336914062
2015-06-02,175.36544799804688
2015-06-03,175.83006286621094
2015-06-04,174.34490966796875
2015-06-05,174.0461883544922
2015-06-08,172.97586059570312
2015-06-09,172.9510040283203
2015-06-10,175.02525329589844
2015-06-11,175.58944702148438
2015-06-12,174.24533081054688
2015-06-15,173.49855041503906
2015-06-16,174.4444122314453
2015-06-17,174.72650146484375
2015-06-18,176.5435333251953
2015-06-19,175.75985717773438
2015-06-22,176.6603240966797
2015-06-23,176.7853546142578
2015-06-24,175.50143432617188
2015-06-25,174.96783447265625
2015-06-26,174.93453979492188
2015-06-29,171.2660369873047
2015-06-30,171.62460327148438
2015-07-01,173.00022888183594
2015-07-02,172.84178161621094
2015-07-06,172.34996032714844
2015-07-07,173.43373107910156
2015-07-08,170.52398681640625
2015-07-09,170.83251953125
2015-07-10,172.98353576660156
2015-07-13,174.89279174804688
2015-07-14,175.65142822265625
2015-07-15,175.5931854248047
2015-07-16,177.00213623046875
2015-07-17,177.15223693847656
2015-07-20,177.24398803710938
2015-07-21,176.54359436035156
2015-07-22,176.2267303466797
2015-07-23,175.2346649169922
2015-07-24,173.41709899902344
2015-07-27,172.4082489013672
2015-07-28,174.52590942382812
2015-07-29,175.72645568847656
2015-07-30,175.76821899414062
2015-07-31,175.50143432617188
2015-08-03,174.9094696044922
2015-08-04,174.567626953125
2015-08-05,175.14292907714844
2015-08-06,173.70889282226562
2015-08-07,173.3753662109375
2015-08-10,175.55978393554688
2015-08-11,173.9756622314453
2015-08-12,174.1841278076172
2015-08-13,173.9673309326172
2015-08-14,174.60098266601562
2015-08-17,175.57644653320312
2015-08-18,175.06785583496094
2015-08-19,173.68392944335938
2015-08-20,170.05714416503906
2015-08-21,164.93798828125
2015-08-24,157.99298095703125
2015-08-25,156.13372802734375
2015-08-26,162.12832641601562
2015-08-27,166.13858032226562
2015-08-28,166.14686584472656
2015-08-31,164.80462646484375
2015-09-01,159.88555908203125
2015-09-02,162.9203643798828
2015-09-03,163.0370635986328
2015-09-04,160.56922912597656
2015-09-08,164.6044921875
2015-09-09,162.4033660888672
2015-09-10,163.2871856689453
2015-09-11,164.02923583984375
2015-09-14,163.4205780029297
2015-09-15,165.4632568359375
2015-09-16,166.8972625732422
2015-09-17,166.52207946777344
2015-09-18,163.80084228515625
2015-09-21,164.64730834960938
2015-09-22,162.51026916503906
2015-09-23,162.25047302246094
2015-09-24,161.6637725830078
2015-09-25,161.62188720703125
2015-09-28,157.56556701660156
2015-09-29,157.6578369140625
2015-09-30,160.5994415283203
2015-10-01,161.01852416992188
2015-10-02,163.4237518310547
2015-10-05,166.3318634033203
2015-10-06,165.7618865966797
2015-10-07,167.1195831298828
2015-10-08,168.628173828125
2015-10-09,168.72869873046875
2015-10-12,168.88790893554688
2015-10-13,167.82357788085938
2015-10-14,167.0191192626953
2015-10-15,169.58355712890625
2015-10-16,170.35455322265625
2015-10-19,170.4384002685547
2015-10-20,170.22047424316406
2015-10-21,169.16452026367188
2015-10-22,172.0223388671875
2015-10-23,173.9080047607422
2015-10-26,173.48062133789062
2015-10-27,173.14535522460938
2015-10-28,175.1147918701172
2015-10-29,175.01425170898438
2015-10-30,174.25997924804688
2015-11-02,176.3215789794922
2015-11-03,176.83290100097656
2015-11-04,176.29649353027344
2015-11-05,176.12051391601562
2015-11-06,176.02830505371094
2015-11-09,174.3856964111328
2015-11-10,174.78802490234375
2015-11-11,174.10073852539062
2015-11-12,171.6703338623047
2015-11-13,169.74278259277344
2015-11-16,172.32400512695312
2015-11-17,172.1983642578125
2015-11-18,174.93040466308594
2015-11-19,174.77960205078125
2015-11-20,175.4165496826172
2015-11-23,175.21534729003906
2015-11-24,175.4500732421875
2015-11-25,175.4249267578125
2015-11-27,175.62606811523438
2015-11-30,174.89691162109375
2015-12-01,176.56468200683594
2015-12-02,174.7628631591797
2015-12-03,172.3157196044922
2015-12-04,175.6763153076172
2015-12-07,174.6119384765625
2015-12-08,173.4386444091797
2015-12-09,172.08935546875
2015-12-10,172.5336151123047
2015-12-11,169.18966674804688
2015-12-14,170.04449462890625
2015-12-15,171.82960510253906
2015-12-16,174.34384155273438
2015-12-17,171.68710327148438
2015-12-18,168.62850952148438
2015-12-21,170.0195770263672
2015-12-22,171.56228637695312
2015-12-23,173.68687438964844
2015-12-24,173.4001922607422
2015-12-28,173.00393676757812
2015-12-29,174.8502655029297
2015-12-30,173.6109161376953
2015-12-31,171.87425231933594
2016-01-04,169.47154235839844
2016-01-05,169.7581787109375
2016-01-06,167.61680603027344
2016-01-07,163.59539794921875
2016-01-08,161.7997283935547
2016-01-11,161.95993041992188
2016-01-12,163.2666473388672
2016-01-13,159.1946563720703
2016-01-14,161.80812072753906
2016-01-15,158.334716796875
2016-01-19,158.5454864501953
2016-01-20,156.51368713378906
2016-01-21,157.39056396484375
2016-01-22,160.61941528320312
2016-01-25,158.19139099121094
2016-01-26,160.34962463378906
2016-01-27,158.6045379638672
2016-01-28,159.43069458007812
2016-01-29,163.31724548339844
2016-02-01,163.2582244873047
2016-02-02,160.31597900390625
2016-02-03,161.2770538330078
2016-02-04,161.52993774414062
2016-02-05,158.4527587890625
2016-02-08,156.31979370117188
2016-02-09,156.3282012939453
2016-02-10,156.19338989257812
2016-02-11,154.16160583496094
2016-02-12,157.33998107910156
2016-02-16,159.99557495117188
2016-02-17,162.60903930664062
2016-02-18,161.94305419921875
2016-02-19,161.86715698242188
2016-02-22,164.21080017089844
2016-02-23,162.13699340820312
2016-02-24,162.8788604736328
2016-02-25,164.85153198242188
2016-02-26,164.47219848632812
2016-02-29,163.1823272705078
2016-03-01,167.0182647705078
2016-03-02,167.76856994628906
2016-03-03,168.42616271972656
2016-03-04,168.97410583496094
2016-03-07,169.10902404785156
2016-03-08,167.26280212402344
2016-03-09,168.08895874023438
2016-03-10,168.22384643554688
2016-03-11,170.9384765625
2016-03-14,170.71926879882812
2016-03-15,170.44107055664062
2016-03-16,171.4274139404297
2016-03-17,172.51498413085938
2016-03-18,173.1929168701172
2016-03-21,173.43862915039062
2016-03-22,173.34544372558594
2016-03-23,172.20147705078125
2016-03-24,172.1251983642578
2016-03-28,172.22686767578125
2016-03-29,173.8200225830078
2016-03-30,174.58267211914062
2016-03-31,174.1590118408203
2016-04-01,175.34532165527344
2016-04-04,174.77752685546875
2016-04-05,173.03192138671875
2016-04-06,174.92160034179688
2016-04-07,172.82852172851562
2016-04-08,173.2946014404297
2016-04-11,172.88784790039062
2016-04-12,174.4979248046875
2016-04-13,176.26055908203125
2016-04-14,176.2689666748047
2016-04-15,176.07406616210938
2016-04-18,177.3113555908203
2016-04-19,177.87057495117188
2016-04-20,178.04010009765625
2016-04-21,177.08248901367188
2016-04-22,177.08248901367188
2016-04-25,176.77745056152344
2016-04-26,177.0401611328125
2016-04-27,177.40455627441406
2016-04-28,175.79444885253906
2016-04-29,174.8453826904297
2016-05-02,176.23512268066406
2016-05-03,174.70127868652344
2016-05-04,173.72677612304688
2016-05-05,173.69287109375
2016-05-06,174.3284149169922
2016-05-09,174.47250366210938
2016-05-10,176.64186096191406
2016-05-11,174.9893798828125
2016-05-12,175.0402374267578
2016-05-13,173.5149383544922
2016-05-16,175.22669982910156
2016-05-17,173.59117126464844
2016-05-18,173.6420135498047
2016-05-19,173.04039001464844
2016-05-20,174.1334991455078
2016-05-23,173.89627075195312
2016-05-24,176.1503448486328
2016-05-25,177.3451690673828
2016-05-26,177.3960723876953
2016-05-27,178.15870666503906
2016-05-31,177.81973266601562
2016-06-01,178.18414306640625
2016-06-02,178.72653198242188
2016-06-03,178.192626953125
2016-06-06,179.09934997558594
2016-06-07,179.37896728515625
2016-06-08,179.96371459960938
2016-06-09,179.71792602539062
2016-06-10,178.01467895507812
2016-06-13,176.64186096191406
2016-06-14,176.29437255859375
2016-06-15,176.0486602783203
2016-06-16,176.57406616210938
2016-06-17,175.9164581298828
2016-06-20,177.0493927001953
2016-06-21,177.5519561767578
2016-06-22,177.2624053955078
2016-06-23,179.5707244873047
2016-06-24,173.12249755859375
2016-06-27,170.02194213867188
2016-06-28,173.0884246826172
2016-06-29,176.0357208251953
2016-06-30,178.43783569335938
2016-07-01,178.81260681152344
2016-07-05,177.52639770507812
2016-07-06,178.5911865234375
2016-07-07,178.4804229736328
2016-07-08,181.13812255859375
2016-07-11,181.7769012451172
2016-07-12,183.0972137451172
2016-07-13,183.0717010498047
2016-07-14,184.09390258789062
2016-07-15,183.8468475341797
2016-07-18,184.34085083007812
2016-07-19,184.15345764160156
2016-07-20,184.9201202392578
2016-07-21,184.22164916992188
2016-07-22,185.04791259765625
2016-07-25,184.54530334472656
2016-07-26,184.63050842285156
2016-07-27,184.43463134765625
2016-07-28,184.6475830078125
2016-07-29,184.9456787109375
2016-08-01,184.7923583984375
2016-08-02,183.60836791992188
2016-08-03,184.14498901367188
2016-08-04,184.34085083007812
2016-08-05,185.84857177734375
2016-08-08,185.7378692626953
2016-08-09,185.84857177734375
2016-08-10,185.38864135742188
2016-08-11,186.24893188476562
2016-08-12,186.0871124267578
2016-08-15,186.623779296875
2016-08-16,185.66119384765625
2016-08-17,186.0104522705078
2016-08-18,186.4278106689453
2016-08-19,186.15528869628906
2016-08-22,186.14671325683594
2016-08-23,186.52149963378906
2016-08-24,185.56752014160156
2016-08-25,185.4397430419922
2016-08-26,185.0905303955078
2016-08-29,186.00193786621094
2016-08-30,185.6952667236328
2016-08-31,185.1671600341797
2016-09-01,185.17568969726562
2016-09-02,186.0104522705078
2016-09-06,186.57264709472656
2016-09-07,186.55563354492188
2016-09-08,186.12969970703125
2016-09-09,181.6747589111328
2016-09-12,184.2812957763672
2016-09-13,181.63209533691406
2016-09-14,181.5640411376953
2016-09-15,183.37835693359375
2016-09-16,182.6694793701172
2016-09-19,182.7037353515625
2016-09-20,182.7123260498047
2016-09-21,184.7669677734375
2016-09-22,185.9312744140625
2016-09-23,184.9125213623047
2016-09-26,183.41436767578125
2016-09-27,184.55294799804688
2016-09-28,185.46896362304688
2016-09-29,183.79098510742188
2016-09-30,185.17787170410156
2016-10-03,184.732666015625
2016-10-04,183.79098510742188
2016-10-05,184.6043243408203
2016-10-06,184.732666015625
2016-10-07,184.09915161132812
2016-10-10,185.0580291748047
2016-10-11,182.7208709716797
2016-10-12,182.96060180664062
2016-10-13,182.3612823486328
2016-10-14,182.4554443359375
2016-10-17,181.8218994140625
2016-10-18,182.96060180664062
2016-10-19,183.44857788085938
2016-10-20,183.10610961914062
2016-10-21,183.19171142578125
2016-10-24,183.9707489013672
2016-10-25,183.35435485839844
2016-10-26,182.9862518310547
2016-10-27,182.4982452392578
2016-10-28,181.95892333984375
2016-10-31,181.96751403808594
2016-11-01,180.64903259277344
2016-11-02,179.561767578125
2016-11-03,178.7399139404297
2016-11-04,178.54298400878906
2016-11-07,182.48117065429688
2016-11-08,183.30300903320312
2016-11-09,185.24639892578125
2016-11-10,185.7086639404297
2016-11-11,185.28065490722656
2016-11-14,185.4261474609375
2016-11-15,186.87298583984375
2016-11-16,186.52200317382812
2016-11-17,187.4808807373047
2016-11-18,187.06134033203125
2016-11-21,188.4739532470703
2016-11-22,188.84210205078125
2016-11-23,188.9447784423828
2016-11-25,189.6468048095703
2016-11-28,188.75648498535156
2016-11-29,189.1245574951172
2016-11-30,188.6708526611328
2016-12-01,187.97738647460938
2016-12-02,188.07156372070312
2016-12-05,189.20166015625
2016-12-06,189.8009033203125
2016-12-07,192.28369140625
2016-12-08,192.75454711914062
2016-12-09,193.9188690185547
2016-12-12,193.6962890625
2016-12-13,194.989013671875
2016-12-14,193.37945556640625
2016-12-15,194.1756591796875
2016-12-16,193.79588317871094
2016-12-19,194.2178497314453
2016-12-20,194.96714782714844
2016-12-21,194.4246063232422
2016-12-22,194.08868408203125
2016-12-23,194.37294006347656
2016-12-27,194.85511779785156
2016-12-28,193.24478149414062
2016-12-29,193.20172119140625
2016-12-30,192.49557495117188
2017-01-03,193.9681396484375
2017-01-04,195.1221160888672
2017-01-05,194.96714782714844
2017-01-06,195.66464233398438
2017-01-09,195.0187530517578
2017-01-10,195.0187530517578
2017-01-11,195.56991577148438
2017-01-12,195.0790557861328
2017-01-13,195.52687072753906
2017-01-17,194.83795166015625
2017-01-18,195.2685089111328
2017-01-19,194.5451202392578
2017-01-20,195.2598876953125
2017-01-23,194.7518310546875
2017-01-24,196.00051879882812
2017-01-25,197.69700622558594
2017-01-26,197.49029541015625
2017-01-27,197.18031311035156
2017-01-30,195.95741271972656
2017-01-31,195.94021606445312
2017-02-01,196.01771545410156
2017-02-02,196.14688110351562
2017-02-03,197.4989013671875
2017-02-06,197.14585876464844
2017-02-07,197.15444946289062
2017-02-08,197.4127655029297
2017-02-09,198.583984375
2017-02-10,199.3675994873047
2017-02-13,200.4527130126953
2017-02-14,201.25357055664062
2017-02-15,202.30421447753906
2017-02-16,202.13197326660156
2017-02-17,202.4506072998047
2017-02-21,203.65625
2017-02-22,203.47535705566406
2017-02-23,203.61317443847656
2017-02-24,203.8715057373047
2017-02-27,204.1901397705078
2017-02-28,203.63897705078125
2017-03-01,206.4894256591797
2017-03-02,205.1890411376953
2017-03-03,205.3182373046875
2017-03-06,204.70684814453125
2017-03-07,204.09542846679688
2017-03-08,203.7165069580078
2017-03-09,203.97486877441406
2017-03-10,204.6896209716797
2017-03-13,204.79298400878906
2017-03-14,204.00927734375
2017-03-15,205.77468872070312
2017-03-16,205.36990356445312
2017-03-17,205.0092315673828
2017-03-20,204.78439331054688
2017-03-21,202.15512084960938
2017-03-22,202.6307373046875
2017-03-23,202.41452026367188
2017-03-24,202.26747131347656
2017-03-27,202.05992126464844
2017-03-28,203.53025817871094
2017-03-29,203.72056579589844
2017-03-30,204.3692169189453
2017-03-31,203.8935546875
2017-04-03,203.53890991210938
2017-04-04,203.6686553955078
2017-04-05,203.06326293945312
2017-04-06,203.6340789794922
2017-04-07,203.42649841308594
2017-04-10,203.54759216308594
2017-04-11,203.30538940429688
2017-04-12,202.41452026367188
2017-04-13,201.09988403320312
2017-04-17,202.88156127929688
2017-04-18,202.276123046875
2017-04-19,201.90423583984375
2017-04-20,203.54759216308594
2017-04-21,202.89889526367188
2017-04-24,205.13034057617188
2017-04-25,206.32394409179688
2017-04-26,206.1941680908203
2017-04-27,206.3671417236328
2017-04-28,205.91738891601562
2017-05-01,206.43630981445312
2017-05-02,206.51422119140625
2017-05-03,206.26336669921875
2017-05-04,206.5055694580078
2017-05-05,207.31858825683594
2017-05-08,207.28399658203125
2017-05-09,207.0936737060547
2017-05-10,207.46560668945312
2017-05-11,207.0418243408203
2017-05-12,206.69586181640625
2017-05-15,207.83749389648438
2017-05-16,207.64723205566406
2017-05-17,203.96270751953125
2017-05-18,204.78439331054688
2017-05-19,206.1163330078125
2017-05-22,207.1629180908203
2017-05-23,207.62132263183594
2017-05-24,208.1056671142578
2017-05-25,209.10028076171875
2017-05-26,209.05702209472656
2017-05-30,208.87542724609375
2017-05-31,208.82351684570312
2017-06-01,210.48410034179688
2017-06-02,211.18470764160156
2017-06-05,211.0290069580078
2017-06-06,210.3544158935547
2017-06-07,210.74356079101562
2017-06-08,210.84738159179688
2017-06-09,210.52735900878906
2017-06-12,210.48410034179688
2017-06-13,211.51339721679688
2017-06-14,211.24526977539062
2017-06-15,210.83877563476562
2017-06-16,210.88479614257812
2017-06-19,212.64051818847656
2017-06-20,211.20640563964844
2017-06-21,211.15423583984375
2017-06-22,211.05860900878906
2017-06-23,211.31069946289062
2017-06-26,211.44979858398438
2017-06-27,209.74623107910156
2017-06-28,211.62359619140625
2017-06-29,209.76365661621094
2017-06-30,210.1547393798828
2017-07-03,210.51109313964844
2017-07-05,210.9977569580078
2017-07-06,209.06834411621094
2017-07-07,210.42420959472656
2017-07-10,210.650146484375
2017-07-11,210.49371337890625
2017-07-12,212.0755157470703
2017-07-13,212.43179321289062
2017-07-14,213.42266845703125
2017-07-17,213.3966064453125
2017-07-18,213.5095672607422
2017-07-19,214.66551208496094
2017-07-20,214.76112365722656
2017-07-21,214.56991577148438
2017-07-24,214.51776123046875
2017-07-25,215.03924560546875
2017-07-26,215.04794311523438
2017-07-27,214.84800720214844
2017-07-28,214.5959930419922
2017-07-31,214.4743194580078
2017-08-01,214.95236206054688
2017-08-02,215.056640625
2017-08-03,214.63946533203125
2017-08-04,215.03057861328125
2017-08-07,215.4303436279297
2017-08-08,214.90017700195312
2017-08-09,214.89149475097656
2017-08-10,211.85824584960938
2017-08-11,212.17112731933594
2017-08-14,214.2744140625
2017-08-15,214.24826049804688
2017-08-16,214.62205505371094
2017-08-17,211.27593994140625
2017-08-18,210.9456329345703
2017-08-21,211.1107940673828
2017-08-22,213.31834411621094
2017-08-23,212.55357360839844
2017-08-24,212.05809020996094
2017-08-25,212.55357360839844
2017-08-28,212.5622100830078
2017-08-29,212.80557250976562
2017-08-30,213.81373596191406
2017-08-31,215.10009765625
2017-09-01,215.4042510986328
2017-09-05,213.8572235107422
2017-09-06,214.58729553222656
2017-09-07,214.5612335205078
2017-09-08,214.3092041015625
2017-09-11,216.59498596191406
2017-09-12,217.3250274658203
2017-09-13,217.42929077148438
2017-09-14,217.35977172851562
2017-09-15,217.65243530273438
2017-09-18,218.11534118652344
2017-09-19,218.3336944580078
2017-09-20,218.4122772216797
2017-09-21,217.82708740234375
2017-09-22,217.87075805664062
2017-09-25,217.42532348632812
2017-09-26,217.5563507080078
2017-09-27,218.40353393554688
2017-09-28,218.66563415527344
2017-09-29,219.43421936035156
2017-10-02,220.38624572753906
2017-10-03,220.85791015625
2017-10-04,221.11997985839844
2017-10-05,222.4301300048828
2017-10-06,222.1768341064453
2017-10-09,221.8100128173828
2017-10-10,222.3951873779297
2017-10-11,222.7445831298828
2017-10-12,222.41262817382812
2017-10-13,222.68341064453125
2017-10-16,222.9803466796875
2017-10-17,223.13758850097656
2017-10-18,223.35595703125
2017-10-19,223.4171600341797
2017-10-20,224.5699920654297
2017-10-23,223.69659423828125
2017-10-24,224.08961486816406
2017-10-25,222.9803466796875
2017-10-26,223.2686004638672
2017-10-27,225.0941619873047
2017-10-30,224.25563049316406
2017-10-31,224.60498046875
2017-11-01,224.9019775390625
2017-11-02,224.9893035888672
2017-11-03,225.74046325683594
2017-11-06,226.08981323242188
2017-11-07,225.9326171875
2017-11-08,226.31692504882812
2017-11-09,225.4959259033203
2017-11-10,225.426025390625
2017-11-13,225.63565063476562
2017-11-14,225.11163330078125
2017-11-15,223.98487854003906
2017-11-16,225.8889617919922
2017-11-17,225.22509765625
2017-11-20,225.60943603515625
2017-11-21,227.08554077148438
2017-11-22,226.8846435546875
2017-11-24,227.40872192382812
2017-11-27,227.29518127441406
2017-11-28,229.60105895996094
2017-11-29,229.46131896972656
2017-11-30,231.47024536132812
2017-12-01,230.9898223876953
2017-12-04,230.71035766601562
2017-12-05,229.88059997558594
2017-12-06,229.92417907714844
2017-12-07,230.64918518066406
2017-12-08,231.90695190429688
2017-12-11,232.60572814941406
2017-12-12,233.0161895751953
2017-12-13,232.9900360107422
2017-12-14,232.03802490234375
2017-12-15,233.97027587890625
2017-12-18,235.45396423339844
2017-12-19,234.54969787597656
2017-12-20,234.4267120361328
2017-12-21,234.9095916748047
2017-12-22,234.8481903076172
2017-12-26,234.56724548339844
2017-12-27,234.68130493164062
2017-12-28,235.16419982910156
2017-12-29,234.27748107910156
2018-01-02,235.95431518554688
2018-01-03,237.44680786132812
2018-01-04,238.44752502441406
2018-01-05,240.03656005859375
2018-01-08,240.4755096435547
2018-01-09,241.0198211669922
2018-01-10,240.6510772705078
2018-01-11,242.40692138671875
2018-01-12,243.9871063232422
2018-01-16,243.15310668945312
2018-01-17,245.470703125
2018-01-18,245.0581817626953
2018-01-19,246.17318725585938
2018-01-22,248.17469787597656
2018-01-23,248.701416015625
2018-01-24,248.6048583984375
2018-01-25,248.710205078125
2018-01-26,251.5896759033203
2018-01-29,249.92176818847656
2018-01-30,247.35821533203125
2018-01-31,247.48110961914062
2018-02-01,247.20022583007812
2018-02-02,241.8186798095703
2018-02-05,231.70529174804688
2018-02-06,236.27032470703125
2018-02-07,234.9885711669922
2018-02-08,226.17445373535156
2018-02-09,229.5719451904297
2018-02-12,232.94313049316406
2018-02-13,233.5224609375
2018-02-14,236.67413330078125
2018-02-15,239.69415283203125
2018-02-16,239.76434326171875
2018-02-20,238.2631072998047
2018-02-21,237.0779571533203
2018-02-22,237.3852996826172
2018-02-23,241.16909790039062
2018-02-26,243.96957397460938
2018-02-27,240.92323303222656
2018-02-28,238.4826202392578
2018-03-01,235.01492309570312
2018-03-02,236.22645568847656
2018-03-05,238.95669555664062
2018-03-06,239.56239318847656
2018-03-07,239.4746856689453
2018-03-08,240.6334991455078
2018-03-09,244.82115173339844
2018-03-12,244.51385498046875
2018-03-13,242.9336395263672
2018-03-14,241.68702697753906
2018-03-15,241.4236602783203
2018-03-16,241.68540954589844
2018-03-19,238.4153289794922
2018-03-20,238.82078552246094
2018-03-21,238.3625030517578
2018-03-22,232.40411376953125
2018-03-23,227.45050048828125
2018-03-26,233.67324829101562
2018-03-27,229.69815063476562
2018-03-28,229.01942443847656
2018-03-29,231.9457550048828
2018-04-02,226.93930053710938
2018-04-03,229.84791564941406
2018-04-04,232.30712890625
2018-04-05,234.1405487060547
2018-04-06,228.9224853515625
2018-04-09,230.05064392089844
2018-04-10,233.7085418701172
2018-04-11,232.48341369628906
2018-04-12,234.39610290527344
2018-04-13,233.7085418701172
2018-04-16,235.63003540039062
2018-04-17,238.15093994140625
2018-04-18,238.32720947265625
2018-04-19,237.00515747070312
2018-04-20,234.99542236328125
2018-04-23,234.9601287841797
2018-04-24,231.7959442138672
2018-04-25,232.3688201904297
2018-04-26,234.73106384277344
2018-04-27,234.951416015625
2018-04-30,233.14442443847656
2018-05-01,233.55873107910156
2018-05-02,231.98980712890625
2018-05-03,231.47854614257812
2018-05-04,234.4754180908203
2018-05-07,235.2687225341797
2018-05-08,235.2687225341797
2018-05-09,237.54275512695312
2018-05-10,239.76393127441406
2018-05-11,240.49559020996094
2018-05-14,240.610107421875
2018-05-15,238.9530487060547
2018-05-16,239.95787048339844
2018-05-17,239.7550506591797
2018-05-18,239.15567016601562
2018-05-21,240.953857421875
2018-05-22,240.28399658203125
2018-05-23,240.94496154785156
2018-05-24,240.45138549804688
2018-05-25,239.87844848632812
2018-05-29,237.11968994140625
2018-05-30,240.28399658203125
2018-05-31,238.81199645996094
2018-06-01,241.15664672851562
2018-06-04,242.3024444580078
2018-06-05,242.47866821289062
2018-06-06,244.50599670410156
2018-06-07,244.47952270507812
2018-06-08,245.20225524902344
2018-06-11,245.52845764160156
2018-06-12,245.84571838378906
2018-06-13,245.06126403808594
2018-06-14,245.67825317382812
2018-06-15,245.36485290527344
2018-06-18,244.860107421875
2018-06-19,243.9216766357422
2018-06-20,244.3378448486328
2018-06-21,242.8061065673828
2018-06-22,243.24874877929688
2018-06-25,239.9374542236328
2018-06-26,240.46876525878906
2018-06-27,238.4765625
2018-06-28,239.84005737304688
2018-06-29,240.18533325195312
2018-07-02,240.69883728027344
2018-07-03,239.84898376464844
2018-07-05,241.8055877685547
2018-07-06,243.85081481933594
2018-07-09,246.0465087890625
2018-07-10,246.93199157714844
2018-07-11,245.1258087158203
2018-07-12,247.34811401367188
2018-07-13,247.54290771484375
2018-07-16,247.32150268554688
2018-07-17,248.32199096679688
2018-07-18,248.84437561035156
2018-07-19,247.90591430664062
2018-07-20,247.62252807617188
2018-07-23,248.08299255371094
2018-07-24,249.33132934570312
2018-07-25,251.45628356933594
2018-07-26,250.86306762695312
2018-07-27,249.16311645507812
2018-07-30,247.86163330078125
2018-07-31,249.0833740234375
2018-08-01,248.6672821044922
2018-08-02,250.0219268798828
2018-08-03,251.09329223632812
2018-08-06,252.0140380859375
2018-08-07,252.84625244140625
2018-08-08,252.74000549316406
2018-08-09,252.39476013183594
2018-08-10,250.70364379882812
2018-08-13,249.76519775390625
2018-08-14,251.35874938964844
2018-08-15,249.48184204101562
2018-08-16,251.50050354003906
2018-08-17,252.38589477539062
2018-08-20,252.92596435546875
2018-08-21,253.5192413330078
2018-08-22,253.3686981201172
2018-08-23,253.03219604492188
2018-08-24,254.55511474609375
2018-08-27,256.5648498535156
2018-08-28,256.6888427734375
2018-08-29,258.0700988769531
2018-08-30,257.0252380371094
2018-08-31,257.03411865234375
2018-09-04,256.5914611816406
2018-09-05,255.90084838867188
2018-09-06,255.13046264648438
2018-09-07,254.634765625
2018-09-10,255.07748413085938
2018-09-11,255.91847229003906
2018-09-12,255.98052978515625
2018-09-13,257.49456787109375
2018-09-14,257.5387878417969
2018-09-17,256.17529296875
2018-09-18,257.5653076171875
2018-09-19,257.83978271484375
2018-09-20,259.92926025390625
2018-09-21,259.6917419433594
2018-09-24,258.8291320800781
2018-09-25,258.5889892578125
2018-09-26,257.815185546875
2018-09-27,258.5356140136719
2018-09-28,258.5623474121094
2018-10-01,259.4606018066406
2018-10-02,259.3093566894531
2018-10-03,259.4517517089844
2018-10-04,257.42388916015625
2018-10-05,255.9830780029297
2018-10-08,255.9830780029297
2018-10-09,255.60951232910156
2018-10-10,247.51611328125
2018-10-11,242.064208984375
2018-10-12,245.42608642578125
2018-10-15,244.04757690429688
2018-10-16,249.38392639160156
2018-10-17,249.42831420898438
2018-10-18,245.8262939453125
2018-10-19,245.6928253173828
2018-10-22,244.5900421142578
2018-10-23,243.34486389160156
2018-10-24,235.97195434570312
2018-10-25,240.2053680419922
2018-10-26,235.9807891845703
2018-10-29,234.67332458496094
2018-10-30,238.1509246826172
2018-10-31,240.6945343017578
2018-11-01,243.25592041015625
2018-11-02,241.81524658203125
2018-11-05,243.1492462158203
2018-11-06,244.68788146972656
2018-11-07,249.9263916015625
2018-11-08,249.4727783203125
2018-11-09,247.03582763671875
2018-11-12,242.41990661621094
2018-11-13,241.96641540527344
2018-11-14,240.3120880126953
2018-11-15,242.82008361816406
2018-11-16,243.45167541503906
2018-11-19,239.3338623046875
2018-11-20,234.90463256835938
2018-11-21,235.705078125
2018-11-23,234.1308135986328
2018-11-26,237.91078186035156
2018-11-27,238.711181640625
2018-11-28,244.20761108398438
2018-11-29,243.6740264892578
2018-11-30,245.1593017578125
2018-12-03,248.405517578125
2018-12-04,240.3566131591797
2018-12-06,239.99188232421875
2018-12-07,234.41551208496094
2018-12-10,234.86019897460938
2018-12-11,234.91355895996094
2018-12-12,236.09637451171875
2018-12-13,236.016357421875
2018-12-14,231.6584014892578
2018-12-17,227.11363220214844
2018-12-18,226.8645782470703
2018-12-19,223.46714782714844
2018-12-20,219.82955932617188
2018-12-21,215.32533264160156
2018-12-24,209.63575744628906
2018-12-26,220.2275848388672
2018-12-27,221.91844177246094
2018-12-28,221.6321258544922
2018-12-31,223.57339477539062
2019-01-02,223.80596923828125
2019-01-03,218.4653778076172
2019-01-04,225.78298950195312
2019-01-07,227.563232421875
2019-01-08,229.7012176513672
2019-01-09,230.7747039794922
2019-01-10,231.58880615234375
2019-01-11,231.6782989501953
2019-01-14,230.2648162841797
2019-01-15,232.9038543701172
2019-01-16,233.46739196777344
2019-01-17,235.23867797851562
2019-01-18,238.36972045898438
2019-01-22,235.14923095703125
2019-01-23,235.64122009277344
2019-01-24,235.76646423339844
2019-01-25,237.7614288330078
2019-01-28,235.9543914794922
2019-01-29,235.64122009277344
2019-01-30,239.37164306640625
2019-01-31,241.473876953125
2019-02-01,241.5902099609375
2019-02-04,243.2898712158203
2019-02-05,244.3096923828125
2019-02-06,243.98768615722656
2019-02-07,241.661865234375
2019-02-08,241.9569549560547
2019-02-11,242.09117126464844
2019-02-12,245.20433044433594
2019-02-13,246.00048828125
2019-02-14,245.45474243164062
2019-02-15,248.12957763671875
2019-02-19,248.5590057373047
2019-02-20,249.05990600585938
2019-02-21,248.17428588867188
2019-02-22,249.7130584716797
2019-02-25,250.0529022216797
2019-02-26,249.87408447265625
2019-02-27,249.76673889160156
2019-02-28,249.30148315429688
2019-03-01,250.8581085205078
2019-03-04,249.945556640625
2019-03-05,249.6056365966797
2019-03-06,248.09373474121094
2019-03-07,246.0183563232422
2019-03-08,245.5262908935547
2019-03-11,249.08677673339844
2019-03-12,250.0260772705078
2019-03-13,251.68101501464844
2019-03-14,251.52003479003906
2019-03-15,252.76268005371094
2019-03-18,253.67919921875
2019-03-19,253.74208068847656
2019-03-20,252.97837829589844
2019-03-21,255.835693359375
2019-03-22,250.9116973876953
2019-03-25,250.72303771972656
2019-03-26,252.59193420410156
2019-03-27,251.2711944580078
2019-03-28,252.22354125976562
2019-03-29,253.81396484375
2019-04-01,256.82403564453125
2019-04-02,256.9497375488281
2019-04-03,257.3542175292969
2019-04-04,258.03704833984375
2019-04-05,259.2860107421875
2019-04-08,259.483642578125
2019-04-09,258.15386962890625
2019-04-10,259.0344543457031
2019-04-11,258.9624328613281
2019-04-12,260.7145080566406
2019-04-15,260.5438232421875
2019-04-16,260.7145080566406
2019-04-17,260.0766906738281
2019-04-18,260.58880615234375
2019-04-22,260.8134460449219
2019-04-23,263.1585693359375
2019-04-24,262.5745849609375
2019-04-25,262.4128112792969
2019-04-26,263.63482666015625
2019-04-29,264.0481262207031
2019-04-30,264.1828918457031
2019-05-01,262.19708251953125
2019-05-02,261.6311340332031
2019-05-03,264.1918029785156
2019-05-06,263.1046142578125
2019-05-07,258.71087646484375
2019-05-08,258.3514709472656
2019-05-09,257.5698547363281
2019-05-10,258.8636169433594
2019-05-13,252.35836791992188
2019-05-14,254.6405792236328
2019-05-15,256.13214111328125
2019-05-16,258.5042724609375
2019-05-17,256.8330383300781
2019-05-20,255.13475036621094
2019-05-21,257.4349365234375
2019-05-22,256.6443176269531
2019-05-23,253.50848388671875
2019-05-24,254.08349609375
2019-05-28,251.72044372558594
2019-05-29,250.03123474121094
2019-05-30,250.7140655517578
2019-05-31,247.33566284179688
2019-06-03,246.7066192626953
2019-06-04,252.06185913085938
2019-06-05,254.24522399902344
2019-06-06,255.89845275878906
2019-06-07,258.4593505859375
2019-06-10,259.6453857421875
2019-06-11,259.58251953125
2019-06-12,259.12420654296875
2019-06-13,260.19342041015625
2019-06-14,259.90594482421875
2019-06-17,260.0046691894531
2019-06-18,262.727294921875
2019-06-19,263.3203430175781
2019-06-20,265.8361511230469
2019-06-21,265.4497985839844
2019-06-24,265.1247253417969
2019-06-25,262.5243835449219
2019-06-26,262.2626037597656
2019-06-27,263.1925048828125
2019-06-28,264.5468444824219
2019-07-01,266.94854736328125
2019-07-02,267.6437683105469
2019-07-03,269.78363037109375
2019-07-05,269.4765625
2019-07-08,267.99591064453125
2019-07-09,268.33001708984375
2019-07-10,269.612060546875
2019-07-11,270.24407958984375
2019-07-12,271.45404052734375
2019-07-15,271.54425048828125
2019-07-16,270.6685791015625
2019-07-17,268.8265380859375
2019-07-18,269.81072998046875
2019-07-19,268.3119201660156
2019-07-22,268.9709777832031
2019-07-23,270.8941345214844
2019-07-24,272.16717529296875
2019-07-25,270.86712646484375
2019-07-26,272.6819152832031
2019-07-29,272.18524169921875
2019-07-30,271.5171813964844
2019-07-31,268.5466003417969
2019-08-01,266.2081604003906
2019-08-02,264.2037658691406
2019-08-05,256.2583923339844
2019-08-06,259.85174560546875
2019-08-07,260.0052185058594
2019-08-08,265.106689453125
2019-08-09,263.3008117675781
2019-08-12,260.0955505371094
2019-08-13,264.1405029296875
2019-08-14,256.33050537109375
2019-08-15,257.0076599121094
2019-08-16,260.7998962402344
2019-08-19,263.9419860839844
2019-08-20,261.91937255859375
2019-08-21,264.0503234863281
2019-08-22,263.9689025878906
2019-08-23,257.188232421875
2019-08-26,260.0323791503906
2019-08-27,259.0120544433594
2019-08-28,260.8360290527344
2019-08-29,264.16766357421875
2019-08-30,264.0503234863281
2019-09-03,262.50628662109375
2019-09-04,265.48590087890625
2019-09-05,268.8987731933594
2019-09-06,269.1064147949219
2019-09-09,269.2418518066406
2019-09-10,269.1786193847656
2019-09-11,271.0927429199219
2019-09-12,272.03179931640625
2019-09-13,271.8511962890625
2019-09-16,271.011474609375
2019-09-17,271.69781494140625
2019-09-18,271.86029052734375
2019-09-19,271.8422546386719
2019-09-20,270.55780029296875
2019-09-23,270.4942626953125
2019-09-24,268.3717956542969
2019-09-25,269.9591064453125
2019-09-26,269.3967590332031
2019-09-27,267.9454040527344
2019-09-30,269.18804931640625
2019-10-01,265.9861145019531
2019-10-02,261.2876281738281
2019-10-03,263.4283752441406
2019-10-04,266.9930725097656
2019-10-07,265.8410949707031
2019-10-08,261.7139892578125
2019-10-09,264.1993103027344
2019-10-10,265.9861145019531
2019-10-11,268.7436218261719
2019-10-14,268.4443664550781
2019-10-15,271.1020202636719
2019-10-16,270.6665954589844
2019-10-17,271.4647521972656
2019-10-18,270.27655029296875
2019-10-21,272.1088562011719
2019-10-22,271.219970703125
2019-10-23,272.0091247558594
2019-10-24,272.45355224609375
2019-10-25,273.56927490234375
2019-10-28,275.1112976074219
2019-10-29,275.0295715332031
2019-10-30,275.8731994628906
2019-10-31,275.138427734375
2019-11-01,277.687255859375
2019-11-04,278.8029479980469
2019-11-05,278.49462890625
2019-11-06,278.55804443359375
2019-11-07,279.53765869140625
2019-11-08,280.22705078125
2019-11-11,279.69189453125
2019-11-12,280.2814636230469
2019-11-13,280.3721618652344
2019-11-14,280.7803649902344
2019-11-15,282.8121643066406
2019-11-18,283.0207214355469
2019-11-19,282.9391174316406
2019-11-20,281.8869323730469
2019-11-21,281.4334716796875
2019-11-22,282.05938720703125
2019-11-25,284.2452697753906
2019-11-26,284.8892822265625
2019-11-27,286.15924072265625
2019-11-29,285.097900390625
2019-12-02,282.6761474609375
2019-12-03,280.7803649902344
2019-12-04,282.5127868652344
2019-12-05,283.0207214355469
2019-12-06,285.6059875488281
2019-12-09,284.70794677734375
2019-12-10,284.39044189453125
2019-12-11,285.19775390625
2019-12-12,287.65582275390625
2019-12-13,287.82818603515625
2019-12-16,289.8055725097656
2019-12-17,289.8691101074219
2019-12-18,289.8872375488281
2019-12-19,291.0754699707031
2019-12-20,292.3515930175781
2019-12-23,292.7982177734375
2019-12-24,292.807373046875
2019-12-26,294.3660583496094
2019-12-27,294.2931823730469
2019-12-30,292.6706237792969
2019-12-31,293.38153076171875
2020-01-02,296.1253356933594
2020-01-03,293.88299560546875
2020-01-06,295.004150390625
2020-01-07,294.1746826171875
2020-01-08,295.7424621582031
2020-01-09,297.7477722167969
2020-01-10,296.89093017578125
2020-01-13,298.9327697753906
2020-01-14,298.4769592285156
2020-01-15,299.1515197753906
2020-01-16,301.63995361328125
2020-01-17,302.5788879394531
2020-01-21,301.98626708984375
2020-01-22,302.0227966308594
2020-01-23,302.36920166015625
2020-01-24,299.6802062988281
2020-01-27,294.8764953613281
2020-01-28,297.9666442871094
2020-01-29,297.720458984375
2020-01-30,298.6866455078125
2020-01-31,293.2630615234375
2020-02-03,295.4417724609375
2020-02-04,299.944580078125
2020-02-05,303.4082946777344
2020-02-06,304.42926025390625
2020-02-07,302.8067932128906
2020-02-10,305.0672607421875
2020-02-11,305.595947265625
2020-02-12,307.56488037109375
2020-02-13,307.2367248535156
2020-02-14,307.72900390625
2020-02-18,306.9359130859375
2020-02-19,308.4034729003906
2020-02-20,307.136474609375
2020-02-21,303.9734802246094
2020-02-24,293.89215087890625
2020-02-25,284.9864807128906
2020-02-26,283.9382019042969
2020-02-27,271.1861267089844
2020-02-28,270.0467224121094
2020-03-02,281.7415466308594
2020-03-03,273.6746520996094
2020-03-04,285.1779479980469
2020-03-05,275.6981506347656
2020-03-06,271.1405944824219
2020-03-09,249.96592712402344
2020-03-10,262.9004821777344
2020-03-11,250.0843963623047
2020-03-12,226.15704345703125
2020-03-13,245.4904327392578
2020-03-16,218.62796020507812
2020-03-17,230.43209838867188
2020-03-18,218.76463317871094
2020-03-19,219.22950744628906
2020-03-20,209.78199768066406
2020-03-23,204.41824340820312
2020-03-24,222.93919372558594
2020-03-25,226.27667236328125
2020-03-26,239.48887634277344
2020-03-27,232.3555450439453
2020-03-30,239.90147399902344
2020-03-31,236.32566833496094
2020-04-01,225.68983459472656
2020-04-02,230.89772033691406
2020-04-03,227.560302734375
2020-04-06,242.8446502685547
2020-04-07,243.0922393798828
2020-04-08,251.25245666503906
2020-04-09,255.07583618164062
2020-04-13,252.7469940185547
2020-04-14,260.2012023925781
2020-04-15,254.67234802246094
2020-04-16,255.90106201171875
2020-04-17,262.81427001953125
2020-04-20,258.1840515136719
2020-04-21,250.3447265625
2020-04-22,255.90106201171875
2020-04-23,255.88272094726562
2020-04-24,259.4493103027344
2020-04-27,263.1902160644531
2020-04-28,261.9800109863281
2020-04-29,268.8382263183594
2020-04-30,266.33514404296875
2020-05-01,259.2843017578125
2020-05-04,259.99957275390625
2020-05-05,262.4017028808594
2020-05-06,260.623046875
2020-05-07,263.7679138183594
2020-05-08,268.1321716308594
2020-05-11,268.1871643066406
2020-05-12,262.841796875
2020-05-13,258.1932067871094
2020-05-14,261.2830810546875
2020-05-15,262.4842224121094
2020-05-18,270.4794616699219
2020-05-19,267.7012023925781
2020-05-20,272.2490234375
2020-05-21,270.36944580078125
2020-05-22,270.88287353515625
2020-05-26,274.2202453613281
2020-05-27,278.30035400390625
2020-05-28,277.7868957519531
2020-05-29,279.0247497558594
2020-06-01,280.15252685546875
2020-06-02,282.47216796875
2020-06-03,286.2314147949219
2020-06-04,285.4795227050781
2020-06-05,292.79620361328125
2020-06-08,296.33538818359375
2020-06-09,294.12567138671875
2020-06-10,292.4845886230469
2020-06-11,275.6231384277344
2020-06-12,278.923828125
2020-06-15,281.5278015136719
2020-06-16,286.9465026855469
2020-06-17,285.7546691894531
2020-06-18,285.8646545410156
2020-06-19,284.23095703125
2020-06-22,286.0543212890625
2020-06-23,287.3712158203125
2020-06-24,280.0408020019531
2020-06-25,283.04290771484375
2020-06-26,276.3203430175781
2020-06-29,280.38153076171875
2020-06-30,283.9731140136719
2020-07-01,285.9622497558594
2020-07-02,287.5370178222656
2020-07-06,291.975830078125
2020-07-07,288.9644470214844
2020-07-08,291.1746520996094
2020-07-09,289.5169372558594
2020-07-10,292.4731140136719
2020-07-13,289.9407043457031
2020-07-14,293.6979675292969
2020-07-15,296.3962097167969
2020-07-16,295.4200134277344
2020-07-17,296.2763977050781
2020-07-20,298.6709899902344
2020-07-21,299.30633544921875
2020-07-22,301.0099182128906
2020-07-23,297.41839599609375
2020-07-24,295.5029296875
2020-07-27,297.65789794921875
2020-07-28,295.77001953125
2020-07-29,299.4075927734375
2020-07-30,298.3393249511719
2020-07-31,300.6968688964844
2020-08-03,302.7873229980469
2020-08-04,303.9568176269531
2020-08-05,305.8447570800781
2020-08-06,307.8892517089844
2020-08-07,308.1102600097656
2020-08-10,309.03106689453125
2020-08-11,306.4801940917969
2020-08-12,310.7533264160156
2020-08-13,310.19146728515625
2020-08-14,310.20074462890625
2020-08-17,311.1861572265625
2020-08-18,311.8583984375
2020-08-19,310.5599365234375
2020-08-20,311.52685546875
2020-08-21,312.6319274902344
2020-08-24,315.7998962402344
2020-08-25,316.90496826171875
2020-08-26,320.0821838378906
2020-08-27,320.781982421875
2020-08-28,322.8540344238281
2020-08-31,321.68450927734375
2020-09-01,324.71435546875
2020-09-02,329.4110107421875
2020-09-03,318.0745849609375
2020-09-04,315.4775390625
2020-09-08,306.8578186035156
2020-09-09,312.91741943359375
2020-09-10,307.4840087890625
2020-09-11,307.6405944824219
2020-09-14,311.6925964355469
2020-09-15,313.26739501953125
2020-09-16,312.0241394042969
2020-09-17,309.27978515625
2020-09-18,305.7192077636719
2020-09-21,302.316650390625
2020-09-22,305.3956298828125
2020-09-23,298.3132019042969
2020-09-24,299.1082763671875
2020-09-25,303.94390869140625
2020-09-28,308.9922790527344
2020-09-29,307.3094787597656
2020-09-30,309.6394958496094
2020-10-01,311.62738037109375
2020-10-02,308.6685791015625
2020-10-05,314.1423034667969
2020-10-06,309.67645263671875
2020-10-07,315.0668640136719
2020-10-08,317.8592224121094
2020-10-09,320.69775390625
2020-10-12,325.85699462890625
2020-10-13,323.7303771972656
2020-10-14,321.6962585449219
2020-10-15,321.2986755371094
2020-10-16,321.1045227050781
2020-10-19,316.22259521484375
2020-10-20,317.4892883300781
2020-10-21,316.88836669921875
2020-10-22,318.6266174316406
2020-10-23,319.70831298828125
2020-10-26,313.8002014160156
2020-10-27,312.7184753417969
2020-10-28,302.030029296875
2020-10-29,305.0997619628906
2020-10-30,301.9190979003906
2020-11-02,305.3031311035156
2020-11-03,310.6934509277344
2020-11-04,317.6373596191406
2020-11-05,323.8321228027344
2020-11-06,323.75811767578125
2020-11-09,327.8263244628906
2020-11-10,327.3455810546875
2020-11-11,329.7772521972656
2020-11-12,326.5780944824219
2020-11-13,331.0994567871094
2020-11-16,335.232421875
2020-11-17,333.429443359375
2020-11-18,329.416748046875
2020-11-19,330.8035888671875
2020-11-20,328.53826904296875
2020-11-23,330.50775146484375
2020-11-24,335.8334655761719
2020-11-25,335.3156433105469
2020-11-27,336.24951171875
2020-11-30,334.7608947753906
2020-12-01,338.4222412109375
2020-12-02,339.13427734375
2020-12-03,339.041748046875
2020-12-04,341.9635314941406
2020-12-07,341.26080322265625
2020-12-08,342.2593688964844
2020-12-09,339.18975830078125
2020-12-10,339.0787658691406
2020-12-11,338.68115234375
2020-12-14,337.1648254394531
2020-12-15,341.7231750488281
2020-12-16,342.2593688964844
2020-12-17,344.17327880859375
2020-12-18,342.799072265625
2020-12-21,341.57342529296875
2020-12-22,340.9976501464844
2020-12-23,341.3040771484375
2020-12-24,342.6319274902344
2020-12-28,345.5754089355469
2020-12-29,344.9161071777344
2020-12-30,345.4082336425781
2020-12-31,347.1631774902344
2021-01-04,342.4369812011719
2021-01-05,344.7954406738281
2021-01-06,346.85675048828125
2021-01-07,352.01019287109375
2021-01-08,354.0158386230469
2021-01-11,351.6294860839844
2021-01-12,351.7038269042969
2021-01-13,352.6509704589844
2021-01-14,351.4159240722656
2021-01-15,348.8531799316406
2021-01-19,351.5923767089844
2021-01-20,356.45794677734375
2021-01-21,356.7828674316406
2021-01-22,355.5200500488281
2021-01-25,356.9222412109375
2021-01-26,356.3651123046875
2021-01-27,347.65533447265625
2021-01-28,350.64520263671875
2021-01-29,343.62542724609375
2021-02-01,349.3453369140625
2021-02-02,354.2851257324219
2021-02-03,354.5636901855469
2021-02-04,358.5935363769531
2021-02-05,360.0050048828125
2021-02-08,362.6048889160156
2021-02-09,362.36346435546875
2021-02-10,362.20556640625
2021-02-11,362.79058837890625
2021-02-12,364.58258056640625
2021-02-16,364.2669982910156
2021-02-17,364.3504943847656
2021-02-18,362.7998962402344
2021-02-19,362.1591491699219
2021-02-22,359.37347412109375
2021-02-23,359.8099670410156
2021-02-24,363.7748107910156
2021-02-25,355.0093688964844
2021-02-26,353.18011474609375
2021-03-01,361.7413330078125
2021-03-02,358.9185791015625
2021-03-03,354.1644287109375
2021-03-04,349.7816467285156
2021-03-05,356.2165222167969
2021-03-08,354.4430236816406
2021-03-09,359.5035095214844
2021-03-10,361.7413330078125
2021-03-11,365.4090270996094
2021-03-12,365.901123046875
2021-03-15,368.083251953125
2021-03-16,367.61895751953125
2021-03-17,368.87249755859375
2021-03-18,363.50555419921875
2021-03-19,362.8328552246094
2021-03-22,365.7301025390625
2021-03-23,362.8515625
2021-03-24,361.00701904296875
2021-03-25,363.0378723144531
2021-03-26,368.88824462890625
2021-03-29,368.701904296875
2021-03-30,367.7237243652344
2021-03-31,369.21429443359375
2021-04-01,373.2014465332031
2021-04-05,378.55810546875
2021-04-06,378.3344421386719
2021-04-07,378.7723693847656
2021-04-08,380.5703125
2021-04-09,383.3370361328125
2021-04-12,383.4767761230469
2021-04-13,384.6133117675781
2021-04-14,383.2998046875
2021-04-15,387.41748046875
2021-04-16,388.7123107910156
2021-04-19,386.8026123046875
2021-04-20,383.9705505371094
2021-04-21,387.6037292480469
2021-04-22,384.06365966796875
2021-04-23,388.2278747558594
2021-04-26,389.03839111328125
2021-04-27,388.9545593261719
2021-04-28,388.84271240234375
2021-04-29,391.3207702636719
2021-04-30,388.7495422363281
2021-05-03,389.5879821777344
2021-05-04,387.18450927734375
2021-05-05,387.3056335449219
2021-05-06,390.3985595703125
2021-05-07,393.2397766113281
2021-05-10,389.3458557128906
2021-05-11,385.8708801269531
2021-05-12,377.673095703125
2021-05-13,382.2098693847656
2021-05-14,388.07879638671875
2021-05-17,387.0913391113281
2021-05-18,383.7562561035156
2021-05-19,382.75018310546875
2021-05-20,386.86773681640625
2021-05-21,386.5510559082031
2021-05-24,390.4916687011719
2021-05-25,389.62530517578125
2021-05-26,390.3985595703125
2021-05-27,390.6034240722656
2021-05-28,391.30206298828125
2021-06-01,390.9574279785156
2021-06-02,391.5723571777344
2021-06-03,390.11895751953125
2021-06-04,393.6869812011719
2021-06-07,393.3049621582031
2021-06-08,393.3888244628906
2021-06-09,392.80194091796875
2021-06-10,394.6278381347656
2021-06-11,395.27996826171875
2021-06-14,396.1650390625
2021-06-15,395.4383239746094
2021-06-16,393.2304992675781
2021-06-17,393.10009765625
2021-06-18,387.7969970703125
2021-06-21,393.3486633300781
2021-06-22,395.4516296386719
2021-06-23,394.9749450683594
2021-06-24,397.3115234375
2021-06-25,398.72283935546875
2021-06-28,399.5266418457031
2021-06-29,399.7415771484375
2021-06-30,400.07806396484375
2021-07-01,402.2930603027344
2021-07-02,405.3680725097656
2021-07-06,404.62969970703125
2021-07-07,406.05975341796875
2021-07-08,402.7510986328125
2021-07-09,407.0504150390625
2021-07-12,408.5083923339844
2021-07-13,407.1158752441406
2021-07-14,407.7234191894531
2021-07-15,406.3306579589844
2021-07-16,403.1435852050781
2021-07-19,397.19000244140625
2021-07-20,402.8818359375
2021-07-21,406.14373779296875
2021-07-22,406.99432373046875
2021-07-23,411.1814270019531
2021-07-26,412.1908264160156
2021-07-27,410.3122863769531
2021-07-28,410.1440124511719
2021-07-29,411.8450012207031
2021-07-30,409.8450012207031
2021-08-02,408.9851379394531
2021-08-03,412.3123779296875
2021-08-04,410.2841491699219
2021-08-05,412.8824462890625
2021-08-06,413.5647888183594
2021-08-09,413.22821044921875
2021-08-10,413.74237060546875
2021-08-11,414.7704162597656
2021-08-12,416.0135192871094
2021-08-13,416.7705993652344
2021-08-16,417.75189208984375
2021-08-17,415.013427734375
2021-08-18,410.47113037109375
2021-08-19,411.106689453125
2021-08-20,414.3778991699219
2021-08-23,418.0229797363281
2021-08-24,418.6865234375
2021-08-25,419.5650634765625
2021-08-26,417.08831787109375
2021-08-27,420.8175048828125
2021-08-30,422.6681213378906
2021-08-31,422.0418395996094
2021-09-01,422.2661437988281
2021-09-02,423.5653381347656
2021-09-03,423.4624938964844
2021-09-07,421.9483947753906
2021-09-08,421.4343566894531
2021-09-09,419.6305236816406
2021-09-10,416.3218994140625
2021-09-13,417.3873596191406
2021-09-14,415.13494873046875
2021-09-15,418.60247802734375
2021-09-16,417.93890380859375
2021-09-17,413.86767578125
2021-09-20,406.96673583984375
2021-09-21,406.58233642578125
2021-09-22,410.5484924316406
2021-09-23,415.5367126464844
2021-09-24,416.2210693359375
2021-09-27,415.0303649902344
2021-09-28,406.6667175292969
2021-09-29,407.3511657714844
2021-09-30,402.3724365234375
2021-10-01,407.1542663574219
2021-10-04,401.9035949707031
2021-10-05,406.0853576660156
2021-10-06,407.7731628417969
2021-10-07,411.2985534667969
2021-10-08,410.5484924316406
2021-10-11,407.5762023925781
2021-10-12,406.5729675292969
2021-10-13,408.03564453125
2021-10-14,414.89910888671875
2021-10-15,418.0588684082031
2021-10-18,419.29656982421875
2021-10-19,422.5313415527344
2021-10-20,424.1909484863281
2021-10-21,425.2973327636719
2021-10-22,424.8566589355469
2021-10-25,427.13507080078125
2021-10-26,427.5195007324219
2021-10-27,425.6255187988281
2021-10-28,429.7322692871094
2021-10-29,430.60430908203125
2021-11-01,431.3450622558594
2021-11-02,433.08892822265625
2021-11-03,435.7330627441406
2021-11-04,437.78643798828125
2021-11-05,439.305419921875
2021-11-08,439.68048095703125
2021-11-09,438.2271728515625
2021-11-10,434.70172119140625
2021-11-11,434.84228515625
2021-11-12,438.1240539550781
2021-11-15,438.2740173339844
2021-11-16,440.0086975097656
2021-11-17,438.9397888183594
2021-11-18,440.4305725097656
2021-11-19,439.6429748535156
2021-11-22,438.40533447265625
2021-11-23,438.986572265625
2021-11-24,440.15869140625
2021-11-26,430.3417663574219
2021-11-29,435.6206359863281
2021-11-30,427.14447021484375
2021-12-01,422.4000549316406
2021-12-02,428.86968994140625
2021-12-03,425.137939453125
2021-12-06,430.1729431152344
2021-12-07,439.0710754394531
2021-12-08,440.2336730957031
2021-12-09,437.26141357421875
2021-12-10,441.3775939941406
2021-12-13,437.4676513671875
2021-12-14,434.4579162597656
2021-12-15,441.246337890625
2021-12-16,437.3551025390625
2021-12-17,432.7004089355469
2021-12-20,428.09942626953125
2021-12-21,435.7020568847656
2021-12-22,440.0584716796875
2021-12-23,442.7965393066406
2021-12-27,449.0630187988281
2021-12-28,448.6960144042969
2021-12-29,449.27008056640625
2021-12-30,448.02801513671875
2021-12-31,446.8989562988281
2022-01-03,449.4864501953125
2022-01-04,449.33587646484375
2022-01-05,440.70770263671875
2022-01-06,440.2936706542969
2022-01-07,438.552978515625
2022-01-10,438.0072937011719
2022-01-11,441.9967041015625
2022-01-12,443.19171142578125
2022-01-13,437.08514404296875
2022-01-14,437.263916015625
2022-01-18,429.52008056640625
2022-01-19,425.0601806640625
2022-01-20,420.3556213378906
2022-01-21,412.1038513183594
2022-01-24,413.8539123535156
2022-01-25,408.8011779785156
2022-01-26,407.77545166015625
2022-01-27,405.761962890625
2022-01-28,415.8392028808594
2022-01-31,423.3290100097656
2022-02-01,426.1893310546875
2022-02-02,430.3293762207031
2022-02-03,420.2144775390625
2022-02-04,422.19036865234375
2022-02-07,420.8354797363281
2022-02-08,424.2980041503906
2022-02-09,430.5081787109375
2022-02-10,422.77374267578125
2022-02-11,414.4371643066406
2022-02-14,413.08233642578125
2022-02-15,419.7440490722656
2022-02-16,420.2144775390625
2022-02-17,411.2380676269531
2022-02-18,408.5753173828125
2022-02-22,404.190673828125
2022-02-23,397.0208435058594
2022-02-24,402.9957275390625
2022-02-25,411.8873291015625
2022-02-28,410.83343505859375
2022-03-01,404.5763854980469
2022-03-02,412.01910400390625
2022-03-03,409.9678039550781
2022-03-04,406.6369934082031
2022-03-07,394.649658203125
2022-03-08,391.65753173828125
2022-03-09,402.1582336425781
2022-03-10,400.3422546386719
2022-03-11,395.2519226074219
2022-03-14,392.3631896972656
2022-03-15,400.99151611328125
2022-03-16,409.88311767578125
2022-03-17,415.0110778808594
2022-03-18,419.55670166015625
2022-03-21,419.4340515136719
2022-03-22,424.34197998046875
2022-03-23,418.87713623046875
2022-03-24,425.1914367675781
2022-03-25,427.2679138183594
2022-03-28,430.30712890625
2022-03-29,435.6302795410156
2022-03-30,432.9403991699219
2022-03-31,426.2768859863281
2022-04-01,427.4850158691406
2022-04-04,431.1471252441406
2022-04-05,425.7010803222656
2022-04-06,421.44439697265625
2022-04-07,423.5680236816406
2022-04-08,422.4353942871094
2022-04-11,415.21502685546875
2022-04-12,413.6766357421875
2022-04-13,418.4146728515625
2022-04-14,413.20465087890625
2022-04-18,413.3745422363281
2022-04-19,420.0475769042969
2022-04-20,419.7361145019531
2022-04-21,413.4595031738281
2022-04-22,402.1144714355469
2022-04-25,404.44580078125
2022-04-26,392.73272705078125
2022-04-27,393.83697509765625
2022-04-28,403.78509521484375
2022-04-29,388.8629455566406
2022-05-02,391.2037048339844
2022-05-03,392.99700927734375
2022-05-04,404.96484375
2022-05-05,390.5713195800781
2022-05-06,388.24005126953125
2022-05-09,375.8096618652344
2022-05-10,376.6780090332031
2022-05-11,370.6940612792969
2022-05-12,370.3070373535156
2022-05-13,379.1602478027344
2022-05-16,377.621826171875
2022-05-17,385.3896789550781
2022-05-18,369.85400390625
2022-05-19,367.5887451171875
2022-05-20,367.74920654296875
2022-05-23,374.6298522949219
2022-05-24,371.7700500488281
2022-05-25,375.0545654296875
2022-05-26,382.5486145019531
2022-05-27,391.93988037109375
2022-05-31,389.74078369140625
2022-06-01,386.58831787109375
2022-06-02,393.9503173828125
2022-06-03,387.4849548339844
2022-06-06,388.664794921875
2022-06-07,392.39288330078125
2022-06-08,388.12677001953125
2022-06-09,378.8960266113281
2022-06-10,367.9096374511719
2022-06-13,353.94085693359375
2022-06-14,352.8742370605469
2022-06-15,357.90496826171875
2022-06-16,346.05975341796875
2022-06-17,346.80572509765625
2022-06-21,355.5361328125
2022-06-22,354.8914794921875
2022-06-23,358.37030029296875
2022-06-24,369.76434326171875
2022-06-27,368.3518981933594
2022-06-28,360.825439453125
2022-06-29,360.5315856933594
2022-06-30,357.6025390625
2022-07-01,361.3847351074219
2022-07-05,362.06732177734375
2022-07-06,363.2900695800781
2022-07-07,368.7311096191406
2022-07-08,368.4278259277344
2022-07-11,364.218994140625
2022-07-12,360.9961242675781
2022-07-13,359.1002502441406
2022-07-14,358.22821044921875
2022-07-15,365.0721435546875
2022-07-18,362.0578308105469
2022-07-19,371.84027099609375
2022-07-20,374.2101135253906
2022-07-21,378.020751953125
2022-07-22,374.5135192871094
2022-07-25,374.9684143066406
2022-07-26,370.5321960449219
2022-07-27,380.15350341796875
2022-07-28,384.9216003417969
2022-07-29,390.53326416015625
2022-08-01,389.3767395019531
2022-08-02,386.8079528808594
2022-08-03,392.8651428222656
2022-08-04,392.5997619628906
2022-08-05,391.9361877441406
2022-08-08,391.4811706542969
2022-08-09,389.9266357421875
2022-08-10,398.1166076660156
2022-08-11,398.1166076660156
2022-08-12,404.8563537597656
2022-08-15,406.524658203125
2022-08-16,407.3208923339844
2022-08-17,404.4298095703125
2022-08-18,405.6051940917969
2022-08-19,400.1546630859375
2022-08-22,391.82244873046875
2022-08-23,390.8745422363281
2022-08-24,392.1258544921875
2022-08-25,397.6616516113281
2022-08-26,384.20111083984375
2022-08-29,381.6607360839844
2022-08-30,377.470947265625
2022-08-31,374.5987243652344
2022-09-01,375.77423095703125
2022-09-02,371.8118591308594
2022-09-06,370.40899658203125
2022-09-07,377.0633850097656
2022-09-08,379.5279235839844
2022-09-09,385.42401123046875
2022-09-12,389.5664367675781
2022-09-13,372.6270446777344
2022-09-14,374.0489807128906
2022-09-15,369.8022766113281
2022-09-16,366.98101806640625
2022-09-19,369.82696533203125
2022-09-20,365.5819091796875
2022-09-21,359.2047119140625
2022-09-22,356.1875305175781
2022-09-23,350.21966552734375
2022-09-26,346.7550354003906
2022-09-27,345.86993408203125
2022-09-28,352.67535400390625
2022-09-29,345.3083190917969
2022-09-30,339.9686279296875
2022-10-03,348.9442443847656
2022-10-04,359.7568054199219
2022-10-05,358.91925048828125
2022-10-06,355.2166442871094
2022-10-07,345.3083190917969
2022-10-10,342.6717529296875
2022-10-11,340.50164794921875
2022-10-12,339.3785400390625
2022-10-13,348.33502197265625
2022-10-14,340.3969421386719
2022-10-17,349.1440734863281
2022-10-18,353.2464599609375
2022-10-19,350.74310302734375
2022-10-20,347.80206298828125
2022-10-21,356.254150390625
2022-10-24,360.61346435546875
2022-10-25,366.3719482421875
2022-10-26,363.6116638183594
2022-10-27,361.66998291015625
2022-10-28,370.2743835449219
2022-10-31,367.5997619628906
2022-11-01,365.9911804199219
2022-11-02,356.8061828613281
2022-11-03,353.1322021484375
2022-11-04,358.21490478515625
2022-11-07,361.6414489746094
2022-11-08,363.5926513671875
2022-11-09,356.10186767578125
2022-11-10,375.6711120605469
2022-11-11,379.3070068359375
2022-11-14,376.08038330078125
2022-11-15,379.2880554199219
2022-11-16,376.39453125
2022-11-17,375.2428894042969
2022-11-18,376.9465637207031
2022-11-21,375.57598876953125
2022-11-22,380.630126953125
2022-11-23,383.0287170410156
2022-11-25,382.9429626464844
2022-11-28,376.8323669433594
2022-11-29,376.18511962890625
2022-11-30,388.0352478027344
2022-12-01,387.7496643066406
2022-12-02,387.30230712890625
2022-12-05,380.3349914550781
2022-12-06,374.8525085449219
2022-12-07,374.21484375
2022-12-08,377.146484375
2022-12-09,374.32904052734375
2022-12-12,379.72589111328125
2022-12-13,382.6003723144531
2022-12-14,380.1541748046875
2022-12-15,370.8549499511719
2022-12-16,366.4765625
2022-12-19,363.3690185546875
2022-12-20,363.8662109375
2022-12-21,369.3069152832031
2022-12-22,364.038330078125
2022-12-23,366.13238525390625
2022-12-27,364.6885681152344
2022-12-28,360.1562194824219
2022-12-29,366.63916015625
2022-12-30,365.6734313964844
2023-01-03,364.134033203125
2023-01-04,366.9450988769531
2023-01-05,362.757080078125
2023-01-06,371.0758056640625
2023-01-09,370.865478515625
2023-01-10,373.46630859375
2023-01-11,378.1898498535156
2023-01-12,379.5667724609375
2023-01-13,381.039306640625
2023-01-17,380.34124755859375
2023-01-18,374.33642578125
2023-01-19,371.6113586425781
2023-01-20,378.5340270996094
2023-01-23,383.07598876953125
2023-01-24,382.6648254394531
2023-01-25,382.8081970214844
2023-01-26,387.01544189453125
2023-01-27,387.9046630859375
2023-01-30,383.0377502441406
2023-01-31,388.66961669921875
2023-02-01,392.80029296875
2023-02-02,398.5183410644531
2023-02-03,394.282470703125
2023-02-06,391.8728332519531
2023-02-07,396.9980163574219
2023-02-08,392.65692138671875
2023-02-09,389.2529296875
2023-02-10,390.1613464355469
2023-02-13,394.7414245605469
2023-02-14,394.5596618652344
2023-02-15,395.84100341796875
2023-02-16,390.3907165527344
2023-02-17,389.41546630859375
2023-02-21,381.60345458984375
2023-02-22,381.0775146484375
2023-02-23,383.10467529296875
2023-02-24,379.01214599609375
2023-02-27,380.3031005859375
2023-02-28,378.8974304199219
2023-03-01,377.4440002441406
2023-03-02,380.37957763671875
2023-03-03,386.47998046875
2023-03-06,386.7477111816406
2023-03-07,380.8193664550781
2023-03-08,381.4408874511719
2023-03-09,374.40338134765625
2023-03-10,369.00091552734375
2023-03-13,368.4750671386719
2023-03-14,374.5660095214844
2023-03-15,372.2232360839844
2023-03-16,378.7539978027344
2023-03-17,374.3253173828125
2023-03-20,377.9247131347656
2023-03-21,382.88702392578125
2023-03-22,376.36016845703125
2023-03-23,377.37762451171875
2023-03-24,379.85406494140625
2023-03-27,380.56427001953125
2023-03-28,379.71002197265625
2023-03-29,385.22906494140625
2023-03-30,387.484619140625
2023-03-31,392.94610595703125
2023-04-03,394.4435119628906
2023-04-04,392.2550354003906
2023-04-05,391.2280578613281
2023-04-06,392.754150390625
2023-04-10,393.1571960449219
2023-04-11,393.2628479003906
2023-04-12,391.6599426269531
2023-04-13,396.8622741699219
2023-04-14,395.8927307128906
2023-04-17,397.3133850097656
2023-04-18,397.57244873046875
2023-04-19,397.50531005859375
2023-04-20,395.33612060546875
2023-04-21,395.643310546875
2023-04-24,396.0559997558594
2023-04-25,389.76910400390625
2023-04-26,388.1181335449219
2023-04-27,395.8448486328125
2023-04-28,399.223388671875
2023-05-01,398.8202819824219
2023-05-02,394.337890625
2023-05-03,391.63116455078125
2023-05-04,388.85723876953125
2023-05-05,396.0559997558594
2023-05-08,396.16156005859375
2023-05-09,394.42425537109375
2023-05-10,396.26715087890625
2023-05-11,395.5760803222656
2023-05-12,395.0577087402344
2023-05-15,396.42071533203125
2023-05-16,393.77154541015625
2023-05-17,398.5516052246094
2023-05-18,402.3908386230469
2023-05-19,401.805419921875
2023-05-22,401.9685363769531
2023-05-23,397.4573059082031
2023-05-24,394.5778503417969
2023-05-25,397.99481201171875
2023-05-26,403.1491394042969
2023-05-30,403.30267333984375
2023-05-31,401.06634521484375
2023-06-01,404.8768615722656
2023-06-02,410.7318420410156
2023-06-05,409.94476318359375
2023-06-06,410.8374328613281
2023-06-07,409.4168701171875
2023-06-08,411.8932800292969
2023-06-09,412.6322937011719
2023-06-12,416.3757019042969
2023-06-13,419.12078857421875
2023-06-14,419.61993408203125
2023-06-15,424.8221740722656
2023-06-16,423.37518310546875
2023-06-20,421.1786193847656
2023-06-21,419.0205993652344
2023-06-22,420.53314208984375
2023-06-23,417.3538818359375
2023-06-26,415.6487121582031
2023-06-27,420.20556640625
2023-06-28,420.41741943359375
2023-06-29,422.0746154785156
2023-06-30,427.0553283691406
2023-07-03,427.5466613769531
2023-07-05,426.9107666015625
2023-07-06,423.5678405761719
2023-07-07,422.49847412109375
2023-07-10,423.5678405761719
2023-07-11,426.2652587890625
2023-07-12,429.695068359375
2023-07-13,433.10552978515625
2023-07-14,432.835693359375
2023-07-17,434.338623046875
2023-07-18,437.5660400390625
2023-07-19,438.5390319824219
2023-07-20,435.6295471191406
2023-07-21,435.6295471191406
2023-07-24,437.5756530761719
2023-07-25,438.770263671875
2023-07-26,438.8377380371094
2023-07-27,435.9281921386719
2023-07-28,440.1960754394531
2023-07-31,441.0342712402344
2023-08-01,439.772216796875
2023-08-02,433.6546630859375
2023-08-03,432.4118957519531
2023-08-04,430.4560852050781
2023-08-07,434.21337890625
2023-08-08,432.32513427734375
2023-08-09,429.4349060058594
2023-08-10,429.5890808105469
2023-08-11,429.33856201171875
2023-08-14,431.70855712890625
2023-08-15,426.6795654296875
2023-08-16,423.5486145019531
2023-08-17,420.3211669921875
2023-08-18,420.52349853515625
2023-08-21,423.259521484375
2023-08-22,422.1131286621094
2023-08-23,426.8144226074219
2023-08-24,420.89923095703125
2023-08-25,423.86639404296875
2023-08-28,426.5544128417969
2023-08-29,432.72015380859375
2023-08-30,434.50238037109375
2023-08-31,433.8665771484375
2023-09-01,434.6758117675781
2023-09-05,432.7972106933594
2023-09-06,429.8877258300781
2023-09-07,428.56787109375
2023-09-08,429.2132873535156
2023-09-11,432.0361022949219
2023-09-12,429.6661071777344
2023-09-13,430.1671447753906
2023-09-14,433.87615966796875
2023-09-15,428.64874267578125
2023-09-18,428.90008544921875
2023-09-19,428.0106506347656
2023-09-20,424.0758056640625
2023-09-21,417.0664978027344
2023-09-22,416.1286926269531
2023-09-25,417.87860107421875
2023-09-26,411.7394104003906
2023-09-27,411.90374755859375
2023-09-28,414.29180908203125
2023-09-29,413.28631591796875
2023-10-02,413.1219787597656
2023-10-03,407.5918884277344
2023-10-04,410.5599365234375
2023-10-05,410.4052429199219
2023-10-06,415.2778625488281
2023-10-09,417.9366149902344
2023-10-10,420.1119384765625
2023-10-11,421.8327941894531
2023-10-12,419.2610778808594
2023-10-13,417.1728210449219
2023-10-16,421.56207275390625
2023-10-17,421.54278564453125
2023-10-18,415.9256286621094
2023-10-19,412.2711486816406
2023-10-20,407.2051696777344
2023-10-23,406.4993896484375
2023-10-24,409.5641174316406
2023-10-25,403.6860046386719
2023-10-26,398.8520202636719
2023-10-27,397.0440673828125
2023-10-30,401.79107666015625
2023-10-31,404.314453125
2023-11-01,408.6263732910156
2023-11-02,416.4574279785156
2023-11-03,420.2569274902344
2023-11-06,421.22369384765625
2023-11-07,422.4225158691406
2023-11-08,422.7319030761719
2023-11-09,419.4351501464844
2023-11-10,425.9803466796875
2023-11-13,425.57427978515625
2023-11-14,433.8307189941406
2023-11-15,434.7491760253906
2023-11-16,435.28094482421875
2023-11-17,435.82232666015625
2023-11-20,439.17718505859375
2023-11-21,438.219970703125
2023-11-22,439.911865234375
2023-11-24,440.1826171875
2023-11-27,439.3898620605469
2023-11-28,439.82489013671875
2023-11-29,439.5155029296875
2023-11-30,441.2460632324219
2023-12-01,443.8564453125
2023-12-04,441.5264587402344
2023-12-05,441.439453125
2023-12-06,439.6605529785156
2023-12-07,443.0152893066406
2023-12-08,444.9199523925781
2023-12-11,446.6504211425781
2023-12-12,448.6904602050781
2023-12-13,454.8779602050781
2023-12-14,456.3377990722656
2023-12-15,455.5863952636719
2023-12-18,458.1491394042969
2023-12-19,460.93505859375
2023-12-20,454.54779052734375
2023-12-21,458.8577575683594
2023-12-22,459.7799072265625
2023-12-26,461.72137451171875
2023-12-27,462.5561828613281
2023-12-28,462.73089599609375
2023-12-29,461.39129638671875
2024-01-02,458.8091735839844
2024-01-03,455.0622863769531
2024-01-04,453.5964050292969
2024-01-05,454.2177429199219
2024-01-08,460.7021179199219
2024-01-09,460.003173828125
2024-01-10,462.6047058105469
2024-01-11,462.40081787109375
2024-01-12,462.72119140625
2024-01-16,461.0224609375
2024-01-17,458.4597473144531
2024-01-18,462.5367736816406
2024-01-19,468.30279541015625
2024-01-22,469.29296875
2024-01-23,470.6616516113281
2024-01-24,471.1761474609375
2024-01-25,473.73883056640625
2024-01-26,473.1369934082031
2024-01-29,476.8839111328125
2024-01-30,476.51507568359375
2024-01-31,468.7395935058594
2024-02-01,474.87457275390625
2024-02-02,479.8737487792969
2024-02-05,478.12646484375
2024-02-06,479.5146179199219
2024-02-07,483.513916015625
2024-02-08,483.7275085449219
2024-02-09,486.5231628417969
2024-02-12,486.3096008300781
2024-02-13,479.61163330078125
2024-02-14,483.97021484375
2024-02-15,487.3094482421875
2024-02-16,484.8826904296875
2024-02-20,482.21319580078125
2024-02-21,482.6500244140625
2024-02-22,492.638671875
2024-02-23,492.9784240722656
2024-02-26,491.1728820800781
2024-02-27,492.0853576660156
2024-02-28,491.43499755859375
2024-02-29,493.20166015625
2024-03-01,497.8320007324219
2024-03-04,497.2981262207031
2024-03-05,492.3280944824219
2024-03-06,494.82281494140625
2024-03-07,499.73468017578125
2024-03-08,496.7351379394531
2024-03-11,496.3080139160156
2024-03-12,501.64697265625
2024-03-13,500.86053466796875
2024-03-14,499.8704833984375
2024-03-15,496.4381408691406
2024-03-18,499.3885498046875
2024-03-19,502.16363525390625
2024-03-20,506.8083190917969
2024-03-21,508.4832763671875
2024-03-22,507.5192565917969
2024-03-25,506.1169738769531
2024-03-26,505.18231201171875
2024-03-27,509.4277648925781
2024-03-28,509.33038330078125
2024-04-01,508.4443054199219
2024-04-02,505.2115478515625
2024-04-03,505.76654052734375
2024-04-04,499.59307861328125
2024-04-05,504.812255859375
2024-04-08,505.0946044921875
2024-04-09,505.67889404296875
2024-04-10,500.61541748046875
2024-04-11,504.3935241699219
2024-04-12,497.4313659667969
2024-04-15,491.1994323730469
2024-04-16,490.3035583496094
2024-04-17,487.40185546875
2024-04-18,486.3989562988281
2024-04-19,482.15350341796875
2024-04-22,486.5936584472656
2024-04-23,492.3679504394531
2024-04-24,492.13421630859375
2024-04-25,490.26470947265625
2024-04-26,494.909423828125
2024-04-29,496.6620788574219
2024-04-30,488.79437255859375
2024-05-01,487.2071533203125
2024-05-02,491.7642517089844
2024-05-03,497.8597717285156
2024-05-06,503.0010681152344
2024-05-07,503.5561218261719
2024-05-08,503.6047668457031
2024-05-09,506.5065612792969
2024-05-10,507.1589050292969
2024-05-13,507.22705078125
2024-05-14,509.5542907714844
2024-05-15,515.8640747070312
2024-05-16,514.802734375
2024-05-17,515.542724609375
2024-05-20,516.13671875
2024-05-21,517.402587890625
2024-05-22,515.9127807617188
2024-05-23,512.14453125
2024-05-24,515.5330810546875
2024-05-28,515.893310546875
2024-05-29,512.2806396484375
2024-05-30,508.8824462890625
2024-05-31,513.5172119140625
2024-06-03,513.9360961914062
2024-06-04,514.510498046875
2024-06-05,520.6255493164062
2024-06-06,520.615966796875
2024-06-07,519.9830932617188
2024-06-10,521.589599609375
2024-06-11,522.845703125
2024-06-12,527.139892578125
2024-06-13,528.2013549804688
2024-06-14,528.5227661132812
2024-06-17,532.7291870117188
2024-06-18,534.0826416015625
2024-06-20,532.6317749023438
2024-06-21,531.917724609375
2024-06-24,530.1886596679688
2024-06-25,532.230224609375
2024-06-26,532.8946533203125
2024-06-27,533.7346801757812
2024-06-28,531.6343383789062
2024-07-01,532.7285766601562
2024-07-02,536.3136596679688
2024-07-03,538.7069702148438
2024-07-05,541.8133544921875
2024-07-08,542.4386596679688
2024-07-09,542.9662475585938
2024-07-10,548.3389892578125
2024-07-11,543.6109008789062
2024-07-12,547.0397338867188
2024-07-15,548.5440673828125
2024-07-16,551.7969970703125
2024-07-17,544.0601806640625
2024-07-18,539.8792114257812
2024-07-19,536.2940673828125
2024-07-22,541.8232421875
2024-07-23,540.9733276367188
2024-07-24,528.7135009765625
2024-07-25,525.9586791992188
2024-07-26,531.849365234375
2024-07-29,532.1619262695312
2024-07-30,529.4656372070312
2024-07-31,538.072021484375
2024-08-01,530.452392578125
2024-08-02,520.5762329101562
2024-08-05,505.41510009765625
2024-08-06,510.07476806640625
2024-08-07,506.66552734375
2024-08-08,518.3781127929688
2024-08-09,520.6641235351562
2024-08-12,520.9376220703125
2024-08-13,529.5047607421875
2024-08-14,531.17529296875
2024-08-15,540.2797241210938
2024-08-16,541.4910888671875
2024-08-19,546.66845703125
2024-08-20,545.779541015625
2024-08-21,547.6552124023438
2024-08-22,543.3568725585938
2024-08-23,549.1302490234375
2024-08-26,547.8211059570312
2024-08-27,548.5733642578125
2024-08-28,545.3887939453125
2024-08-29,545.4375610351562
2024-08-30,550.6443481445312
2024-09-03,539.3125610351562
2024-09-04,538.208740234375
2024-09-05,536.8997192382812
2024-09-06,527.8637084960938
2024-09-09,533.773681640625
2024-09-10,536.0986938476562
2024-09-11,541.5985717773438
2024-09-12,546.1605224609375
2024-09-13,549.012939453125
2024-09-16,549.8238525390625
2024-09-17,550.0484619140625
2024-09-18,548.4171752929688
2024-09-19,557.7755737304688
2024-09-20,556.8113403320312
2024-09-23,558.2028198242188
2024-09-24,559.7998657226562
2024-09-25,558.5653076171875
2024-09-26,560.77978515625
2024-09-27,559.9664916992188
2024-09-30,562.2103881835938
2024-10-01,557.1738891601562
2024-10-02,557.4091186523438
2024-10-03,556.389892578125
2024-10-04,561.4461059570312
2024-10-07,556.3703002929688
2024-10-08,561.63232421875
2024-10-09,565.5223999023438
2024-10-10,564.5327758789062
2024-10-11,567.9132080078125
2024-10-14,572.5578002929688
2024-10-15,568.1092529296875
2024-10-16,570.5784912109375
2024-10-17,570.6275024414062
2024-10-18,572.8223876953125
2024-10-21,571.8817749023438
2024-10-22,571.5780029296875
2024-10-23,566.3551635742188
2024-10-24,567.5801391601562
2024-10-25,567.3840942382812
2024-10-28,569.13818359375
2024-10-29,570.0592041015625
2024-10-30,568.3345947265625
2024-10-31,557.1934814453125
2024-11-01,559.5452270507812
2024-11-04,558.3399658203125
2024-11-05,565.09130859375
2024-11-06,579.142578125
2024-11-07,583.62060546875
2024-11-08,586.148681640625
2024-11-11,586.7072143554688
2024-11-12,584.8846435546875
2024-11-13,585.1688232421875
2024-11-14,581.4060668945312
2024-11-15,573.9591064453125
2024-11-18,576.3108520507812
2024-11-19,578.41748046875
2024-11-20,578.6134643554688
2024-11-21,581.7196655273438
2024-11-22,583.5225830078125
2024-11-25,585.501953125
2024-11-26,588.5591430664062
2024-11-27,586.77587890625
2024-11-29,590.4208374023438
2024-12-02,591.4791259765625
2024-12-03,591.7536010742188
2024-12-04,595.4280395507812
2024-12-05,594.4481201171875
2024-12-06,595.5750732421875
2024-12-09,592.5079956054688
2024-12-10,590.665771484375
2024-12-11,595.2321166992188
2024-12-12,592.1650390625
2024-12-13,592.0474853515625
2024-12-16,594.5755615234375
2024-12-17,592.1258544921875
2024-12-18,574.4783935546875
2024-12-19,574.302001953125
2024-12-20,581.1998901367188
2024-12-23,584.6802978515625
2024-12-24,591.1790771484375
2024-12-26,591.2184448242188
2024-12-27,584.9950561523438
2024-12-30,578.3192749023438
2024-12-31,576.2152709960938
2025-01-02,574.799560546875
2025-01-03,581.9864501953125
2025-01-06,585.339111328125
2025-01-07,578.7222900390625
2025-01-08,579.56787109375
2025-01-10,570.7192993164062
2025-01-13,571.6043090820312
2025-01-14,572.3907470703125
2025-01-15,582.802490234375
2025-01-16,581.6817016601562
2025-01-17,587.5217895507812
2025-01-21,592.8995971679688
2025-01-22,596.2325439453125
2025-01-23,599.48681640625
2025-01-24,597.73681640625
2025-01-27,589.2816162109375
2025-01-28,594.3449096679688
2025-01-29,591.680419921875
2025-01-30,594.8560791015625
2025-01-31,591.6903686523438
2025-02-03,587.7085571289062
2025-02-04,591.6510620117188
2025-02-05,594.0498657226562
2025-02-06,596.1145629882812
2025-02-07,590.6580810546875
2025-02-10,594.6693115234375
2025-02-11,595.1216430664062
2025-02-12,593.2044677734375
2025-02-13,599.4671630859375
2025-02-14,599.4376220703125
2025-02-18,601.1976318359375
2025-02-19,602.6133422851562
2025-02-20,600.1063232421875
2025-02-21,589.8419799804688
2025-02-24,587.1578979492188
2025-02-25,584.2378540039062
2025-02-26,584.532958984375
2025-02-27,575.2025756835938
2025-02-28,584.178955078125
2025-03-03,573.9441528320312
2025-03-04,567.1505126953125
2025-03-05,573.24609375
2025-03-06,563.0703125
2025-03-07,566.2262573242188
2025-03-10,551.1444702148438
2025-03-11,546.5628662109375
2025-03-12,549.4632568359375
2025-03-13,542.138671875
2025-03-14,553.3369140625
2025-03-17,557.6038818359375
2025-03-18,551.5770874023438
2025-03-19,557.5841674804688
2025-03-20,555.9718627929688
2025-03-21,556.1552734375
2025-03-24,566.1151733398438
2025-03-25,567.47607421875
2025-03-26,560.7013549804688
2025-03-27,559.2123413085938
2025-03-28,547.9505615234375
2025-03-31,551.6289672851562
2025-04-01,553.18701171875
2025-04-02,556.687744140625
2025-04-03,529.2537841796875
2025-04-04,498.2696838378906
2025-04-07,497.3821716308594
2025-04-08,489.5917663574219
2025-04-09,541.0084228515625
2025-04-10,517.3019409179688
2025-04-11,526.5320434570312
2025-04-14,531.64013671875
2025-04-15,530.151123046875
2025-04-16,518.366943359375
2025-04-17,519.1064453125
2025-04-21,506.7503356933594
2025-04-22,519.9348754882812
2025-04-23,527.9915161132812
2025-04-24,539.1051635742188
2025-04-25,543.0003662109375
2025-04-28,543.2074584960938
2025-04-29,546.6293334960938
2025-04-30,546.84619140625
2025-05-01,550.7216796875
2025-05-02,558.896728515625
2025-05-05,555.6918334960938
2025-05-06,551.047119140625
2025-05-07,553.3645629882812
2025-05-08,557.2202758789062
2025-05-09,556.51025390625
2025-05-12,574.9015502929688
2025-05-13,578.6982421875
2025-05-14,579.4376831054688
2025-05-15,582.267822265625
2025-05-16,585.9559936523438
2025-05-19,586.596923828125
2025-05-20,584.6246948242188
2025-05-21,574.7732543945312
2025-05-22,575.0001831054688
2025-05-23,571.0753784179688
2025-05-27,582.9482421875
2025-05-28,579.5757446289062
2025-05-29,581.8635864257812
2025-05-30,581.2127685546875
2025-06-02,584.4867553710938
2025-06-03,587.8197631835938
2025-06-04,587.6619873046875
2025-06-05,584.8218383789062
2025-06-06,590.8275146484375
2025-06-09,591.3599243164062
2025-06-10,594.7127685546875
2025-06-11,593.0166015625
2025-06-12,595.3734741210938
2025-06-13,588.7171020507812
2025-06-16,594.318359375
2025-06-17,589.2398681640625
2025-06-18,589.1510009765625
2025-06-20,587.7673950195312
2025-06-23,593.5730590820312
2025-06-24,600.13037109375
2025-06-25,600.4666748046875
2025-06-26,605.1646118164062
2025-06-27,608.1712646484375
2025-06-30,611.0790405273438
2025-07-01,610.8812866210938
2025-07-02,613.650634765625
2025-07-03,618.4869995117188
2025-07-07,613.8781127929688
2025-07-08,613.5418090820312
2025-07-09,617.2210693359375
2025-07-10,618.9617919921875
2025-07-11,616.7858276367188
2025-07-14,617.9628295898438
2025-07-15,615.3221435546875
2025-07-16,617.3792724609375
2025-07-17,621.1573486328125
2025-07-18,620.7025146484375
2025-07-21,621.8793334960938
2025-07-22,621.9683837890625
2025-07-23,627.259765625
2025-07-24,627.4674682617188
2025-07-25,630.1181030273438
2025-07-28,629.9598388671875
2025-07-29,628.29833984375
2025-07-30,627.5070190429688
2025-07-31,625.153076171875
2025-08-01,614.9066162109375
2025-08-04,624.2530517578125
2025-08-05,621.088134765625
2025-08-06,625.8455200195312
2025-08-07,625.3212890625
2025-08-08,630.1972045898438
2025-08-11,628.9509887695312
2025-08-12,635.6468505859375
2025-08-13,637.82275390625
2025-08-14,637.882080078125
2025-08-15,636.388671875
2025-08-18,636.2501831054688
2025-08-19,632.7984008789062
2025-08-20,631.1170043945312
2025-08-21,628.5851440429688
2025-08-22,638.2380981445312
2025-08-25,635.4293212890625
2025-08-26,638.0897216796875
2025-08-27,639.543701171875
2025-08-28,641.80859375
2025-08-29,637.9810180664062
2025-09-02,633.2533569335938
2025-09-03,636.6853637695312
2025-09-04,642.0064086914062
2025-09-05,640.14697265625
2025-09-08,641.7196044921875
2025-09-09,643.2031860351562
2025-09-10,645.0625610351562
2025-09-11,650.4231567382812
2025-09-12,650.2055053710938
2025-09-15,653.6671142578125
2025-09-16,652.7671508789062
2025-09-17,651.9561157226562
2025-09-18,655.0023803710938
2025-09-19,658.2465209960938
2025-09-22,661.3607177734375
2025-09-23,657.7605590820312
2025-09-24,655.6678466796875
2025-09-25,652.6429443359375
2025-09-26,656.3818969726562
2025-09-29,658.2266845703125
2025-09-30,660.7060546875
2025-10-01,662.9574584960938
2025-10-02,663.7210693359375
2025-10-03,663.7113037109375
2025-10-06,666.0914916992188
2025-10-07,663.6220092773438
2025-10-08,667.5791625976562
2025-10-09,665.6452026367188
2025-10-10,647.6542358398438
2025-10-13,657.5919189453125
2025-10-14,656.78857421875
2025-10-15,659.7044067382812
2025-10-16,655.211669921875
2025-10-17,658.9308471679688
2025-10-20,665.7840576171875
2025-10-21,665.7741088867188
2025-10-22,662.312744140625
2025-10-23,666.2402954101562
2025-10-24,671.6851806640625
2025-10-27,679.6094970703125
2025-10-28,681.41455078125
2025-10-29,681.7418212890625
2025-10-30,674.2440185546875
2025-10-31,676.4556884765625
2025-11-03,677.7251586914062
2025-11-04,669.691650390625
2025-11-05,672.012451171875
2025-11-06,664.80224609375
2025-11-07,665.4567260742188
2025-11-10,675.8406982421875
2025-11-11,677.387939453125
2025-11-12,677.7647705078125
2025-11-13,666.5180053710938
2025-11-14,666.4088134765625
2025-11-17,660.2003173828125
2025-11-18,654.65625
2025-11-19,657.185302734375
2025-11-20,647.1683349609375
2025-11-21,653.6148681640625
2025-11-24,663.2351684570312
2025-11-25,669.4735107421875
2025-11-26,674.09521484375
2025-11-28,677.7747192382812
2025-12-01,674.6803588867188
2025-12-02,675.9299926757812
2025-12-03,678.2706298828125
2025-12-04,678.7665405273438
2025-12-05,680.0557861328125
2025-12-08,678.0127563476562
2025-12-09,677.4276123046875
2025-12-10,681.9203491210938
2025-12-11,683.5072021484375
2025-12-12,676.1581420898438
2025-12-15,675.1365966796875
2025-12-16,673.2918701171875
2025-12-17,665.8832397460938
2025-12-18,670.9114990234375
2025-12-19,676.9923095703125
2025-12-22,681.2098388671875
2025-12-23,684.3233032226562
2025-12-24,686.7305297851562
2025-12-26,686.660888671875
2025-12-29,684.2138671875
2025-12-30,683.3782958984375
2025-12-31,678.3152465820312
2026-01-02,679.55859375
2026-01-05,684.0845947265625
2026-01-06,688.1529541015625
2026-01-07,685.9347534179688
2026-01-08,685.8651123046875
2026-01-09,690.4010009765625
2026-01-12,691.4852294921875
2026-01-13,690.1026000976562
2026-01-14,686.7105712890625
2026-01-15,688.5806884765625
2026-01-16,688.0037231445312
2026-01-20,673.9981689453125
2026-01-21,681.77685546875
2026-01-22,685.3379516601562
2026-01-23,685.5865478515625
2026-01-26,689.068115234375
2026-01-27,691.8134765625
2026-01-28,691.7438354492188
2026-01-29,690.3711547851562
2026-01-30,688.3121337890625
2026-02-02,691.73388671875
2026-02-03,685.885009765625
2026-02-04,682.5626831054688
2026-02-05,674.0379638671875
2026-02-06,686.96923828125
2026-02-09,690.2816162109375
2026-02-10,688.4613037109375
2026-02-11,688.3021850585938
2026-02-12,677.668701171875
2026-02-13,678.1461181640625
2026-02-17,679.2402954101562
2026-02-18,682.662109375
2026-02-19,680.8616943359375
2026-02-20,685.7855834960938
2026-02-23,678.7827758789062
2026-02-24,683.7164916992188
2026-02-25,689.4859008789062
2026-02-26,685.6561889648438
2026-02-27,682.3637084960938
2026-03-02,682.7516479492188
2026-03-03,676.7337036132812
2026-03-04,681.50830078125
2026-03-05,677.7084350585938
2026-03-06,668.8256225585938
2026-03-09,674.6845092773438
2026-03-10,673.6002807617188
2026-03-11,672.7548217773438
2026-03-12,662.5390625
2026-03-13,658.7890014648438
2026-03-16,665.493408203125
2026-03-17,667.2440185546875
2026-03-18,657.9335327148438
2026-03-19,656.3121337890625
2026-03-20,646.9034423828125
2026-03-23,653.6959228515625
2026-03-24,651.5015869140625
2026-03-25,655.1322021484375
2026-03-26,643.432373046875
2026-03-27,632.4606323242188
2026-03-30,630.3460693359375
2026-03-31,648.6688842773438
2026-04-01,653.5562744140625
2026-04-02,654.144775390625
2026-04-06,657.23681640625
2026-04-07,657.5260009765625
2026-04-08,674.27294921875
2026-04-09,678.162841796875
2026-04-10,677.7140502929688
2026-04-13,684.3369750976562
2026-04-14,692.675537109375
2026-04-15,698.1414184570312
2026-04-16,699.8569946289062
2026-04-17,708.3152465820312
2026-04-20,706.8988037109375
2026-04-21,702.2708129882812
2026-04-22,709.3825073242188
2026-04-23,706.6295776367188
2026-04-24,712.10546875
2026-04-27,713.332275390625
2026-04-28,709.8612060546875
2026-04-29,709.7515258789062
2026-04-30,716.8132934570312
2026-05-01,718.7982177734375
2026-05-04,716.1649780273438
2026-05-05,721.9102172851562
2026-05-06,731.9443359375
2026-05-07,729.7001342773438
2026-05-08,735.724609375
2026-05-11,737.4002685546875
2026-05-12,736.2831420898438
2026-05-13,740.4025268554688
2026-05-14,746.2474975585938
2026-05-15,737.2706298828125
2026-05-18,736.751953125
2026-05-19,731.8446044921875
2026-05-20,739.3452758789062
2026-05-21,740.8114624023438
2026-05-22,743.7239990234375
2026-05-26,748.6613159179688
2026-05-27,748.5316162109375
2026-05-28,752.6609497070312
2026-05-29,754.5361328125
2026-06-01,756.5908203125
2026-06-02,757.6182250976562
2026-06-03,752.3018798828125
2026-06-04,755.1445922851562
2026-06-05,735.65478515625
2026-06-08,737.3204345703125
2026-06-09,735.1560668945312
2026-06-10,723.56591796875
2026-06-11,735.8642578125
2026-06-12,739.843994140625
2026-06-15,752.890380859375
2026-06-16,748.4019775390625
2026-06-17,739.0560302734375
2026-06-18,746.739990234375
2026-06-22,744.3900146484375
2026-06-23,733.5800170898438
2026-06-24,733.239990234375
2026-06-25,734.2999877929688
2026-06-26,728.989990234375
2026-06-29,741.0
2026-06-30,746.77001953125
2026-07-01,745.760009765625
2026-07-02,744.780029296875
2026-07-06,751.280029296875
2026-07-07,747.7100219726562
2026-07-08,745.4000244140625
2026-07-09,751.7100219726562
2026-07-10,754.9500122070312
2026-07-13,749.1699829101562
2026-07-14,751.8300170898438
2026-07-15,754.8099975585938
2026-07-16,750.719970703125
2026-07-17,743.2899780273438
2026-07-20,742.0900268554688
2026-07-21,748.280029296875
2026-07-22,747.4099731445312
2026-07-23,738.1799926757812
2026-07-24,738.9299926757812
2026-07-27,739.0900268554688
2026-07-28,740.8599853515625
2026-07-29,729.4600219726562
2026-07-30,741.6900024414062
2026-07-31,747.030029296875
2026-08-03,757.6699829101562
2026-08-04,771.3300170898438
2026-08-05,769.7899780273438
2026-08-06,768.5599975585938
2026-08-07,773.260009765625
2026-08-10,773.030029296875
2026-08-11,770.5599975585938
2026-08-12,772.489990234375
2026-08-13,777.8800048828125
2026-08-14,776.3400268554688
2026-08-17,772.6699829101562
2026-08-18,767.4500122070312
2026-08-19,769.0599975585938
2026-08-20,762.5999755859375
2026-08-21,765.719970703125
2026-08-24,763.6500244140625
