Date,price
2009-01-02,1953.7176513671875
2009-01-05,2005.8880615234375
2009-01-06,2067.614990234375
2009-01-07,2047.6851806640625
2009-01-08,2001.122802734375
2009-01-09,1996.607666015625
2009-01-12,1993.996826171875
2009-01-13,1933.140869140625
2009-01-14,1860.9500732421875
2009-01-15,1822.2996826171875
2009-01-16,1884.405029296875
2009-01-19,1843.78857421875
2009-01-20,1808.3729248046875
2009-01-21,1784.5709228515625
2009-01-22,1768.2528076171875
2009-01-23,1740.738037109375
2009-01-26,1800.651123046875
2009-01-27,1848.424072265625
2009-01-28,1884.2861328125
2009-01-29,1841.8431396484375
2009-01-30,1839.500244140625
2009-02-02,1774.3480224609375
2009-02-03,1785.3851318359375
2009-02-04,1848.9893798828125
2009-02-05,1826.6468505859375
2009-02-06,1929.2210693359375
2009-02-09,1955.0179443359375
2009-02-10,1927.67236328125
2009-02-11,1887.87939453125
2009-02-12,1846.557861328125
2009-02-13,1846.2698974609375
2009-02-16,1821.4056396484375
2009-02-17,1791.5784912109375
2009-02-18,1784.531005859375
2009-02-19,1795.7572021484375
2009-02-20,1733.48193359375
2009-02-23,1727.1495361328125
2009-02-24,1682.7122802734375
2009-02-25,1681.034912109375
2009-02-26,1698.1064453125
2009-02-27,1647.326171875
2009-03-02,1641.39013671875
2009-03-03,1620.169189453125
2009-03-04,1657.5401611328125
2009-03-05,1654.204833984375
2009-03-06,1677.88720703125
2009-03-09,1633.479736328125
2009-03-10,1679.0592041015625
2009-03-11,1730.634033203125
2009-03-12,1735.5576171875
2009-03-13,1791.86669921875
2009-03-16,1788.987548828125
2009-03-17,1757.7015380859375
2009-03-18,1745.165283203125
2009-03-19,1855.4820556640625
2009-03-20,1886.3905029296875
2009-03-23,1947.9608154296875
2009-03-24,1914.4906005859375
2009-03-25,1928.158203125
2009-03-26,1914.2022705078125
2009-03-27,1869.7940673828125
2009-03-30,1805.4951171875
2009-03-31,1830.4989013671875
2009-04-01,1867.3331298828125
2009-04-02,1930.35205078125
2009-04-03,1911.909423828125
2009-04-06,1862.221435546875
2009-04-07,1839.7889404296875
2009-04-08,1834.845458984375
2009-04-09,1892.018310546875
2009-04-14,1935.1666259765625
2009-04-15,1925.9549560546875
2009-04-16,1885.85546875
2009-04-17,1874.093017578125
2009-04-20,1802.804931640625
2009-04-21,1772.3720703125
2009-04-23,1822.03125
2009-04-24,1856.4345703125
2009-04-28,1814.0506591796875
2009-04-30,1847.4713134765625
2009-05-04,1916.5147705078125
2009-05-05,1911.3941650390625
2009-05-06,1958.8099365234375
2009-05-07,1933.2803955078125
2009-05-08,1964.0009765625
2009-05-11,1966.462890625
2009-05-12,1975.8221435546875
2009-05-13,1914.550048828125
2009-05-14,1927.831298828125
2009-05-15,1955.9210205078125
2009-05-18,1980.5966796875
2009-05-19,2021.551025390625
2009-05-20,2047.6256103515625
2009-05-21,1983.7034912109375
2009-05-22,2024.5784912109375
2009-05-25,2021.809326171875
2009-05-26,2025.5211181640625
2009-05-27,2030.4544677734375
2009-05-28,2007.476318359375
2009-05-29,2053.720703125
2009-06-01,2128.12548828125
2009-06-02,2140.276123046875
2009-06-03,2080.462158203125
2009-06-04,2058.257568359375
2009-06-05,2086.6943359375
2009-06-08,2064.1630859375
2009-06-09,2072.958251953125
2009-06-10,2096.27197265625
2009-06-11,2072.77001953125
2009-06-12,2060.638427734375
2009-06-15,2031.5064697265625
2009-06-17,1966.4927978515625
2009-06-18,1987.8228759765625
2009-06-19,2011.9129638671875
2009-06-22,1961.6585693359375
2009-06-23,1952.6561279296875
2009-06-24,2007.0791015625
2009-06-25,1981.8876953125
2009-06-26,1995.118408203125
2009-06-29,1993.9073486328125
2009-06-30,1955.8319091796875
2009-07-01,2032.192138671875
2009-07-02,1978.7008056640625
2009-07-03,1984.1107177734375
2009-07-06,1928.6947021484375
2009-07-07,1950.42236328125
2009-07-08,1962.99853515625
2009-07-09,1974.59130859375
2009-07-10,1991.426025390625
2009-07-13,2007.23828125
2009-07-14,2052.3115234375
2009-07-15,2111.9765625
2009-07-16,2104.21142578125
2009-07-17,2108.839599609375
2009-07-20,2118.7451171875
2009-07-21,2138.964111328125
2009-07-22,2112.81884765625
2009-07-23,2141.454833984375
2009-07-24,2141.773193359375
2009-07-27,2139.9375
2009-07-28,2124.849365234375
2009-07-29,2108.82958984375
2009-07-30,2156.276123046875
2009-07-31,2169.33544921875
2009-08-03,2220.494140625
2009-08-04,2223.800537109375
2009-08-05,2231.085693359375
2009-08-06,2246.283203125
2009-08-07,2248.4462890625
2009-08-11,2211.37255859375
2009-08-12,2206.39013671875
2009-08-13,2246.035400390625
2009-08-14,2226.259765625
2009-08-17,2160.750732421875
2009-08-18,2172.56201171875
2009-08-19,2174.8369140625
2009-08-20,2206.370361328125
2009-08-21,2232.35791015625
2009-08-24,2268.943115234375
2009-08-25,2262.0048828125
2009-08-26,2253.92724609375
2009-08-27,2240.73291015625
2009-08-28,2261.925537109375
2009-08-31,2232.198486328125
2009-09-01,2221.686279296875
2009-09-02,2199.41259765625
2009-09-03,2206.99560546875
2009-09-04,2215.820068359375
2009-09-07,2247.989013671875
2009-09-08,2270.3037109375
2009-09-09,2253.698486328125
2009-09-10,2275.097412109375
2009-09-11,2294.373291015625
2009-09-14,2262.650390625
2009-09-15,2268.24853515625
2009-09-16,2302.2744140625
2009-09-17,2332.8271484375
2009-09-18,2301.819091796875
2009-09-21,2260.35986328125
2009-09-22,2269.221435546875
2009-09-23,2259.64306640625
2009-09-25,2216.931640625
2009-09-28,2222.92724609375
2009-09-29,2209.160400390625
2009-09-30,2211.829345703125
2009-10-01,2217.388916015625
2009-10-02,2175.997314453125
2009-10-05,2189.764892578125
2009-10-06,2223.066162109375
2009-10-07,2250.34130859375
2009-10-08,2271.473876953125
2009-10-09,2255.5419921875
2009-10-12,2280.061279296875
2009-10-13,2285.063232421875
2009-10-14,2323.3076171875
2009-10-15,2338.236328125
2009-10-16,2320.378173828125
2009-10-19,2361.0947265625
2009-10-20,2365.006591796875
2009-10-21,2377.71923828125
2009-10-22,2393.4638671875
2009-10-23,2398.643310546875
2009-10-26,2408.480712890625
2009-10-27,2371.229736328125
2009-10-28,2326.62109375
2009-10-29,2372.2822265625
2009-10-30,2351.159912109375
2009-11-02,2329.848388671875
2009-11-03,2298.024658203125
2009-11-04,2315.893310546875
2009-11-05,2315.604248046875
2009-11-06,2319.42626953125
2009-11-09,2358.315673828125
2009-11-10,2360.737060546875
2009-11-11,2387.150146484375
2009-11-12,2390.207275390625
2009-11-13,2392.519287109375
2009-11-16,2433.405029296875
2009-11-17,2448.482177734375
2009-11-18,2443.4599609375
2009-11-19,2429.851318359375
2009-11-20,2418.93212890625
2009-11-23,2466.576171875
2009-11-24,2461.61376953125
2009-11-25,2475.509765625
2009-11-26,2431.8359375
2009-11-27,2411.985107421875
2009-11-30,2421.91064453125
2009-12-01,2457.644775390625
2009-12-02,2473.525634765625
2009-12-03,2461.61376953125
2009-12-04,2471.2421875
2009-12-07,2449.028076171875
2009-12-08,2432.82958984375
2009-12-09,2409.79150390625
2009-12-10,2424.839599609375
2009-12-11,2443.142578125
2009-12-14,2454.66650390625
2009-12-15,2440.184814453125
2009-12-17,2441.334716796875
2009-12-18,2464.184326171875
2009-12-21,2479.618896484375
2009-12-22,2489.168212890625
2009-12-23,2485.953125
2009-12-24,2478.458251953125
2009-12-28,2507.55322265625
2009-12-29,2483.272216796875
2009-12-30,2463.480224609375
2009-12-31,2480.92919921875
2010-01-04,2506.219482421875
2010-01-05,2506.189453125
2010-01-06,2521.020263671875
2010-01-07,2516.19677734375
2010-01-08,2538.78759765625
2010-01-11,2551.701416015625
2010-01-12,2524.653564453125
2010-01-13,2527.472900390625
2010-01-14,2532.593994140625
2010-01-15,2509.7041015625
2010-01-18,2527.551513671875
2010-01-19,2525.952392578125
2010-01-20,2504.642578125
2010-01-21,2464.352783203125
2010-01-22,2425.048095703125
2010-01-25,2427.370361328125
2010-01-26,2387.8857421875
2010-01-27,2402.9423828125
2010-01-28,2399.756591796875
2010-01-29,2386.424560546875
2010-02-01,2370.08740234375
2010-02-02,2400.52001953125
2010-02-03,2409.06591796875
2010-02-04,2344.688232421875
2010-02-05,2294.10498046875
2010-02-08,2319.42626953125
2010-02-09,2360.21142578125
2010-02-10,2348.79736328125
2010-02-11,2347.41796875
2010-02-12,2339.37646484375
2010-02-15,2382.97265625
2010-02-16,2406.872314453125
2010-02-17,2429.31591796875
2010-02-18,2438.516845703125
2010-02-19,2416.997314453125
2010-02-22,2436.85888671875
2010-02-23,2412.83837890625
2010-02-24,2400.83740234375
2010-02-25,2379.66796875
2010-02-26,2381.521728515625
2010-03-01,2413.06689453125
2010-03-02,2446.228759765625
2010-03-03,2472.919189453125
2010-03-04,2478.814697265625
2010-03-05,2492.89111328125
2010-03-08,2513.230224609375
2010-03-09,2482.7666015625
2010-03-10,2506.985595703125
2010-03-11,2489.961669921875
2010-03-12,2525.84375
2010-03-15,2503.807861328125
2010-03-16,2524.78271484375
2010-03-17,2550.67822265625
2010-03-18,2577.597412109375
2010-03-19,2547.691650390625
2010-03-22,2577.746337890625
2010-03-23,2537.17919921875
2010-03-24,2532.902587890625
2010-03-25,2544.8525390625
2010-03-26,2548.138427734375
2010-03-29,2559.91064453125
2010-03-30,2564.31591796875
2010-03-31,2564.89208984375
2010-04-01,2597.459716796875
2010-04-06,2626.314208984375
2010-04-07,2612.954345703125
2010-04-08,2590.522216796875
2010-04-09,2622.6201171875
2010-04-12,2606.570556640625
2010-04-13,2579.513671875
2010-04-14,2634.474853515625
2010-04-15,2640.35986328125
2010-04-16,2591.701171875
2010-04-19,2564.25634765625
2010-04-20,2590.08447265625
2010-04-21,2580.6337890625
2010-04-22,2570.908447265625
2010-04-23,2581.439453125
2010-04-26,2620.210205078125
2010-04-28,2542.76611328125
2010-04-29,2562.559814453125
2010-04-30,2553.7666015625
2010-05-03,2551.09521484375
2010-05-04,2480.0869140625
2010-05-05,2453.156005859375
2010-05-06,2443.708740234375
2010-05-07,2352.10302734375
2010-05-10,2459.8779296875
2010-05-11,2444.412841796875
2010-05-12,2504.771484375
2010-05-13,2496.107666015625
2010-05-14,2427.70654296875
2010-05-17,2424.70068359375
2010-05-18,2450.0390625
2010-05-19,2410.853759765625
2010-05-20,2333.341552734375
2010-05-21,2329.0234375
2010-05-24,2379.2802734375
2010-05-25,2323.128662109375
2010-05-26,2406.364990234375
2010-05-27,2442.66455078125
2010-05-28,2414.714111328125
2010-05-31,2408.7978515625
2010-06-01,2428.381591796875
2010-06-02,2420.77880859375
2010-06-03,2410.348388671875
2010-06-04,2353.949462890625
2010-06-07,2320.259521484375
2010-06-08,2303.257568359375
2010-06-09,2365.34375
2010-06-10,2412.1533203125
2010-06-11,2382.634033203125
2010-06-14,2443.22216796875
2010-06-15,2464.611083984375
2010-06-16,2474.26025390625
2010-06-17,2468.34423828125
2010-06-18,2495.789306640625
2010-06-21,2484.3828125
2010-06-22,2474.736328125
2010-06-23,2444.482177734375
2010-06-24,2423.2802734375
2010-06-25,2408.362548828125
2010-06-28,2413.29541015625
2010-06-29,2355.7744140625
2010-06-30,2312.407470703125
2010-07-01,2290.006591796875
2010-07-02,2318.612060546875
2010-07-05,2305.50048828125
2010-07-06,2358.206298828125
2010-07-07,2371.11083984375
2010-07-08,2389.423095703125
2010-07-09,2410.656005859375
2010-07-12,2401.4736328125
2010-07-13,2431.092041015625
2010-07-14,2424.323486328125
2010-07-15,2422.74462890625
2010-07-16,2428.4111328125
2010-07-19,2408.440673828125
2010-07-20,2410.74462890625
2010-07-21,2458.357421875
2010-07-22,2500.395263671875
2010-07-23,2514.40869140625
2010-07-26,2519.331787109375
2010-07-27,2515.770751953125
2010-07-28,2504.9208984375
2010-07-29,2522.03369140625
2010-07-30,2503.78857421875
2010-08-02,2559.900634765625
2010-08-03,2536.136962890625
2010-08-04,2529.595947265625
2010-08-05,2527.630859375
2010-08-06,2502.269775390625
2010-08-10,2466.993896484375
2010-08-11,2422.387939453125
2010-08-12,2422.992919921875
2010-08-13,2427.755859375
2010-08-16,2437.47412109375
2010-08-17,2446.7255859375
2010-08-18,2409.005859375
2010-08-19,2394.98193359375
2010-08-20,2380.846923828125
2010-08-23,2419.3095703125
2010-08-24,2390.49560546875
2010-08-25,2331.078857421875
2010-08-26,2369.908935546875
2010-08-27,2354.295166015625
2010-08-30,2395.081298828125
2010-08-31,2402.52490234375
2010-09-01,2475.57958984375
2010-09-02,2461.61376953125
2010-09-03,2472.0166015625
2010-09-06,2483.618408203125
2010-09-07,2452.443115234375
2010-09-08,2479.85791015625
2010-09-09,2484.40283203125
2010-09-10,2493.593994140625
2010-09-13,2537.75634765625
2010-09-14,2538.15283203125
2010-09-15,2537.875244140625
2010-09-16,2534.48974609375
2010-09-17,2529.387451171875
2010-09-20,2537.338623046875
2010-09-21,2535.798828125
2010-09-22,2536.693603515625
2010-09-23,2534.410400390625
2010-09-24,2537.050048828125
2010-09-27,2556.1474609375
2010-09-28,2557.70556640625
2010-09-29,2562.91845703125
2010-09-30,2597.181396484375
2010-10-01,2580.3564453125
2010-10-04,2584.59521484375
2010-10-05,2612.0615234375
2010-10-06,2625.440185546875
2010-10-07,2608.378173828125
2010-10-08,2621.03369140625
2010-10-11,2636.73486328125
2010-10-12,2639.238037109375
2010-10-13,2686.127685546875
2010-10-14,2683.31689453125
2010-10-15,2664.50927734375
2010-10-18,2673.561279296875
2010-10-19,2653.273193359375
2010-10-20,2660.479736328125
2010-10-21,2695.002197265625
2010-10-22,2663.23828125
2010-10-25,2677.90869140625
2010-10-26,2664.74755859375
2010-10-27,2646.7216796875
2010-10-28,2669.760009765625
2010-10-29,2691.7255859375
2010-11-01,2710.54541015625
2010-11-02,2706.23779296875
2010-11-03,2724.11376953125
2010-11-04,2775.1025390625
2010-11-05,2790.44775390625
2010-11-08,2781.415283203125
2010-11-09,2808.08544921875
2010-11-10,2790.26904296875
2010-11-11,2795.758544921875
2010-11-12,2810.023681640625
2010-11-15,2821.128173828125
2010-11-16,2782.706298828125
2010-11-17,2775.629638671875
2010-11-18,2796.661865234375
2010-11-19,2778.279052734375
2010-11-22,2779.29150390625
2010-11-23,2730.813232421875
2010-11-24,2751.8466796875
2010-11-25,2768.541748046875
2010-11-26,2758.1787109375
2010-11-29,2715.149169921875
2010-11-30,2672.140625
2010-12-01,2723.060791015625
2010-12-02,2756.591064453125
2010-12-03,2780.3828125
2010-12-06,2806.35009765625
2010-12-07,2818.787109375
2010-12-08,2820.76220703125
2010-12-09,2804.41455078125
2010-12-10,2792.74267578125
2010-12-13,2800.37353515625
2010-12-14,2810.220458984375
2010-12-15,2815.440185546875
2010-12-17,2808.83056640625
2010-12-20,2818.80712890625
2010-12-21,2851.05517578125
2010-12-22,2847.818359375
2010-12-23,2854.2412109375
2010-12-24,2836.911865234375
2010-12-28,2834.369873046875
2010-12-29,2845.010009765625
2010-12-30,2853.68505859375
2010-12-31,2842.341796875
2011-01-03,2861.407958984375
2011-01-04,2871.582275390625
2011-01-05,2828.8017578125
2011-01-06,2839.182861328125
2011-01-07,2819.897705078125
2011-01-10,2801.09716796875
2011-01-11,2848.654541015625
2011-01-12,2882.233642578125
2011-01-13,2898.1142578125
2011-01-14,2900.86279296875
2011-01-17,2867.61328125
2011-01-18,2897.300048828125
2011-01-19,2879.47265625
2011-01-20,2829.982177734375
2011-01-21,2858.2412109375
2011-01-24,2831.422119140625
2011-01-25,2810.013671875
2011-01-26,2842.915283203125
2011-01-27,2859.2548828125
2011-01-28,2801.625
2011-01-31,2792.930908203125
2011-02-01,2840.83251953125
2011-02-02,2905.179443359375
2011-02-03,2938.373291015625
2011-02-04,2949.201416015625
2011-02-07,2939.444091796875
2011-02-08,2938.868896484375
2011-02-09,2927.9521484375
2011-02-10,2902.154296875
2011-02-11,2958.295166015625
2011-02-14,2969.033447265625
2011-02-15,2964.53662109375
2011-02-16,2935.285888671875
2011-02-17,2927.46435546875
2011-02-18,2907.493896484375
2011-02-21,2933.66845703125
2011-02-22,2899.87060546875
2011-02-23,2851.83984375
2011-02-24,2834.73681640625
2011-02-25,2857.77490234375
2011-02-28,2884.873046875
2011-03-01,2864.655029296875
2011-03-02,2860.078125
2011-03-03,2898.29248046875
2011-03-04,2894.91748046875
2011-03-07,2901.480224609375
2011-03-08,2855.055908203125
2011-03-09,2852.6630859375
2011-03-10,2761.7939453125
2011-03-11,2792.353759765625
2011-03-14,2767.371337890625
2011-03-15,2702.226318359375
2011-03-16,2742.515380859375
2011-03-17,2754.973876953125
2011-03-18,2750.545654296875
2011-03-21,2755.418212890625
2011-03-22,2758.248779296875
2011-03-23,2791.510986328125
2011-03-24,2835.223876953125
2011-03-25,2827.808349609375
2011-03-28,2815.331298828125
2011-03-29,2849.586669921875
2011-03-30,2901.857177734375
2011-03-31,2891.889404296875
2011-04-01,2905.845458984375
2011-04-04,2916.476806640625
2011-04-05,2934.978271484375
2011-04-06,2958.036865234375
2011-04-07,2931.7431640625
2011-04-08,2948.695068359375
2011-04-11,2953.91748046875
2011-04-12,2897.349853515625
2011-04-13,2908.754150390625
2011-04-14,2914.90771484375
2011-04-15,2895.185546875
2011-04-18,2813.80322265625
2011-04-19,2858.5693359375
2011-04-20,2929.380615234375
2011-04-21,2941.272216796875
2011-04-26,2941.07421875
2011-04-27,2941.0341796875
2011-04-28,2935.533935546875
2011-04-29,2951.59423828125
2011-05-03,2900.614501953125
2011-05-04,2851.0849609375
2011-05-05,2825.128173828125
2011-05-06,2855.909912109375
2011-05-09,2829.58544921875
2011-05-10,2879.919189453125
2011-05-11,2876.425048828125
2011-05-12,2839.7802734375
2011-05-13,2867.693115234375
2011-05-16,2888.1181640625
2011-05-17,2855.5322265625
2011-05-19,2861.626220703125
2011-05-20,2850.54931640625
2011-05-23,2807.926025390625
2011-05-24,2843.64990234375
2011-05-25,2851.482177734375
2011-05-26,2869.32861328125
2011-05-27,2908.76416015625
2011-05-30,2907.721923828125
2011-05-31,2922.195068359375
2011-06-01,2898.591064453125
2011-06-02,2852.74169921875
2011-06-03,2821.50634765625
2011-06-06,2824.940185546875
2011-06-07,2846.064208984375
2011-06-08,2816.095947265625
2011-06-09,2826.578125
2011-06-10,2777.802001953125
2011-06-13,2780.72998046875
2011-06-14,2786.4169921875
2011-06-15,2765.1865234375
2011-06-17,2729.384765625
2011-06-20,2712.153564453125
2011-06-21,2745.076416015625
2011-06-22,2727.279541015625
2011-06-23,2682.73291015625
2011-06-24,2719.0224609375
2011-06-27,2743.27978515625
2011-06-28,2780.819580078125
2011-06-29,2823.01416015625
2011-06-30,2838.032470703125
2011-07-01,2840.941162109375
2011-07-04,2857.0498046875
2011-07-05,2869.656494140625
2011-07-06,2857.218994140625
2011-07-07,2872.4375
2011-07-08,2842.052734375
2011-07-11,2827.611083984375
2011-07-12,2837.150146484375
2011-07-13,2874.728271484375
2011-07-14,2864.067626953125
2011-07-15,2870.82763671875
2011-07-18,2832.445556640625
2011-07-19,2849.994140625
2011-07-20,2850.113037109375
2011-07-21,2855.89990234375
2011-07-22,2845.614990234375
2011-07-25,2851.7138671875
2011-07-26,2832.17724609375
2011-07-27,2804.6826171875
2011-07-28,2789.98095703125
2011-07-29,2766.021240234375
2011-08-01,2774.8154296875
2011-08-02,2736.87890625
2011-08-03,2703.566650390625
2011-08-04,2615.18701171875
2011-08-05,2587.29638671875
2011-08-08,2507.533203125
2011-08-09,2587.674072265625
2011-08-10,2530.9873046875
2011-08-11,2614.770263671875
2011-08-12,2647.356201171875
2011-08-15,2683.2578125
2011-08-16,2662.9296875
2011-08-17,2682.30712890625
2011-08-18,2592.099365234375
2011-08-19,2603.484130859375
2011-08-22,2608.537109375
2011-08-23,2592.4375
2011-08-24,2627.583984375
2011-08-25,2601.88720703125
2011-08-26,2609.61962890625
2011-08-29,2694.6435546875
2011-08-30,2699.427001953125
2011-08-31,2757.415771484375
2011-09-01,2764.649658203125
2011-09-02,2707.676025390625
2011-09-05,2649.46240234375
2011-09-06,2610.87841796875
2011-09-07,2716.856689453125
2011-09-08,2758.884033203125
2011-09-09,2709.85986328125
2011-09-12,2661.244140625
2011-09-13,2680.97607421875
2011-09-14,2722.495849609375
2011-09-15,2775.629638671875
2011-09-16,2779.103515625
2011-09-19,2773.810791015625
2011-09-20,2785.861328125
2011-09-21,2781.126708984375
2011-09-22,2687.23876953125
2011-09-23,2665.748779296875
2011-09-26,2628.61572265625
2011-09-27,2731.060546875
2011-09-28,2687.318359375
2011-09-29,2623.009765625
2011-09-30,2619.982177734375
2011-10-03,2643.495361328125
2011-10-04,2574.69921875
2011-10-05,2605.74658203125
2011-10-06,2649.4326171875
2011-10-07,2681.88916015625
2011-10-10,2753.57421875
2011-10-11,2743.618408203125
2011-10-12,2774.89453125
2011-10-13,2743.023193359375
2011-10-14,2772.671142578125
2011-10-17,2768.472412109375
2011-10-18,2764.92822265625
2011-10-19,2778.61572265625
2011-10-20,2743.399169921875
2011-10-21,2804.811767578125
2011-10-24,2825.0986328125
2011-10-25,2824.156982421875
2011-10-26,2831.531494140625
2011-10-27,2903.265625
2011-10-28,2943.673583984375
2011-10-31,2889.219482421875
2011-11-01,2825.257080078125
2011-11-02,2871.096435546875
2011-11-03,2872.5869140625
2011-11-04,2842.93505859375
2011-11-07,2904.822021484375
2011-11-08,2918.94873046875
2011-11-09,2852.474609375
2011-11-10,2872.744140625
2011-11-11,2875.9384765625
2011-11-14,2884.59521484375
2011-11-15,2917.986083984375
2011-11-16,2918.255126953125
2011-11-17,2893.271240234375
2011-11-18,2831.133056640625
2011-11-21,2761.624755859375
2011-11-22,2788.3828125
2011-11-23,2749.30712890625
2011-11-24,2773.1064453125
2011-11-25,2765.344970703125
2011-11-28,2837.66552734375
2011-11-29,2816.611572265625
2011-11-30,2932.676025390625
2011-12-01,2926.075927734375
2011-12-02,2908.85400390625
2011-12-05,2931.1875
2011-12-06,2918.840087890625
2011-12-07,2921.0810546875
2011-12-08,2918.621337890625
2011-12-09,2907.8916015625
2011-12-12,2868.404541015625
2011-12-13,2862.232421875
2011-12-14,2816.7314453125
2011-12-15,2846.529052734375
2011-12-19,2817.12841796875
2011-12-20,2823.938232421875
2011-12-21,2807.87744140625
2011-12-22,2820.61376953125
2011-12-23,2843.2138671875
2011-12-26,2778.2490234375
2011-12-28,2838.973876953125
2011-12-29,2827.679931640625
2011-12-30,2825.9921875
2012-01-03,2904.871826171875
2012-01-04,2915.126708984375
2012-01-05,2884.435546875
2012-01-06,2899.413818359375
2012-01-09,2902.124267578125
2012-01-10,2926.869140625
2012-01-11,2906.4814453125
2012-01-12,2922.10546875
2012-01-13,2912.0888671875
2012-01-16,2942.3447265625
2012-01-17,2962.53369140625
2012-01-18,2975.03955078125
2012-01-19,2978.692626953125
2012-01-20,2989.431640625
2012-01-23,3014.089111328125
2012-01-24,2995.287109375
2012-01-25,2985.043701171875
2012-01-26,3002.73095703125
2012-01-27,2984.29150390625
2012-01-30,2956.269287109375
2012-01-31,2995.724365234375
2012-02-01,3029.910400390625
2012-02-02,3049.53369140625
2012-02-03,3048.401611328125
2012-02-06,3026.891357421875
2012-02-07,3007.308349609375
2012-02-08,3033.66162109375
2012-02-09,3037.4619140625
2012-02-10,2998.822509765625
2012-02-13,3030.515380859375
2012-02-14,3021.670654296875
2012-02-15,3017.03564453125
2012-02-16,2987.59619140625
2012-02-17,3014.733154296875
2012-02-20,3016.678466796875
2012-02-21,3021.084716796875
2012-02-22,3006.20703125
2012-02-23,3017.4609375
2012-02-24,3033.056396484375
2012-02-27,2999.923583984375
2012-02-28,3032.053955078125
2012-02-29,3038.704345703125
2012-03-01,3036.847412109375
2012-03-02,3024.77734375
2012-03-05,3011.972412109375
2012-03-06,2949.798095703125
2012-03-07,2970.57275390625
2012-03-08,2985.271728515625
2012-03-09,2998.404541015625
2012-03-12,2997.89794921875
2012-03-13,3020.836181640625
2012-03-14,3042.385498046875
2012-03-15,3023.73583984375
2012-03-16,3031.92529296875
2012-03-19,3031.42822265625
2012-03-20,2994.75244140625
2012-03-22,2962.03759765625
2012-03-23,2963.921142578125
2012-03-26,2972.9248046875
2012-03-27,2988.855712890625
2012-03-28,2964.774658203125
2012-03-29,2950.02587890625
2012-03-30,2953.91748046875
2012-04-02,2996.171142578125
2012-04-03,3016.787353515625
2012-04-04,2935.752685546875
2012-04-05,2973.450927734375
2012-04-10,2961.281982421875
2012-04-11,2964.6064453125
2012-04-12,2983.8935546875
2012-04-13,2969.6103515625
2012-04-16,2968.1015625
2012-04-17,2978.29541015625
2012-04-18,3003.636474609375
2012-04-19,3010.295654296875
2012-04-20,3021.233642578125
2012-04-23,2971.555419921875
2012-04-24,2985.18212890625
2012-04-25,3004.697265625
2012-04-26,3027.10009765625
2012-04-30,3038.5849609375
2012-05-01,3027.388427734375
2012-05-02,3046.8623046875
2012-05-03,3036.12353515625
2012-05-04,3008.916748046875
2012-05-07,2992.29052734375
2012-05-08,2952.705810546875
2012-05-09,2947.009033203125
2012-05-10,2991.97412109375
2012-05-11,3009.7109375
2012-05-14,2960.051513671875
2012-05-15,2957.143310546875
2012-05-16,2987.507568359375
2012-05-17,2960.328857421875
2012-05-18,2923.7421875
2012-05-21,2916.94384765625
2012-05-22,2955.951171875
2012-05-23,2899.721923828125
2012-05-24,2916.158447265625
2012-05-25,2909.82666015625
2012-05-28,2922.10546875
2012-05-29,2955.951171875
2012-05-30,2909.51904296875
2012-05-31,2923.206787109375
2012-06-01,2919.34423828125
2012-06-04,2917.63818359375
2012-06-05,2921.170166015625
2012-06-06,2970.2548828125
2012-06-07,2996.99560546875
2012-06-08,2972.95458984375
2012-06-11,2968.567626953125
2012-06-12,2990.911376953125
2012-06-13,3007.49609375
2012-06-14,2987.119140625
2012-06-15,3000.0419921875
2012-06-18,3048.65966796875
2012-06-19,3073.8818359375
2012-06-20,3079.51953125
2012-06-21,3054.961669921875
2012-06-22,3005.293701171875
2012-06-25,2955.574462890625
2012-06-26,2957.837890625
2012-06-27,2946.869384765625
2012-06-28,2899.3251953125
2012-06-29,2942.3046875
2012-07-02,2934.173828125
2012-07-03,2964.209228515625
2012-07-04,2968.30126953125
2012-07-05,2983.1787109375
2012-07-06,2983.218505859375
2012-07-09,2956.1005859375
2012-07-10,2962.1474609375
2012-07-11,2934.581787109375
2012-07-12,2902.808349609375
2012-07-13,2943.723388671875
2012-07-16,2935.8515625
2012-07-17,2933.07421875
2012-07-18,2968.35009765625
2012-07-19,2991.3681640625
2012-07-20,2982.544189453125
2012-07-23,2945.580322265625
2012-07-24,2965.152587890625
2012-07-25,2969.40185546875
2012-07-26,2993.95849609375
2012-07-27,3028.549072265625
2012-07-30,3054.9423828125
2012-07-31,3016.330078125
2012-08-01,3063.56787109375
2012-08-02,3059.3193359375
2012-08-03,3080.96826171875
2012-08-06,3101.74365234375
2012-08-07,3104.939697265625
2012-08-08,3107.390869140625
2012-08-10,3115.093017578125
2012-08-13,3106.547607421875
2012-08-14,3121.04931640625
2012-08-15,3120.195068359375
2012-08-16,3140.39453125
2012-08-17,3124.48193359375
2012-08-20,3117.12841796875
2012-08-21,3149.85400390625
2012-08-22,3128.35302734375
2012-08-23,3147.480224609375
2012-08-24,3143.481201171875
2012-08-27,3156.385009765625
2012-08-28,3143.570556640625
2012-08-29,3140.5830078125
2012-08-30,3100.5615234375
2012-08-31,3108.86083984375
2012-09-03,3123.936279296875
2012-09-04,3089.862548828125
2012-09-05,3081.1669921875
2012-09-06,3142.9150390625
2012-09-07,3153.6953125
2012-09-10,3142.27978515625
2012-09-11,3134.41845703125
2012-09-12,3161.10791015625
2012-09-13,3172.6337890625
2012-09-14,3239.97021484375
2012-09-17,3222.361083984375
2012-09-18,3226.750244140625
2012-09-19,3229.380126953125
2012-09-20,3218.25341796875
2012-09-21,3170.350341796875
2012-09-25,3154.459228515625
2012-09-26,3093.61474609375
2012-09-27,3116.35400390625
2012-09-28,3128.751220703125
2012-10-01,3185.139404296875
2012-10-02,3178.629638671875
2012-10-03,3163.472412109375
2012-10-04,3176.872314453125
2012-10-05,3212.89208984375
2012-10-08,3203.0166015625
2012-10-09,3178.847900390625
2012-10-10,3185.547119140625
2012-10-11,3219.65185546875
2012-10-12,3212.069091796875
2012-10-15,3230.24365234375
2012-10-16,3260.934326171875
2012-10-17,3287.683349609375
2012-10-18,3266.18505859375
2012-10-19,3245.18115234375
2012-10-22,3263.276611328125
2012-10-23,3234.7490234375
2012-10-24,3260.825439453125
2012-10-25,3265.360595703125
2012-10-26,3256.65625
2012-10-29,3272.189697265625
2012-10-30,3284.70556640625
2012-10-31,3285.13232421875
2012-11-01,3308.230712890625
2012-11-02,3335.35791015625
2012-11-05,3326.4853515625
2012-11-06,3327.17919921875
2012-11-07,3313.422119140625
2012-11-08,3324.221923828125
2012-11-09,3296.150634765625
2012-11-12,3308.82666015625
2012-11-13,3302.225830078125
2012-11-14,3288.706787109375
2012-11-15,3269.1123046875
2012-11-16,3245.93603515625
2012-11-19,3286.275146484375
2012-11-20,3293.9970703125
2012-11-21,3311.49560546875
2012-11-22,3345.03564453125
2012-11-23,3347.111572265625
2012-11-26,3338.1083984375
2012-11-27,3342.912109375
2012-11-28,3307.665283203125
2012-11-29,3351.158203125
2012-11-30,3371.77587890625
2012-12-03,3366.60498046875
2012-12-04,3358.80224609375
2012-12-05,3379.1220703125
2012-12-06,3387.19091796875
2012-12-07,3377.17578125
2012-12-10,3394.3876953125
2012-12-11,3410.845458984375
2012-12-12,3428.134765625
2012-12-13,3415.35986328125
2012-12-14,3414.3486328125
2012-12-18,3432.801025390625
2012-12-19,3458.578369140625
2012-12-20,3454.358642578125
2012-12-21,3447.30224609375
2012-12-24,3450.846435546875
2012-12-27,3472.07763671875
2012-12-28,3467.09130859375
2012-12-31,3453.565673828125
2013-01-02,3536.634521484375
2013-01-03,3551.8310546875
2013-01-04,3550.9091796875
2013-01-07,3538.03466796875
2013-01-08,3537.072998046875
2013-01-09,3554.5107421875
2013-01-10,3554.947509765625
2013-01-11,3552.84423828125
2013-01-14,3540.8935546875
2013-01-15,3524.446533203125
2013-01-16,3521.56640625
2013-01-17,3529.80517578125
2013-01-18,3545.737060546875
2013-01-21,3530.063720703125
2013-01-22,3522.1240234375
2013-01-23,3547.06640625
2013-01-24,3587.892822265625
2013-01-25,3579.2470703125
2013-01-28,3588.160888671875
2013-01-29,3596.189208984375
2013-01-30,3580.606201171875
2013-01-31,3582.689453125
2013-02-01,3594.354248046875
2013-02-04,3594.79931640625
2013-02-05,3600.101806640625
2013-02-06,3587.92236328125
2013-02-07,3599.088134765625
2013-02-08,3619.67529296875
2013-02-11,3612.9140625
2013-02-12,3600.558349609375
2013-02-13,3610.513671875
2013-02-14,3600.280517578125
2013-02-15,3596.0400390625
2013-02-18,3581.0830078125
2013-02-19,3604.408203125
2013-02-20,3573.95654296875
2013-02-21,3500.049072265625
2013-02-22,3497.36865234375
2013-02-25,3508.089111328125
2013-02-26,3486.677001953125
2013-02-27,3457.892822265625
2013-02-28,3497.636474609375
2013-03-01,3536.903564453125
2013-03-04,3517.716064453125
2013-03-05,3585.82763671875
2013-03-06,3572.476806640625
2013-03-07,3598.304931640625
2013-03-08,3597.212890625
2013-03-11,3623.475341796875
2013-03-12,3621.709228515625
2013-03-13,3617.103515625
2013-03-14,3621.40087890625
2013-03-15,3612.963623046875
2013-03-18,3585.02392578125
2013-03-19,3570.641357421875
2013-03-20,3568.248779296875
2013-03-22,3549.24072265625
2013-03-25,3525.576904296875
2013-03-26,3546.99755859375
2013-03-27,3512.8623046875
2013-03-28,3511.303955078125
2013-04-02,3524.57568359375
2013-04-03,3463.9482421875
2013-04-04,3432.27490234375
2013-04-05,3378.278564453125
2013-04-08,3387.13134765625
2013-04-09,3381.791015625
2013-04-10,3431.201416015625
2013-04-11,3434.469482421875
2013-04-12,3387.578369140625
2013-04-15,3339.676025390625
2013-04-16,3378.913818359375
2013-04-17,3316.2998046875
2013-04-18,3323.656494140625
2013-04-19,3376.897705078125
2013-04-22,3357.156494140625
2013-04-23,3414.87451171875
2013-04-24,3417.375732421875
2013-04-25,3446.50732421875
2013-04-26,3440.642578125
2013-04-29,3434.25
2013-04-30,3404.8388671875
2013-05-02,3404.5712890625
2013-05-03,3434.349609375
2013-05-06,3493.90380859375
2013-05-07,3516.73388671875
2013-05-08,3518.718017578125
2013-05-09,3564.44677734375
2013-05-10,3554.53076171875
2013-05-13,3570.33349609375
2013-05-14,3601.372314453125
2013-05-15,3628.012451171875
2013-05-21,3725.07763671875
2013-05-23,3626.71240234375
2013-05-24,3639.7548828125
2013-05-27,3686.535888671875
2013-05-31,3754.883056640625
2013-06-04,3634.04833984375
2013-06-10,3643.337158203125
2013-06-11,3521.269287109375
2013-06-12,3535.62109375
2013-06-13,3540.735595703125
2013-06-19,3635.803955078125
2013-06-21,3468.21533203125
2013-06-24,3365.41064453125
2013-06-25,3394.33544921875
2013-06-26,3434.041015625
2013-06-27,3441.685546875
2013-06-28,3480.97314453125
2013-07-02,3497.88916015625
2013-07-03,3457.498779296875
2013-07-04,3527.399169921875
2013-07-05,3444.552978515625
2013-07-08,3512.490234375
2013-07-09,3506.405517578125
2013-07-10,3494.454345703125
2013-07-11,3583.882080078125
2013-07-12,3598.206787109375
2013-07-15,3596.03125
2013-07-16,3561.09033203125
2013-07-17,3616.082763671875
2013-07-18,3634.279541015625
2013-07-19,3578.29296875
2013-07-22,3614.24755859375
2013-07-23,3639.976806640625
2013-07-25,3599.18798828125
2013-07-26,3577.61865234375
2013-07-29,3612.4501953125
2013-07-30,3627.140869140625
2013-07-31,3659.47216796875
2013-08-01,3722.285888671875
2013-08-02,3696.8349609375
2013-08-05,3708.26123046875
2013-08-06,3687.732421875
2013-08-07,3692.417724609375
2013-08-08,3705.94677734375
2013-08-12,3791.583740234375
2013-08-13,3807.71435546875
2013-08-14,3840.331787109375
2013-08-15,3793.06298828125
2013-08-16,3846.070068359375
2013-08-19,3835.16162109375
2013-08-20,3824.211181640625
2013-08-21,3824.439453125
2013-08-22,3853.196533203125
2013-08-23,3850.685302734375
2013-08-26,3874.439208984375
2013-08-27,3856.233642578125
2013-08-28,3784.794189453125
2013-08-29,3796.118408203125
2013-08-30,3771.085693359375
2013-09-02,3835.131591796875
2013-09-03,3851.698974609375
2013-09-04,3817.193603515625
2013-09-05,3840.25244140625
2013-09-06,3842.456787109375
2013-09-09,3836.421630859375
2013-09-10,3913.818115234375
2013-09-11,3898.838134765625
2013-09-12,3926.09716796875
2013-09-13,3912.507080078125
2013-09-16,3918.06640625
2013-09-17,3928.85693359375
2013-09-18,3894.858642578125
2013-09-19,3981.16796875
2013-09-20,3927.7900390625
2013-09-23,3917.862548828125
2013-09-25,3955.57666015625
2013-09-26,3948.62890625
2013-09-27,3950.4833984375
2013-09-30,3918.150146484375
2013-10-01,3910.555908203125
2013-10-02,3909.582763671875
2013-10-03,3910.387451171875
2013-10-04,3901.859619140625
2013-10-07,3887.375244140625
2013-10-08,3840.437255859375
2013-10-09,3793.550537109375
2013-10-10,3843.76220703125
2013-10-11,3872.39404296875
2013-10-14,3884.20947265625
2013-10-15,3941.032470703125
2013-10-16,3949.104736328125
2013-10-17,3960.41064453125
2013-10-18,3971.103271484375
2013-10-21,3991.2646484375
2013-10-22,4036.078369140625
2013-10-23,4003.992431640625
2013-10-24,4005.104736328125
2013-10-25,4012.262939453125
2013-10-28,4035.97900390625
2013-10-29,4040.000244140625
2013-10-30,4054.23583984375
2013-10-31,4046.093994140625
2013-11-01,4053.302001953125
2013-11-04,4066.455322265625
2013-11-05,4072.998046875
2013-11-06,4116.3818359375
2013-11-07,4104.361328125
2013-11-08,4049.907470703125
2013-11-11,4056.290771484375
2013-11-12,4053.212890625
2013-11-13,3971.301513671875
2013-11-14,3997.1220703125
2013-11-15,4019.956298828125
2013-11-18,4041.46875
2013-11-19,4014.108642578125
2013-11-20,4021.157958984375
2013-11-21,3974.68603515625
2013-11-22,3945.01318359375
2013-11-25,3959.5380859375
2013-11-26,3902.5341796875
2013-11-27,3959.51806640625
2013-11-28,4010.6728515625
2013-11-29,3999.167724609375
2013-12-02,3971.749267578125
2013-12-03,3904.49853515625
2013-12-04,3910.81396484375
2013-12-05,3943.22705078125
2013-12-09,3987.691650390625
2013-12-10,3978.340576171875
2013-12-11,3958.644287109375
2013-12-12,3843.287109375
2013-12-13,3839.5048828125
2013-12-17,3900.022216796875
2013-12-18,3905.54248046875
2013-12-19,3932.547119140625
2013-12-20,3954.7255859375
2013-12-23,3970.828125
2013-12-24,3987.249267578125
2013-12-27,4067.633544921875
2013-12-30,4104.5478515625
2013-12-31,4117.83837890625
2014-01-02,4148.12744140625
2014-01-03,4111.5732421875
2014-01-06,4086.924560546875
2014-01-07,4083.726806640625
2014-01-08,4066.780029296875
2014-01-09,4042.566162109375
2014-01-10,4053.9541015625
2014-01-13,4096.99169921875
2014-01-14,4090.3896484375
2014-01-15,4135.42822265625
2014-01-16,4164.619140625
2014-01-17,4166.99951171875
2014-01-20,4193.12109375
2014-01-21,4188.57421875
2014-01-22,4195.11669921875
2014-01-23,4200.32763671875
2014-01-24,4142.65673828125
2014-01-27,4077.541259765625
2014-01-28,4076.947021484375
2014-01-29,4067.57373046875
2014-01-30,4040.5712890625
2014-01-31,4031.08056640625
2014-02-03,4016.655517578125
2014-02-04,3971.02734375
2014-02-05,3966.81640625
2014-02-06,4016.15869140625
2014-02-07,4047.133544921875
2014-02-10,4100.94287109375
2014-02-11,4098.79833984375
2014-02-12,4153.25146484375
2014-02-13,4140.78125
2014-02-14,4176.24462890625
2014-02-17,4213.8232421875
2014-02-18,4223.224609375
2014-02-19,4258.19775390625
2014-02-20,4233.41162109375
2014-02-21,4262.3876953125
2014-02-24,4255.0625
2014-02-25,4211.51611328125
2014-02-26,4221.24951171875
2014-02-27,4222.0517578125
2014-02-28,4244.18994140625
2014-03-03,4236.814453125
2014-03-04,4284.7734375
2014-03-05,4273.60693359375
2014-03-06,4301.671875
2014-03-07,4298.6533203125
2014-03-10,4257.68310546875
2014-03-11,4289.46875
2014-03-12,4244.88525390625
2014-03-13,4205.68212890625
2014-03-14,4167.63623046875
2014-03-17,4206.72119140625
2014-03-18,4230.19287109375
2014-03-19,4191.81201171875
2014-03-20,4179.478515625
2014-03-24,4206.068359375
2014-03-25,4255.11181640625
2014-03-26,4274.916015625
2014-03-27,4247.9140625
2014-03-28,4296.41015625
2014-03-31,4281.73681640625
2014-04-01,4316.59326171875
2014-04-02,4347.36083984375
2014-04-03,4328.279296875
2014-04-04,4337.09375
2014-04-07,4295.94482421875
2014-04-08,4316.77197265625
2014-04-09,4337.17333984375
2014-04-10,4354.30908203125
2014-04-11,4307.04443359375
2014-04-14,4321.27880859375
2014-04-15,4286.29150390625
2014-04-16,4318.97705078125
2014-04-17,4344.275390625
2014-04-22,4370.3046875
2014-04-23,4363.98828125
2014-04-24,4389.00830078125
2014-04-25,4383.3681640625
2014-04-29,4385.52490234375
2014-04-30,4378.64501953125
2014-05-02,4398.98828125
2014-05-05,4376.34228515625
2014-05-06,4383.3193359375
2014-05-08,4388.5048828125
2014-05-09,4372.400390625
2014-05-12,4411.41796875
2014-05-13,4406.443359375
2014-05-14,4450.087890625
2014-05-15,4436.3271484375
2014-05-16,4405.4921875
2014-05-19,4438.708984375
2014-05-20,4453.09521484375
2014-05-21,4459.94775390625
2014-05-22,4480.6474609375
2014-05-23,4486.009765625
2014-05-26,4496.81982421875
2014-05-27,4482.55322265625
2014-05-28,4469.857421875
2014-05-29,4471.0654296875
2014-05-30,4460.771484375
2014-06-02,4482.19482421875
2014-06-03,4494.35595703125
2014-06-04,4495.3193359375
2014-06-05,4495.16064453125
2014-06-06,4489.58251953125
2014-06-09,4510.08349609375
2014-06-10,4568.732421875
2014-06-11,4560.11669921875
2014-06-12,4554.455078125
2014-06-13,4576.00146484375
2014-06-17,4585.64794921875
2014-06-18,4567.81494140625
2014-06-19,4622.4638671875
2014-06-20,4628.47998046875
2014-06-23,4574.36328125
2014-06-24,4556.1748046875
2014-06-25,4507.56689453125
2014-06-26,4547.7158203125
2014-06-27,4534.2041015625
2014-06-30,4565.89599609375
2014-07-01,4616.955078125
2014-07-02,4657.24072265625
2014-07-03,4663.4755859375
2014-07-04,4676.2255859375
2014-07-07,4655.513671875
2014-07-08,4625.4736328125
2014-07-09,4602.53955078125
2014-07-10,4562.2548828125
2014-07-11,4575.34912109375
2014-07-14,4611.03759765625
2014-07-15,4630.2421875
2014-07-16,4661.85693359375
2014-07-17,4631.6103515625
2014-07-18,4623.2294921875
2014-07-21,4595.4072265625
2014-07-22,4645.93017578125
2014-07-23,4641.33251953125
2014-07-24,4611.99072265625
2014-07-25,4605.63720703125
2014-07-28,4641.91650390625
2014-07-29,4673.39501953125
2014-07-30,4627.00439453125
2014-07-31,4589.91748046875
2014-08-01,4541.12548828125
2014-08-04,4577.8056640625
2014-08-05,4589.4814453125
2014-08-06,4570.21875
2014-08-07,4532.0791015625
2014-08-08,4534.767578125
2014-08-11,4616.41943359375
2014-08-12,4607.4931640625
2014-08-13,4590.16552734375
2014-08-14,4570.9130859375
2014-08-15,4589.83740234375
2014-08-18,4623.53759765625
2014-08-19,4600.73095703125
2014-08-20,4612.34814453125
2014-08-21,4609.31982421875
2014-08-22,4579.45166015625
2014-08-25,4608.05712890625
2014-08-26,4634.79052734375
2014-08-27,4621.880859375
2014-08-28,4571.03271484375
2014-08-29,4550.16259765625
2014-09-01,4573.6513671875
2014-09-02,4605.76611328125
2014-09-03,4636.49658203125
2014-09-04,4664.994140625
2014-09-05,4636.52587890625
2014-09-08,4624.12646484375
2014-09-09,4637.65869140625
2014-09-10,4592.04345703125
2014-09-11,4587.17578125
2014-09-12,4590.501953125
2014-09-15,4609.54833984375
2014-09-16,4594.625
2014-09-17,4587.57373046875
2014-09-18,4628.4228515625
2014-09-19,4590.3671875
2014-09-22,4498.53369140625
2014-09-23,4461.38623046875
2014-09-25,4408.62451171875
2014-09-26,4424.7509765625
2014-09-29,4394.84326171875
2014-09-30,4391.35986328125
2014-10-01,4345.33154296875
2014-10-02,4275.43603515625
2014-10-03,4316.6015625
2014-10-06,4378.56982421875
2014-10-07,4336.0234375
2014-10-08,4272.533203125
2014-10-09,4278.9501953125
2014-10-10,4181.50537109375
2014-10-13,4207.513671875
2014-10-14,4235.2548828125
2014-10-15,4142.962890625
2014-10-16,4164.91162109375
2014-10-17,4258.46337890625
2014-10-20,4233.31884765625
2014-10-21,4323.27099609375
2014-10-22,4288.4072265625
2014-10-23,4277.033203125
2014-10-24,4252.3349609375
2014-10-27,4266.2490234375
2014-10-28,4302.9130859375
2014-10-29,4364.71484375
2014-10-30,4317.93017578125
2014-10-31,4422.05908203125
2014-11-03,4454.0458984375
2014-11-04,4428.751953125
2014-11-05,4423.150390625
2014-11-06,4414.22412109375
2014-11-07,4464.63232421875
2014-11-10,4502.7275390625
2014-11-11,4484.78125
2014-11-12,4480.26611328125
2014-11-13,4498.609375
2014-11-14,4499.880859375
2014-11-17,4489.53076171875
2014-11-18,4466.7587890625
2014-11-19,4438.94091796875
2014-11-20,4354.6640625
2014-11-21,4512.64794921875
2014-11-24,4498.5791015625
2014-11-25,4480.9208984375
2014-11-26,4464.8212890625
2014-11-27,4479.9287109375
2014-11-28,4409.93310546875
2014-12-01,4314.42431640625
2014-12-02,4387.5888671875
2014-12-03,4413.03173828125
2014-12-04,4366.97998046875
2014-12-05,4377.72705078125
2014-12-08,4388.47265625
2014-12-09,4283.044921875
2014-12-10,4297.96875
2014-12-11,4235.94873046875
2014-12-12,4232.1240234375
2014-12-15,4167.93896484375
2014-12-17,4154.5126953125
2014-12-18,4331.0908203125
2014-12-19,4335.2822265625
2014-12-22,4327.91162109375
2014-12-23,4351.47216796875
2014-12-24,4343.9052734375
2014-12-29,4416.212890625
2014-12-30,4363.763671875
2014-12-31,4365.92138671875
2015-01-02,4338.93603515625
2015-01-05,4170.01318359375
2015-01-06,4245.1669921875
2015-01-07,4278.77783203125
2015-01-08,4336.78125
2015-01-09,4269.779296875
2015-01-12,4219.533203125
2015-01-13,4311.732421875
2015-01-14,4176.6689453125
2015-01-15,4223.48779296875
2015-01-16,4215.66015625
2015-01-19,4268.5576171875
2015-01-20,4276.97998046875
2015-01-21,4317.2578125
2015-01-22,4341.9267578125
2015-01-23,4334.1591796875
2015-01-26,4389.1953125
2015-01-27,4422.31640625
2015-01-28,4468.98828125
2015-01-29,4445.71728515625
2015-01-30,4479.66796875
2015-02-02,4487.384765625
2015-02-03,4539.0
2015-02-04,4509.49560546875
2015-02-05,4513.28369140625
2015-02-06,4542.3779296875
2015-02-09,4555.2197265625
2015-02-10,4559.24169921875
2015-02-11,4556.7099609375
2015-02-12,4596.22021484375
2015-02-13,4640.8759765625
2015-02-16,4648.8984375
2015-02-17,4638.10205078125
2015-02-18,4613.30419921875
2015-02-19,4638.2314453125
2015-02-20,4654.4599609375
2015-02-23,4682.34228515625
2015-02-24,4683.810546875
2015-02-25,4669.01220703125
2015-02-26,4681.984375
2015-02-27,4681.984375
2015-03-02,4644.1728515625
2015-03-03,4664.3935546875
2015-03-04,4641.31005859375
2015-03-05,4677.1767578125
2015-03-06,4690.08984375
2015-03-09,4644.35107421875
2015-03-10,4595.08740234375
2015-03-11,4562.9375
2015-03-12,4610.29248046875
2015-03-13,4567.294921875
2015-03-16,4611.3271484375
2015-03-17,4617.9013671875
2015-03-18,4609.0810546875
2015-03-19,4660.50927734375
2015-03-20,4649.7919921875
2015-03-23,4632.89404296875
2015-03-24,4658.11279296875
2015-03-25,4603.11767578125
2015-03-26,4532.0673828125
2015-03-27,4553.91748046875
2015-03-30,4614.74560546875
2015-03-31,4587.48486328125
2015-04-01,4598.8564453125
2015-04-02,4593.9296875
2015-04-07,4630.416015625
2015-04-08,4651.40380859375
2015-04-09,4665.53955078125
2015-04-10,4700.71240234375
2015-04-13,4724.26318359375
2015-04-14,4697.5927734375
2015-04-15,4738.576171875
2015-04-16,4793.88232421875
2015-04-17,4743.00634765625
2015-04-20,4759.724609375
2015-04-21,4784.955078125
2015-04-22,4801.83203125
2015-04-23,4842.8232421875
2015-04-24,4897.81396484375
2015-04-28,4877.6708984375
2015-04-29,4831.7080078125
2015-04-30,4821.63720703125
2015-05-04,4846.28955078125
2015-05-05,4833.181640625
2015-05-06,4773.0458984375
2015-05-07,4722.158203125
2015-05-08,4773.61962890625
2015-05-11,4811.37646484375
2015-05-12,4788.54833984375
2015-05-13,4800.828125
2015-05-14,4783.76220703125
2015-05-15,4795.0283203125
2015-05-18,4827.31884765625
2015-05-19,4815.44580078125
2015-05-20,4800.51171875
2015-05-21,4792.59228515625
2015-05-22,4789.73291015625
2015-05-25,4785.5791015625
2015-05-26,4693.330078125
2015-05-27,4690.2431640625
2015-05-28,4683.18212890625
2015-05-29,4630.5361328125
2015-06-01,4620.86279296875
2015-06-02,4640.31884765625
2015-06-03,4611.00732421875
2015-06-04,4561.44140625
2015-06-05,4601.6689453125
2015-06-08,4596.50439453125
2015-06-09,4542.15087890625
2015-06-10,4627.1962890625
2015-06-11,4616.91455078125
2015-06-12,4616.30908203125
2015-06-15,4564.3876953125
2015-06-17,4594.6962890625
2015-06-18,4624.3974609375
2015-06-19,4619.66650390625
2015-06-22,4630.86572265625
2015-06-23,4671.52197265625
2015-06-24,4694.29052734375
2015-06-25,4696.982421875
2015-06-26,4676.55908203125
2015-06-29,4610.90673828125
2015-06-30,4586.01171875
2015-07-01,4603.53759765625
2015-07-02,4634.490234375
2015-07-03,4607.4091796875
2015-07-06,4545.1806640625
2015-07-07,4410.4609375
2015-07-08,4440.4228515625
2015-07-09,4558.958984375
2015-07-10,4593.06591796875
2015-07-13,4661.63037109375
2015-07-14,4628.18017578125
2015-07-15,4664.951171875
2015-07-16,4693.373046875
2015-07-17,4676.53271484375
2015-07-20,4709.72412109375
2015-07-21,4696.54248046875
2015-07-22,4608.552734375
2015-07-23,4636.16162109375
2015-07-24,4557.548828125
2015-07-27,4549.91015625
2015-07-28,4502.31298828125
2015-07-29,4583.62646484375
2015-07-30,4602.802734375
2015-07-31,4627.982421875
2015-08-03,4597.28369140625
2015-08-04,4676.44482421875
2015-08-05,4710.3193359375
2015-08-06,4677.646484375
2015-08-07,4628.05126953125
2015-08-11,4646.7880859375
2015-08-12,4483.59716796875
2015-08-13,4572.4814453125
2015-08-14,4519.130859375
2015-08-17,4516.759765625
2015-08-18,4534.60009765625
2015-08-19,4456.98193359375
2015-08-20,4403.58544921875
2015-08-21,4329.56396484375
2015-08-24,4211.3828125
2015-08-25,4339.48583984375
2015-08-26,4281.4013671875
2015-08-27,4357.8671875
2015-08-28,4433.19970703125
2015-08-31,4430.02099609375
2015-09-01,4294.39697265625
2015-09-02,4365.64404296875
2015-09-03,4478.798828125
2015-09-04,4350.4267578125
2015-09-07,4354.29638671875
2015-09-08,4425.64111328125
2015-09-09,4439.72607421875
2015-09-10,4417.4716796875
2015-09-11,4360.2626953125
2015-09-14,4399.41162109375
2015-09-15,4416.4873046875
2015-09-16,4575.68798828125
2015-09-17,4630.240234375
2015-09-18,4542.0537109375
2015-09-21,4518.42724609375
2015-09-22,4433.29150390625
2015-09-23,4486.72265625
2015-09-25,4476.8095703125
2015-09-28,4405.72216796875
2015-09-29,4397.43359375
2015-09-30,4469.55419921875
2015-10-01,4506.62744140625
2015-10-02,4547.87353515625
2015-10-05,4658.615234375
2015-10-06,4651.7001953125
2015-10-07,4705.16796875
2015-10-08,4718.1240234375
2015-10-09,4769.1484375
2015-10-12,4712.53955078125
2015-10-13,4752.4541015625
2015-10-14,4749.2451171875
2015-10-15,4735.08642578125
2015-10-16,4734.728515625
2015-10-19,4761.140625
2015-10-20,4730.30615234375
2015-10-21,4748.55859375
2015-10-22,4770.37939453125
2015-10-23,4868.1533203125
2015-10-26,4845.091796875
2015-10-27,4811.45703125
2015-10-28,4807.20556640625
2015-10-29,4782.49169921875
2015-10-30,4819.84326171875
2015-11-02,4823.2734375
2015-11-03,4842.95458984375
2015-11-04,4895.83837890625
2015-11-05,4843.1923828125
2015-11-06,4742.4970703125
2015-11-09,4788.57177734375
2015-11-10,4712.70849609375
2015-11-11,4718.99560546875
2015-11-12,4671.41357421875
2015-11-13,4591.0576171875
2015-11-16,4625.8056640625
2015-11-17,4667.51513671875
2015-11-18,4638.97216796875
2015-11-19,4677.3955078125
2015-11-20,4688.41259765625
2015-11-23,4687.98681640625
2015-11-24,4653.01123046875
2015-11-25,4663.61474609375
2015-11-26,4683.9453125
2015-11-27,4629.26171875
2015-11-30,4630.43701171875
2015-12-01,4627.19384765625
2015-12-02,4600.20947265625
2015-12-03,4535.28466796875
2015-12-04,4433.4970703125
2015-12-07,4489.91650390625
2015-12-08,4415.40185546875
2015-12-09,4454.55224609375
2015-12-10,4425.287109375
2015-12-11,4356.44921875
2015-12-14,4342.09228515625
2015-12-15,4370.46875
2015-12-17,4492.130859375
2015-12-18,4397.7333984375
2015-12-21,4436.08984375
2015-12-22,4488.94189453125
2015-12-23,4584.77734375
2015-12-24,4607.4228515625
2015-12-28,4596.1259765625
2015-12-29,4571.75927734375
2015-12-30,4562.19921875
2015-12-31,4552.11279296875
2016-01-04,4419.35791015625
2016-01-05,4440.50390625
2016-01-06,4388.52099609375
2016-01-07,4292.66357421875
2016-01-08,4299.2626953125
2016-01-11,4322.65576171875
2016-01-12,4323.2802734375
2016-01-13,4316.384765625
2016-01-14,4248.66015625
2016-01-15,4185.36572265625
2016-01-18,4184.06591796875
2016-01-19,4261.8974609375
2016-01-20,4136.4755859375
2016-01-21,4129.7578125
2016-01-22,4269.748046875
2016-01-25,4216.623046875
2016-01-26,4237.677734375
2016-01-27,4268.74267578125
2016-01-28,4348.912109375
2016-01-29,4380.5791015625
2016-02-01,4362.515625
2016-02-02,4272.08154296875
2016-02-03,4319.26611328125
2016-02-04,4403.1787109375
2016-02-05,4419.138671875
2016-02-08,4373.7431640625
2016-02-09,4271.85400390625
2016-02-10,4274.982421875
2016-02-11,4180.197265625
2016-02-12,4286.06591796875
2016-02-15,4411.060546875
2016-02-16,4368.45556640625
2016-02-17,4432.0390625
2016-02-18,4418.9990234375
2016-02-19,4320.88623046875
2016-02-22,4342.54150390625
2016-02-23,4268.4736328125
2016-02-24,4219.06640625
2016-02-25,4247.85546875
2016-02-26,4358.60009765625
2016-02-29,4353.90966796875
2016-03-01,4436.50927734375
2016-03-02,4500.6171875
2016-03-03,4568.1005859375
2016-03-04,4595.708984375
2016-03-07,4637.67626953125
2016-03-08,4600.69677734375
2016-03-09,4539.72021484375
2016-03-10,4532.734375
2016-03-11,4553.84326171875
2016-03-14,4638.5390625
2016-03-15,4622.44140625
2016-03-16,4665.32275390625
2016-03-17,4699.3955078125
2016-03-18,4762.89697265625
2016-03-22,4713.66259765625
2016-03-23,4643.36865234375
2016-03-24,4629.197265625
2016-03-29,4576.26953125
2016-03-30,4636.173828125
2016-03-31,4608.1025390625
2016-04-01,4543.4462890625
2016-04-04,4580.009765625
2016-04-05,4514.40673828125
2016-04-06,4511.52685546875
2016-04-07,4505.484375
2016-04-08,4528.1015625
2016-04-11,4526.03515625
2016-04-12,4580.12841796875
2016-04-13,4666.20263671875
2016-04-14,4659.57177734375
2016-04-15,4680.541015625
2016-04-18,4697.87060546875
2016-04-19,4712.2509765625
2016-04-20,4736.4443359375
2016-04-21,4694.0869140625
2016-04-22,4660.2099609375
2016-04-25,4667.9580078125
2016-04-26,4679.11962890625
2016-04-28,4688.74853515625
2016-04-29,4656.6669921875
2016-05-03,4565.27001953125
2016-05-04,4566.26220703125
2016-05-05,4572.57666015625
2016-05-06,4520.6884765625
2016-05-09,4523.99853515625
2016-05-10,4580.65576171875
2016-05-11,4593.763671875
2016-05-12,4529.125
2016-05-13,4550.234375
2016-05-16,4635.06494140625
2016-05-17,4648.47998046875
2016-05-18,4672.3916015625
2016-05-19,4640.181640625
2016-05-20,4661.8564453125
2016-05-23,4663.7861328125
2016-05-24,4713.0078125
2016-05-25,4781.8681640625
2016-05-26,4792.6025390625
2016-05-27,4815.80419921875
2016-05-30,4853.189453125
2016-05-31,4805.935546875
2016-06-01,4760.19482421875
2016-06-02,4776.830078125
2016-06-03,4817.076171875
2016-06-06,4790.9619140625
2016-06-07,4813.8466796875
2016-06-08,4780.3076171875
2016-06-09,4726.43505859375
2016-06-10,4711.962890625
2016-06-13,4652.525390625
2016-06-14,4549.65771484375
2016-06-15,4614.51318359375
2016-06-17,4622.98046875
2016-06-20,4676.39306640625
2016-06-21,4666.177734375
2016-06-22,4722.16015625
2016-06-23,4719.95068359375
2016-06-24,4532.73681640625
2016-06-27,4391.15087890625
2016-06-28,4486.9462890625
2016-06-29,4549.09765625
2016-06-30,4573.44921875
2016-07-01,4577.92041015625
2016-07-04,4579.38330078125
2016-07-05,4510.09375
2016-07-06,4427.58642578125
2016-07-07,4457.48193359375
2016-07-08,4469.1728515625
2016-07-11,4544.8330078125
2016-07-12,4581.908203125
2016-07-13,4604.85986328125
2016-07-14,4603.3447265625
2016-07-15,4621.27001953125
2016-07-18,4618.8212890625
2016-07-19,4597.19580078125
2016-07-20,4595.65283203125
2016-07-21,4602.7705078125
2016-07-22,4603.93408203125
2016-07-25,4629.54541015625
2016-07-26,4653.70947265625
2016-07-27,4663.8583984375
2016-07-28,4615.69287109375
2016-07-29,4568.56787109375
2016-08-01,4592.10546875
2016-08-02,4543.4208984375
2016-08-04,4540.689453125
2016-08-05,4525.97705078125
2016-08-08,4538.22265625
2016-08-10,4500.484375
2016-08-11,4507.5703125
2016-08-12,4556.96875
2016-08-15,4517.12255859375
2016-08-16,4525.90771484375
2016-08-17,4528.56103515625
2016-08-18,4595.8115234375
2016-08-19,4577.20458984375
2016-08-22,4588.75537109375
2016-08-23,4603.04638671875
2016-08-24,4677.82275390625
2016-08-25,4667.92333984375
2016-08-26,4672.54541015625
2016-08-29,4682.88134765625
2016-08-30,4673.5595703125
2016-08-31,4621.2197265625
2016-09-01,4613.62451171875
2016-09-02,4693.44921875
2016-09-05,4703.826171875
2016-09-06,4696.78759765625
2016-09-07,4678.18017578125
2016-09-08,4659.404296875
2016-09-09,4673.87744140625
2016-09-12,4629.71484375
2016-09-13,4627.7666015625
2016-09-14,4605.62451171875
2016-09-15,4578.57861328125
2016-09-16,4550.01123046875
2016-09-19,4556.00341796875
2016-09-20,4493.19970703125
2016-09-21,4446.1640625
2016-09-22,4547.7861328125
2016-09-23,4560.92626953125
2016-09-26,4513.384765625
2016-09-27,4456.99560546875
2016-09-28,4503.560546875
2016-09-29,4587.01318359375
2016-09-30,4520.734375
2016-10-03,4489.35302734375
2016-10-04,4525.6376953125
2016-10-05,4513.99755859375
2016-10-06,4488.32666015625
2016-10-07,4494.3427734375
2016-10-10,4494.80078125
2016-10-11,4523.939453125
2016-10-12,4489.373046875
2016-10-13,4385.6435546875
2016-10-14,4450.6318359375
2016-10-17,4410.1708984375
2016-10-18,4438.9404296875
2016-10-19,4478.92431640625
2016-10-20,4471.41796875
2016-10-21,4491.55078125
2016-10-24,4497.869140625
2016-10-25,4504.333984375
2016-10-26,4485.345703125
2016-10-27,4443.5322265625
2016-10-28,4415.35791015625
2016-10-31,4386.48828125
2016-11-01,4429.1181640625
2016-11-02,4368.50439453125
2016-11-03,4356.21728515625
2016-11-04,4308.0048828125
2016-11-07,4368.80322265625
2016-11-08,4404.2451171875
2016-11-09,4433.4619140625
2016-11-10,4485.9736328125
2016-11-11,4383.76904296875
2016-11-14,4330.97021484375
2016-11-15,4293.33154296875
2016-11-16,4344.6494140625
2016-11-17,4402.1572265625
2016-11-18,4406.59375
2016-11-21,4401.77978515625
2016-11-22,4442.01318359375
2016-11-23,4394.31591796875
2016-11-24,4394.79345703125
2016-11-25,4407.30712890625
2016-11-28,4348.32861328125
2016-11-29,4346.865234375
2016-11-30,4361.22119140625
2016-12-01,4333.9619140625
2016-12-02,4275.228515625
2016-12-05,4311.89111328125
2016-12-06,4235.26513671875
2016-12-07,4287.21923828125
2016-12-08,4382.9912109375
2016-12-09,4415.65625
2016-12-12,4382.92138671875
2016-12-13,4410.36962890625
2016-12-14,4398.4873046875
2016-12-15,4310.10986328125
2016-12-19,4326.50439453125
2016-12-20,4368.494140625
2016-12-21,4349.44287109375
2016-12-22,4321.564453125
2016-12-23,4279.40380859375
2016-12-28,4345.740234375
2016-12-29,4375.009765625
2016-12-30,4367.6201171875
2017-01-03,4403.67626953125
2017-01-04,4373.99072265625
2017-01-05,4345.97607421875
2017-01-06,4422.93505859375
2017-01-09,4408.30078125
2017-01-10,4479.16455078125
2017-01-11,4552.8994140625
2017-01-12,4550.3154296875
2017-01-13,4584.75048828125
2017-01-16,4611.0185546875
2017-01-17,4582.16943359375
2017-01-18,4588.91748046875
2017-01-19,4587.767578125
2017-01-20,4555.73291015625
2017-01-23,4600.9267578125
2017-01-24,4623.216796875
2017-01-25,4614.2998046875
2017-01-26,4627.34130859375
2017-01-27,4592.41748046875
2017-01-30,4562.90869140625
2017-01-31,4570.5068359375
2017-02-01,4599.21484375
2017-02-02,4564.283203125
2017-02-03,4520.052734375
2017-02-06,4513.5634765625
2017-02-07,4514.78271484375
2017-02-08,4470.59521484375
2017-02-09,4479.52197265625
2017-02-10,4553.2177734375
2017-02-13,4571.43994140625
2017-02-14,4521.20458984375
2017-02-15,4518.50439453125
2017-02-16,4525.87939453125
2017-02-17,4484.97900390625
2017-02-20,4527.71728515625
2017-02-21,4532.60791015625
2017-02-22,4484.60009765625
2017-02-23,4487.76123046875
2017-02-24,4435.4716796875
2017-02-27,4423.59033203125
2017-02-28,4390.5966796875
2017-03-01,4445.27392578125
2017-03-02,4461.12158203125
2017-03-03,4441.12744140625
2017-03-06,4419.98291015625
2017-03-07,4411.48095703125
2017-03-08,4422.009765625
2017-03-09,4384.8984375
2017-03-10,4419.60302734375
2017-03-13,4473.34814453125
2017-03-14,4454.02294921875
2017-03-15,4463.1376953125
2017-03-16,4549.33251953125
2017-03-17,4527.8369140625
2017-03-20,4547.39208984375
2017-03-22,4492.55419921875
2017-03-23,4491.4619140625
2017-03-24,4473.24853515625
2017-03-27,4472.9111328125
2017-03-28,4527.94677734375
2017-03-29,4527.94189453125
2017-03-30,4509.5576171875
2017-03-31,4504.51416015625
2017-04-03,4543.97509765625
2017-04-04,4562.400390625
2017-04-05,4608.3857421875
2017-04-06,4610.3427734375
2017-04-07,4601.8330078125
2017-04-10,4635.22216796875
2017-04-11,4669.61376953125
2017-04-12,4668.5302734375
2017-04-13,4658.0791015625
2017-04-18,4581.09375
2017-04-19,4575.2685546875
2017-04-20,4571.587890625
2017-04-21,4547.95458984375
2017-04-24,4616.09326171875
2017-04-25,4649.5302734375
2017-04-26,4695.177734375
2017-04-28,4703.72900390625
2017-05-02,4710.5771484375
2017-05-03,4688.5546875
2017-05-04,4671.51171875
2017-05-05,4697.6328125
2017-05-08,4703.94873046875
2017-05-09,4752.04052734375
2017-05-10,4759.3974609375
2017-05-11,4744.68408203125
2017-05-12,4738.86669921875
2017-05-15,4739.3330078125
2017-05-16,4738.30029296875
2017-05-17,4745.9072265625
2017-05-18,4772.23486328125
2017-05-19,4791.3828125
2017-05-22,4795.44970703125
2017-05-23,4799.4677734375
2017-05-24,4777.13720703125
2017-05-25,4752.2294921875
2017-05-26,4748.51953125
2017-05-29,4748.16064453125
2017-05-30,4764.58740234375
2017-05-31,4712.130859375
2017-06-01,4646.04052734375
2017-06-02,4649.47021484375
2017-06-05,4641.306640625
2017-06-06,4586.31396484375
2017-06-07,4578.4580078125
2017-06-08,4570.7919921875
2017-06-09,4584.69970703125
2017-06-12,4514.38671875
2017-06-13,4523.9033203125
2017-06-14,4505.9765625
2017-06-15,4448.533203125
2017-06-19,4534.74072265625
2017-06-20,4493.8466796875
2017-06-21,4520.93798828125
2017-06-22,4494.1552734375
2017-06-23,4535.26806640625
2017-06-26,4510.70751953125
2017-06-27,4528.07861328125
2017-06-28,4528.9501953125
2017-06-29,4499.7666015625
2017-06-30,4520.8154296875
2017-07-03,4578.0244140625
2017-07-04,4560.61376953125
2017-07-05,4602.94287109375
2017-07-06,4578.76953125
2017-07-07,4545.87548828125
2017-07-10,4576.14453125
2017-07-11,4597.572265625
2017-07-12,4645.41455078125
2017-07-13,4683.3115234375
2017-07-14,4708.4375
2017-07-17,4727.19091796875
2017-07-18,4670.2705078125
2017-07-19,4751.8212890625
2017-07-20,4767.79296875
2017-07-21,4756.99267578125
2017-07-24,4782.31982421875
2017-07-25,4798.65771484375
2017-07-26,4834.15673828125
2017-07-27,4834.65283203125
2017-07-28,4832.79541015625
2017-07-31,4864.61279296875
2017-08-01,4881.35009765625
2017-08-02,4858.62744140625
2017-08-03,4901.59375
2017-08-04,4927.626953125
2017-08-07,4953.0634765625
2017-08-08,4939.86767578125
2017-08-10,4912.8994140625
2017-08-11,4859.49365234375
2017-08-14,4893.30126953125
2017-08-15,4848.15478515625
2017-08-16,4905.44287109375
2017-08-17,4890.86572265625
2017-08-18,4877.29150390625
2017-08-21,4886.96484375
2017-08-22,4943.2880859375
2017-08-23,4962.99658203125
2017-08-24,4999.90966796875
2017-08-25,5007.2470703125
2017-08-28,4995.24462890625
2017-08-29,4977.17578125
2017-08-30,4956.396484375
2017-08-31,4988.32275390625
2017-09-01,4987.884765625
2017-09-04,4967.8408203125
2017-09-05,4952.478515625
2017-09-06,4910.8642578125
2017-09-07,4951.28271484375
2017-09-08,4935.64208984375
2017-09-11,4970.55224609375
2017-09-12,5004.6328125
2017-09-13,4994.34033203125
2017-09-14,4967.5615234375
2017-09-15,4943.3076171875
2017-09-18,4989.07080078125
2017-09-19,4990.10302734375
2017-09-20,4985.4599609375
2017-09-21,4982.71435546875
2017-09-22,4984.228515625
2017-09-26,4909.8994140625
2017-09-27,4878.88037109375
2017-09-28,4872.646484375
2017-09-29,4926.0625
2017-10-02,4949.54443359375
2017-10-03,5002.28369140625
2017-10-04,5047.88525390625
2017-10-05,5072.1328125
2017-10-06,5094.35888671875
2017-10-09,5125.4375
2017-10-10,5129.3564453125
2017-10-11,5136.68896484375
2017-10-12,5128.14599609375
2017-10-13,5137.84375
2017-10-16,5163.96728515625
2017-10-17,5143.7392578125
2017-10-18,5168.025390625
2017-10-19,5145.9638671875
2017-10-20,5153.43701171875
2017-10-23,5160.2880859375
2017-10-24,5153.07958984375
2017-10-25,5178.935546875
2017-10-26,5220.291015625
2017-10-27,5233.1982421875
2017-10-30,5240.6943359375
2017-10-31,5249.73681640625
2017-11-01,5298.26171875
2017-11-02,5277.265625
2017-11-03,5312.40283203125
2017-11-06,5348.62646484375
2017-11-07,5375.390625
2017-11-08,5365.19482421875
2017-11-09,5343.6220703125
2017-11-10,5334.72998046875
2017-11-13,5345.2626953125
2017-11-14,5319.654296875
2017-11-15,5294.10205078125
2017-11-16,5331.337890625
2017-11-17,5384.0810546875
2017-11-20,5425.6533203125
2017-11-21,5499.05029296875
2017-11-22,5442.25
2017-11-23,5392.64404296875
2017-11-24,5392.87158203125
2017-11-27,5374.224609375
2017-11-28,5357.744140625
2017-11-29,5392.62451171875
2017-11-30,5324.24755859375
2017-12-01,5286.51611328125
2017-12-04,5305.2021484375
2017-12-05,5239.94287109375
2017-12-06,5158.63720703125
2017-12-07,5166.99169921875
2017-12-08,5168.50244140625
2017-12-11,5172.46142578125
2017-12-12,5132.78125
2017-12-13,5116.7578125
2017-12-14,5151.29931640625
2017-12-15,5096.8271484375
2017-12-18,5104.11669921875
2017-12-19,5127.9375
2017-12-20,5128.17626953125
2017-12-21,5209.080078125
2017-12-22,5207.20751953125
2017-12-27,5201.05517578125
2017-12-28,5209.4482421875
2017-12-29,5255.6259765625
2018-01-02,5284.73876953125
2018-01-03,5286.03955078125
2018-01-04,5269.1533203125
2018-01-05,5287.044921875
2018-01-08,5315.73974609375
2018-01-09,5320.95947265625
2018-01-10,5296.90234375
2018-01-11,5262.75537109375
2018-01-12,5309.59423828125
2018-01-15,5323.0400390625
2018-01-16,5357.45458984375
2018-01-17,5386.40966796875
2018-01-18,5380.2626953125
2018-01-19,5385.005859375
2018-01-22,5395.619140625
2018-01-23,5431.0068359375
2018-01-24,5436.380859375
2018-01-25,5434.56884765625
2018-01-26,5431.83349609375
2018-01-29,5365.46337890625
2018-01-30,5249.6962890625
2018-01-31,5241.19970703125
2018-02-01,5224.7880859375
2018-02-02,5170.52294921875
2018-02-05,5030.04931640625
2018-02-06,4966.3837890625
2018-02-07,4998.849609375
2018-02-08,4974.2119140625
2018-02-09,4909.810546875
2018-02-12,4935.1904296875
2018-02-13,5020.8203125
2018-02-14,5035.82861328125
2018-02-15,5235.6806640625
2018-02-16,5190.42333984375
2018-02-19,5151.2265625
2018-02-20,5081.8916015625
2018-02-21,5152.1923828125
2018-02-22,5105.54296875
2018-02-23,5154.13134765625
2018-02-26,5165.44921875
2018-02-27,5182.5390625
2018-02-28,5118.69287109375
2018-03-01,5081.68212890625
2018-03-02,5063.1318359375
2018-03-05,5082.70458984375
2018-03-06,5205.64453125
2018-03-07,5194.42529296875
2018-03-08,5199.5361328125
2018-03-09,5228.51171875
2018-03-12,5237.650390625
2018-03-13,5230.73681640625
2018-03-14,5182.896484375
2018-03-15,5165.41015625
2018-03-16,5145.81494140625
2018-03-19,5147.087890625
2018-03-20,5170.34326171875
2018-03-22,5061.10302734375
2018-03-23,4985.29248046875
2018-03-26,4966.4638671875
2018-03-27,4962.7041015625
2018-03-28,4835.5771484375
2018-03-29,4901.06103515625
2018-04-03,4839.91259765625
2018-04-04,4835.0
2018-04-05,4938.97705078125
2018-04-06,4943.28466796875
2018-04-09,4968.21142578125
2018-04-10,5032.33251953125
2018-04-11,4941.9208984375
2018-04-12,4982.1015625
2018-04-13,4989.4521484375
2018-04-16,5013.1376953125
2018-04-17,5018.5791015625
2018-04-18,5104.38818359375
2018-04-19,5074.87451171875
2018-04-20,5078.435546875
2018-04-23,5089.548828125
2018-04-24,5088.8310546875
2018-04-25,5025.53515625
2018-04-26,5070.21923828125
2018-04-30,5143.2958984375
2018-05-02,5159.18212890625
2018-05-03,5045.3291015625
2018-05-04,5091.5576171875
2018-05-07,5118.9140625
2018-05-08,5104.34814453125
2018-05-09,5131.8759765625
2018-05-10,5153.11572265625
2018-05-11,5185.9033203125
2018-05-14,5203.5
2018-05-15,5137.11767578125
2018-05-16,5214.19384765625
2018-05-17,5171.10107421875
2018-05-18,5133.00048828125
2018-05-21,5134.8291015625
2018-05-22,5163.41943359375
2018-05-23,5066.0703125
2018-05-24,5040.74267578125
2018-05-25,5060.28076171875
2018-05-28,5061.11767578125
2018-05-29,4968.77099609375
2018-05-30,4935.41357421875
2018-05-31,4984.80712890625
2018-06-01,5093.396484375
2018-06-04,5146.060546875
2018-06-05,5146.98388671875
2018-06-06,5179.08837890625
2018-06-07,5209.01025390625
2018-06-08,5193.59326171875
2018-06-11,5188.9462890625
2018-06-12,5196.28662109375
2018-06-13,5225.3837890625
2018-06-14,5223.20751953125
2018-06-15,5138.24560546875
2018-06-18,5106.10009765625
2018-06-19,5008.1552734375
2018-06-20,5049.30859375
2018-06-21,5012.20263671875
2018-06-22,5071.84228515625
2018-06-25,4978.04150390625
2018-06-26,4923.9951171875
2018-06-27,4945.50146484375
2018-06-28,4989.98974609375
2018-06-29,5163.32373046875
2018-07-02,5110.0126953125
2018-07-03,5140.53271484375
2018-07-04,5149.7578125
2018-07-05,5131.8076171875
2018-07-06,5124.7041015625
2018-07-09,5211.26025390625
2018-07-10,5191.607421875
2018-07-11,5084.98681640625
2018-07-12,5047.92724609375
2018-07-13,5005.30419921875
2018-07-16,4915.224609375
2018-07-17,4980.560546875
2018-07-18,4998.5302734375
2018-07-19,5001.60400390625
2018-07-20,5072.015625
2018-07-23,5029.5810546875
2018-07-24,5080.1416015625
2018-07-25,5015.42333984375
2018-07-26,5053.42919921875
2018-07-27,5095.52392578125
2018-07-30,5105.5029296875
2018-07-31,5114.15576171875
2018-08-01,5110.41845703125
2018-08-02,5017.23583984375
2018-08-03,5081.68505859375
2018-08-06,5061.3388671875
2018-08-07,5140.4033203125
2018-08-08,5144.15625
2018-08-10,5140.28466796875
2018-08-13,5164.54052734375
2018-08-14,5137.63818359375
2018-08-15,4950.22802734375
2018-08-16,5038.89501953125
2018-08-17,5048.384765625
2018-08-20,5098.05029296875
2018-08-21,5100.46728515625
2018-08-22,5194.8857421875
2018-08-23,5201.85107421875
2018-08-24,5262.52783203125
2018-08-27,5343.3662109375
2018-08-28,5376.06005859375
2018-08-29,5393.28076171875
2018-08-30,5255.884765625
2018-08-31,5237.34814453125
2018-09-03,5234.5322265625
2018-09-04,5160.46142578125
2018-09-05,5096.806640625
2018-09-06,5102.8076171875
2018-09-07,5096.77685546875
2018-09-10,5068.08447265625
2018-09-11,5018.060546875
2018-09-12,5006.60791015625
2018-09-13,5024.1484375
2018-09-14,5068.8994140625
2018-09-17,5044.5859375
2018-09-18,5046.8408203125
2018-09-19,5067.1796875
2018-09-20,5079.72314453125
2018-09-21,5138.2265625
2018-09-25,5105.6123046875
2018-09-26,5076.0126953125
2018-09-27,5020.23681640625
2018-09-28,4993.0234375
2018-10-01,4999.7080078125
2018-10-02,4967.498046875
2018-10-03,4948.53466796875
2018-10-04,4940.16455078125
2018-10-05,4875.4990234375
2018-10-08,4853.98486328125
2018-10-09,4846.8994140625
2018-10-10,4713.15869140625
2018-10-11,4655.96337890625
2018-10-12,4777.427734375
2018-10-15,4680.23486328125
2018-10-16,4751.0380859375
2018-10-17,4606.857421875
2018-10-18,4584.228515625
2018-10-19,4580.197265625
2018-10-22,4594.017578125
2018-10-23,4491.90576171875
2018-10-24,4458.31982421875
2018-10-25,4532.40869140625
2018-10-26,4456.2900390625
2018-10-29,4501.8271484375
2018-10-30,4444.60595703125
2018-10-31,4604.359375
2018-11-01,4715.32958984375
2018-11-02,4783.6279296875
2018-11-05,4842.62109375
2018-11-06,4801.52392578125
2018-11-07,4818.57763671875
2018-11-08,4753.1953125
2018-11-09,4679.474609375
2018-11-12,4583.08203125
2018-11-13,4573.62890625
2018-11-14,4572.2041015625
2018-11-15,4584.4873046875
2018-11-16,4576.68310546875
2018-11-19,4610.23046875
2018-11-20,4476.45068359375
2018-11-21,4505.130859375
2018-11-22,4491.6171875
2018-11-23,4445.78076171875
2018-11-26,4546.16064453125
2018-11-27,4514.275390625
2018-11-28,4575.4697265625
2018-11-29,4565.92626953125
2018-11-30,4461.8720703125
2018-12-03,4600.65625
2018-12-04,4611.87158203125
2018-12-05,4565.6767578125
2018-12-06,4476.5400390625
2018-12-07,4499.0615234375
2018-12-10,4440.5966796875
2018-12-11,4521.74072265625
2018-12-12,4559.61669921875
2018-12-13,4563.16943359375
2018-12-14,4552.2138671875
2018-12-18,4522.1787109375
2018-12-19,4553.009765625
2018-12-20,4534.6376953125
2018-12-21,4554.4619140625
2018-12-24,4620.86865234375
2018-12-27,4566.25390625
2018-12-28,4649.68017578125
2018-12-31,4672.978515625
2019-01-02,4532.6650390625
2019-01-03,4563.73779296875
2019-01-04,4616.8291015625
2019-01-07,4588.9541015625
2019-01-08,4612.8173828125
2019-01-09,4716.2998046875
2019-01-10,4718.6064453125
2019-01-11,4751.13037109375
2019-01-14,4735.54736328125
2019-01-15,4740.193359375
2019-01-16,4768.31787109375
2019-01-17,4731.8056640625
2019-01-18,4760.31689453125
2019-01-21,4805.33935546875
2019-01-22,4796.810546875
2019-01-23,4761.00390625
2019-01-24,4734.2509765625
2019-01-25,4776.0126953125
2019-01-28,4746.9033203125
2019-01-29,4806.7060546875
2019-01-30,4783.92333984375
2019-01-31,4782.28076171875
2019-02-01,4756.65283203125
2019-02-04,4705.42041015625
2019-02-05,4786.591796875
2019-02-06,4818.36865234375
2019-02-07,4754.068359375
2019-02-08,4687.056640625
2019-02-11,4709.24169921875
2019-02-12,4767.15234375
2019-02-13,4825.0048828125
2019-02-14,4821.14501953125
2019-02-15,4830.71826171875
2019-02-18,4887.75390625
2019-02-19,4881.42724609375
2019-02-20,4926.0908203125
2019-02-21,4906.1689453125
2019-02-22,4958.90380859375
2019-02-25,4949.19091796875
2019-02-26,4981.76416015625
2019-02-27,4980.67919921875
2019-02-28,4951.90576171875
2019-03-01,4969.28369140625
2019-03-04,4974.56982421875
2019-03-05,4943.77734375
2019-03-06,4985.8544921875
2019-03-07,4964.9462890625
2019-03-08,4921.90185546875
2019-03-11,4936.8388671875
2019-03-12,4944.9013671875
2019-03-13,4966.65966796875
2019-03-14,4956.7060546875
2019-03-15,4976.22119140625
2019-03-18,5046.29541015625
2019-03-19,5058.8349609375
2019-03-20,4994.39306640625
2019-03-22,4990.86962890625
2019-03-25,4928.052734375
2019-03-26,4949.01171875
2019-03-27,5008.90625
2019-03-28,5009.4931640625
2019-03-29,5046.6591796875
2019-04-01,5107.30908203125
2019-04-02,5114.48828125
2019-04-03,5192.57861328125
2019-04-04,5173.517578125
2019-04-05,5180.326171875
2019-04-08,5199.0361328125
2019-04-09,5184.9033203125
2019-04-10,5263.49951171875
2019-04-11,5241.685546875
2019-04-12,5261.5009765625
2019-04-15,5243.4853515625
2019-04-16,5279.0419921875
2019-04-17,5276.1572265625
2019-04-18,5307.1298828125
2019-04-23,5338.095703125
2019-04-24,5298.0322265625
2019-04-25,5266.650390625
2019-04-26,5276.7431640625
2019-04-29,5258.15966796875
2019-04-30,5247.03369140625
2019-05-02,5269.1181640625
2019-05-03,5322.1513671875
2019-05-06,5253.15478515625
2019-05-07,5190.58642578125
2019-05-09,5046.93017578125
2019-05-10,5073.73486328125
2019-05-13,5038.650390625
2019-05-14,5028.408203125
2019-05-15,5008.7607421875
2019-05-16,5056.8359375
2019-05-17,5029.04345703125
2019-05-20,4976.2724609375
2019-05-21,4969.80078125
2019-05-22,4942.9580078125
2019-05-23,4852.98876953125
2019-05-24,4866.8447265625
2019-05-27,4873.7333984375
2019-05-28,4870.51708984375
2019-05-29,4924.09619140625
2019-05-30,4990.16455078125
2019-05-31,4982.2529296875
2019-06-03,5044.572265625
2019-06-04,5068.337890625
2019-06-05,5120.87451171875
2019-06-06,5122.10888671875
2019-06-07,5220.478515625
2019-06-10,5258.26904296875
2019-06-11,5288.048828125
2019-06-12,5284.3681640625
2019-06-13,5281.62109375
2019-06-14,5239.2392578125
2019-06-18,5281.74072265625
2019-06-19,5278.75341796875
2019-06-20,5321.18408203125
2019-06-21,5315.203125
2019-06-24,5301.05078125
2019-06-25,5253.125
2019-06-26,5268.431640625
2019-06-27,5233.4853515625
2019-06-28,5248.13916015625
2019-07-01,5274.62646484375
2019-07-02,5237.6474609375
2019-07-03,5224.42822265625
2019-07-04,5203.14697265625
2019-07-05,5182.7607421875
2019-07-08,5193.70068359375
2019-07-09,5119.92919921875
2019-07-10,5178.14990234375
2019-07-11,5147.908203125
2019-07-12,5148.0283203125
2019-07-15,5173.66162109375
2019-07-16,5224.4482421875
2019-07-17,5140.92626953125
2019-07-18,5157.6611328125
2019-07-19,5194.87158203125
2019-07-22,5173.28076171875
2019-07-23,5205.03857421875
2019-07-24,5148.96875
2019-07-25,5142.6484375
2019-07-26,5138.6044921875
2019-07-29,5183.60400390625
2019-07-30,5106.869140625
2019-07-31,5066.2236328125
2019-08-01,5119.333984375
2019-08-02,5019.85205078125
2019-08-05,4893.76171875
2019-08-06,4898.98681640625
2019-08-07,4912.96435546875
2019-08-08,4949.37939453125
2019-08-12,4938.70947265625
2019-08-13,4932.29541015625
2019-08-14,4824.4541015625
2019-08-15,4808.36865234375
2019-08-16,4812.48876953125
2019-08-19,4861.08984375
2019-08-20,4850.9951171875
2019-08-21,4879.982421875
2019-08-22,4839.9638671875
2019-08-23,4821.3271484375
2019-08-26,4800.8798828125
2019-08-27,4811.29248046875
2019-08-28,4842.16259765625
2019-08-29,4855.29443359375
2019-08-30,4930.82470703125
2019-09-02,4888.046875
2019-09-03,4886.375
2019-09-04,4923.35791015625
2019-09-05,4977.65283203125
2019-09-06,4987.29931640625
2019-09-09,4980.111328125
2019-09-10,4968.38525390625
2019-09-11,5067.90478515625
2019-09-12,5108.68017578125
2019-09-13,5146.1337890625
2019-09-16,5211.3984375
2019-09-17,5119.0244140625
2019-09-18,5056.77783203125
2019-09-19,5051.08056640625
2019-09-20,5076.18896484375
2019-09-23,4998.28076171875
2019-09-25,4935.3623046875
2019-09-26,4973.0751953125
2019-09-27,4965.48828125
2019-09-30,4930.89111328125
2019-10-01,4943.3642578125
2019-10-02,4855.79833984375
2019-10-03,4829.7421875
2019-10-04,4852.80029296875
2019-10-07,4918.53125
2019-10-08,4901.5771484375
2019-10-09,4889.42919921875
2019-10-10,4961.265625
2019-10-11,4998.24560546875
2019-10-14,4969.033203125
2019-10-15,4996.927734375
2019-10-16,5043.09765625
2019-10-17,5029.1806640625
2019-10-18,5008.83984375
2019-10-21,5041.05712890625
2019-10-22,5018.65625
2019-10-23,4982.31396484375
2019-10-24,4970.34521484375
2019-10-25,4943.87255859375
2019-10-28,5009.3779296875
2019-10-29,5005.4814453125
2019-10-30,4954.80859375
2019-10-31,5008.4814453125
2019-11-01,5034.41943359375
2019-11-04,5058.85693359375
2019-11-05,5089.7666015625
2019-11-06,5132.1650390625
2019-11-07,5113.6142578125
2019-11-08,5032.2587890625
2019-11-11,4989.3115234375
2019-11-12,5012.6416015625
2019-11-13,5004.6982421875
2019-11-14,4994.40185546875
2019-11-15,4971.65576171875
2019-11-18,5012.18310546875
2019-11-19,5099.00634765625
2019-11-20,5092.11669921875
2019-11-21,5018.84765625
2019-11-22,5043.64208984375
2019-11-25,5042.60400390625
2019-11-26,4977.25244140625
2019-11-27,4988.31689453125
2019-11-28,4944.50146484375
2019-11-29,4906.9423828125
2019-12-02,4858.7958984375
2019-12-03,4828.02685546875
2019-12-04,4881.29931640625
2019-12-05,4859.43359375
2019-12-06,4906.744140625
2019-12-09,4902.20263671875
2019-12-10,4922.6640625
2019-12-11,4954.28076171875
2019-12-12,4960.82275390625
2019-12-13,5049.98486328125
2019-12-17,5099.22607421875
2019-12-18,5145.818359375
2019-12-19,5126.47021484375
2019-12-20,5114.60986328125
2019-12-23,5089.58740234375
2019-12-24,5104.28564453125
2019-12-27,5116.5517578125
2019-12-30,5141.49609375
2019-12-31,5084.3125
2020-01-02,5146.322265625
2020-01-03,5156.11181640625
2020-01-06,5102.63623046875
2020-01-07,5118.029296875
2020-01-08,5112.24462890625
2020-01-09,5094.87939453125
2020-01-10,5127.6513671875
2020-01-13,5137.37060546875
2020-01-14,5175.43017578125
2020-01-15,5168.97119140625
2020-01-16,5181.92822265625
2020-01-17,5258.6181640625
2020-01-20,5248.8984375
2020-01-21,5168.91162109375
2020-01-22,5167.103515625
2020-01-23,5071.35302734375
2020-01-24,5107.671875
2020-01-27,4981.89013671875
2020-01-28,4966.99462890625
2020-01-29,5021.07080078125
2020-01-30,5041.873046875
2020-01-31,4994.07373046875
2020-02-03,4977.24169921875
2020-02-04,5075.72509765625
2020-02-05,5134.62890625
2020-02-06,5147.3271484375
2020-02-07,5125.8173828125
2020-02-10,5087.046875
2020-02-11,5106.34619140625
2020-02-12,5185.86572265625
2020-02-13,5191.38525390625
2020-02-14,5190.78759765625
2020-02-17,5221.37255859375
2020-02-18,5178.0087890625
2020-02-19,5198.3447265625
2020-02-20,5189.044921875
2020-02-21,5144.099609375
2020-02-24,4915.0888671875
2020-02-25,4917.20166015625
2020-02-26,4936.8203125
2020-02-27,4790.69384765625
2020-02-28,4573.55224609375
2020-03-02,4652.92431640625
2020-03-03,4754.76220703125
2020-03-04,4762.3515625
2020-03-05,4768.1171875
2020-03-06,4682.5810546875
2020-03-09,4376.658203125
2020-03-10,4432.8662109375
2020-03-11,4408.26708984375
2020-03-12,3974.67236328125
2020-03-13,3968.75830078125
2020-03-16,3652.65625
2020-03-17,3759.524658203125
2020-03-18,3495.8056640625
2020-03-19,3448.412109375
2020-03-20,3653.512451171875
2020-03-23,3493.684326171875
2020-03-24,3777.887939453125
2020-03-25,3975.519287109375
2020-03-26,4136.5126953125
2020-03-27,3943.5615234375
2020-03-30,4001.730712890625
2020-03-31,4099.7373046875
2020-04-01,4047.689453125
2020-04-02,4168.9365234375
2020-04-03,4131.9072265625
2020-04-06,4297.263671875
2020-04-07,4402.33544921875
2020-04-08,4320.908203125
2020-04-09,4423.13232421875
2020-04-14,4596.67529296875
2020-04-15,4444.2119140625
2020-04-16,4441.88330078125
2020-04-17,4527.93603515625
2020-04-20,4503.2744140625
2020-04-21,4397.7880859375
2020-04-22,4454.52099609375
2020-04-23,4595.197265625
2020-04-24,4588.56298828125
2020-04-28,4638.83154296875
2020-04-29,4711.59130859375
2020-04-30,4663.45263671875
2020-05-04,4554.5400390625
2020-05-05,4550.1796875
2020-05-06,4624.0615234375
2020-05-07,4638.34326171875
2020-05-08,4734.4677734375
2020-05-11,4664.53759765625
2020-05-12,4680.30615234375
2020-05-13,4670.18603515625
2020-05-14,4573.462890625
2020-05-15,4623.5634765625
2020-05-18,4795.30419921875
2020-05-19,4843.75146484375
2020-05-20,4865.57275390625
2020-05-21,4751.30126953125
2020-05-22,4671.61865234375
2020-05-25,4663.54248046875
2020-05-26,4707.81396484375
2020-05-27,4688.3525390625
2020-05-28,4771.91796875
2020-05-29,4682.76513671875
2020-06-01,4723.17041015625
2020-06-02,4859.38623046875
2020-06-03,4957.13720703125
2020-06-04,4911.05810546875
2020-06-05,5046.6865234375
2020-06-08,5038.47802734375
2020-06-09,5018.359375
2020-06-10,4947.84375
2020-06-11,4916.69580078125
2020-06-12,4952.10498046875
2020-06-15,4819.83544921875
2020-06-17,4993.21142578125
2020-06-18,4986.02783203125
2020-06-19,5026.13818359375
2020-06-22,5014.50439453125
2020-06-23,5145.4599609375
2020-06-24,5047.990234375
2020-06-25,5002.09423828125
2020-06-26,4976.685546875
2020-06-29,5020.6806640625
2020-06-30,5046.494140625
2020-07-01,4986.40869140625
2020-07-02,5059.96826171875
2020-07-03,5047.03173828125
2020-07-06,5079.25341796875
2020-07-07,5120.912109375
2020-07-08,5186.8505859375
2020-07-09,5184.66357421875
2020-07-10,5146.53125
2020-07-13,5218.25927734375
2020-07-14,5154.55078125
2020-07-15,5147.7392578125
2020-07-16,5123.46337890625
2020-07-17,5138.625
2020-07-20,5172.08642578125
2020-07-21,5188.4326171875
2020-07-22,5128.66259765625
2020-07-23,5155.69140625
2020-07-24,5113.43896484375
2020-07-27,5178.58154296875
2020-07-28,5191.41796875
2020-07-29,5211.59033203125
2020-07-30,5132.45703125
2020-07-31,5124.20703125
2020-08-03,5144.4716796875
2020-08-04,5182.259765625
2020-08-05,5314.4951171875
2020-08-06,5321.6171875
2020-08-07,5230.4482421875
2020-08-11,5269.83203125
2020-08-12,5299.18115234375
2020-08-13,5294.7275390625
2020-08-14,5260.3955078125
2020-08-17,5300.455078125
2020-08-18,5260.3955078125
2020-08-19,5209.59814453125
2020-08-20,5134.11083984375
2020-08-21,5162.89208984375
2020-08-24,5221.32421875
2020-08-25,5172.61572265625
2020-08-26,5222.3212890625
2020-08-27,5254.85888671875
2020-08-28,5171.85888671875
2020-08-31,5119.525390625
2020-09-01,5167.20556640625
2020-09-02,5181.17578125
2020-09-03,5045.80224609375
2020-09-04,4986.1064453125
2020-09-07,5032.373046875
2020-09-08,5032.103515625
2020-09-09,5100.70654296875
2020-09-10,5169.7275390625
2020-09-11,5187.93798828125
2020-09-14,5213.96142578125
2020-09-15,5195.91015625
2020-09-16,5185.41064453125
2020-09-17,5092.8154296875
2020-09-18,5062.611328125
2020-09-21,4938.46630859375
2020-09-22,4939.61181640625
2020-09-23,5039.27783203125
2020-09-25,4981.56201171875
2020-09-28,5084.19775390625
2020-09-29,5058.416015625
2020-09-30,5034.5126953125
2020-10-01,5046.2294921875
2020-10-02,5020.076171875
2020-10-05,5048.57080078125
2020-10-06,5017.30517578125
2020-10-07,5071.36669921875
2020-10-08,5043.37890625
2020-10-09,5108.091796875
2020-10-12,5145.64404296875
2020-10-13,5102.18310546875
2020-10-14,5133.9658203125
2020-10-15,5080.40380859375
2020-10-16,5099.69287109375
2020-10-19,5104.06689453125
2020-10-20,5114.9853515625
2020-10-21,5078.935546875
2020-10-22,5016.341796875
2020-10-23,5057.7138671875
2020-10-26,5017.7109375
2020-10-27,4945.36328125
2020-10-28,4782.91650390625
2020-10-29,4747.62939453125
2020-10-30,4737.7626953125
2020-11-02,4829.4609375
2020-11-03,4875.29150390625
2020-11-04,4919.87353515625
2020-11-05,5065.494140625
2020-11-06,5176.38720703125
2020-11-09,5256.84326171875
2020-11-10,5280.5498046875
2020-11-11,5266.94873046875
2020-11-12,5222.23388671875
2020-11-13,5240.33056640625
2020-11-16,5243.71142578125
2020-11-17,5217.470703125
2020-11-18,5240.33056640625
2020-11-19,5186.4521484375
2020-11-20,5180.21044921875
2020-11-23,5236.3046875
2020-11-24,5293.1962890625
2020-11-25,5284.41796875
2020-11-26,5298.68701171875
2020-11-27,5292.4384765625
2020-11-30,5227.98486328125
2020-12-01,5266.7890625
2020-12-02,5341.59716796875
2020-12-03,5410.2763671875
2020-12-04,5442.93115234375
2020-12-07,5457.5205078125
2020-12-08,5419.20458984375
2020-12-09,5429.79833984375
2020-12-10,5428.24365234375
2020-12-11,5440.62158203125
2020-12-14,5446.75732421875
2020-12-15,5444.1474609375
2020-12-17,5545.52197265625
2020-12-18,5466.4091796875
2020-12-21,5375.88623046875
2020-12-22,5362.3046875
2020-12-23,5393.236328125
2020-12-24,5409.8173828125
2020-12-28,5392.9072265625
2020-12-29,5416.7822265625
2020-12-30,5458.5380859375
2020-12-31,5435.1171875
2021-01-04,5540.65087890625
2021-01-05,5594.26318359375
2021-01-06,5684.041015625
2021-01-07,5796.4794921875
2021-01-08,5838.013671875
2021-01-11,5867.27099609375
2021-01-12,5844.85693359375
2021-01-13,5820.5546875
2021-01-14,5860.21630859375
2021-01-15,5831.34765625
2021-01-18,5841.44189453125
2021-01-19,5822.51611328125
2021-01-20,5873.1904296875
2021-01-21,5884.302734375
2021-01-22,5876.0009765625
2021-01-25,5927.951171875
2021-01-26,5859.43896484375
2021-01-27,5752.1884765625
2021-01-28,5796.01708984375
2021-01-29,5719.0634765625
2021-02-01,5754.77880859375
2021-02-02,5746.27001953125
2021-02-03,5770.5068359375
2021-02-04,5836.7666015625
2021-02-05,5874.97509765625
2021-02-08,5951.69921875
2021-02-09,5953.26416015625
2021-02-10,6050.27783203125
2021-02-11,6028.56396484375
2021-02-12,6053.796875
2021-02-15,6153.46240234375
2021-02-16,6163.47802734375
2021-02-17,6159.7802734375
2021-02-18,6106.77392578125
2021-02-19,6196.29541015625
2021-02-22,6176.15185546875
2021-02-23,6035.6884765625
2021-02-24,6060.9208984375
2021-02-25,6192.0166015625
2021-02-26,6061.55908203125
2021-03-01,6196.38427734375
2021-03-02,6295.7607421875
2021-03-03,6298.0224609375
2021-03-04,6237.07177734375
2021-03-05,6290.7275390625
2021-03-08,6303.91259765625
2021-03-09,6322.59814453125
2021-03-10,6307.94873046875
2021-03-11,6337.95263671875
2021-03-12,6278.1708984375
2021-03-15,6211.6904296875
2021-03-16,6182.04443359375
2021-03-17,6127.22314453125
2021-03-18,6151.1396484375
2021-03-19,6077.5048828125
2021-03-23,6025.61328125
2021-03-24,6026.43017578125
2021-03-25,5977.599609375
2021-03-26,6173.4033203125
2021-03-29,6193.25439453125
2021-03-30,6212.30908203125
2021-03-31,6142.23681640625
2021-04-01,6212.97802734375
2021-04-06,6290.83642578125
2021-04-07,6202.86181640625
2021-04-08,6192.2578125
2021-04-09,6207.73779296875
2021-04-12,6129.37060546875
2021-04-13,6200.0927734375
2021-04-14,6219.0517578125
2021-04-15,6218.63330078125
2021-04-16,6300.13671875
2021-04-19,6243.064453125
2021-04-20,6122.5673828125
2021-04-21,6150.8251953125
2021-04-22,6129.255859375
2021-04-23,6158.70947265625
2021-04-26,6182.3828125
2021-04-28,6197.08349609375
2021-04-29,6164.1826171875
2021-04-30,6123.09521484375
2021-05-03,6090.6015625
2021-05-04,6051.43017578125
2021-05-05,6168.12841796875
2021-05-06,6184.9921875
2021-05-07,6271.40234375
2021-05-10,6253.0322265625
2021-05-11,6146.52001953125
2021-05-12,6167.30029296875
2021-05-13,6035.970703125
2021-05-14,6072.0517578125
2021-05-17,6133.76025390625
2021-05-18,6133.41259765625
2021-05-19,5992.6220703125
2021-05-20,6021.55810546875
2021-05-21,6035.68212890625
2021-05-24,6020.38037109375
2021-05-25,6025.275390625
2021-05-26,6023.970703125
2021-05-27,6094.56982421875
2021-05-28,6148.69970703125
2021-05-31,6192.2099609375
2021-06-01,6283.568359375
2021-06-02,6292.29296875
2021-06-03,6171.4189453125
2021-06-04,6175.7333984375
2021-06-07,6152.86865234375
2021-06-08,6159.28662109375
2021-06-09,6157.76171875
2021-06-10,6143.599609375
2021-06-11,6158.87841796875
2021-06-14,6179.65087890625
2021-06-15,6120.69384765625
2021-06-17,6054.75
2021-06-18,5965.33251953125
2021-06-21,5962.30224609375
2021-06-22,5964.40478515625
2021-06-23,5994.396484375
2021-06-24,6036.638671875
2021-06-25,6031.82470703125
2021-06-28,5999.958984375
2021-06-29,6067.189453125
2021-06-30,6034.51220703125
2021-07-01,6065.9697265625
2021-07-02,6047.61962890625
2021-07-05,6026.646484375
2021-07-06,5994.23046875
2021-07-07,6091.0498046875
2021-07-08,5931.771484375
2021-07-09,6042.9140625
2021-07-12,6128.41064453125
2021-07-13,6114.6943359375
2021-07-14,6162.09228515625
2021-07-15,6130.77978515625
2021-07-16,6031.0146484375
2021-07-19,5867.73876953125
2021-07-20,5954.65869140625
2021-07-21,6038.94873046875
2021-07-22,6119.279296875
2021-07-23,6181.39599609375
2021-07-26,6182.6220703125
2021-07-27,6109.11083984375
2021-07-28,6224.67236328125
2021-07-29,6326.8564453125
2021-07-30,6272.79296875
2021-08-02,6258.07666015625
2021-08-03,6242.0673828125
2021-08-04,6262.623046875
2021-08-05,6207.82421875
2021-08-06,6238.6279296875
2021-08-10,6341.34033203125
2021-08-11,6339.59521484375
2021-08-12,6318.50048828125
2021-08-13,6317.673828125
2021-08-16,6251.70751953125
2021-08-17,6254.9892578125
2021-08-18,6176.92041015625
2021-08-19,6002.47119140625
2021-08-20,5997.0
2021-08-23,6072.8623046875
2021-08-24,6134.421875
2021-08-25,6139.2568359375
2021-08-26,6103.6572265625
2021-08-27,6157.25146484375
2021-08-30,6093.1396484375
2021-08-31,6121.91064453125
2021-09-01,6132.26953125
2021-09-02,6106.83740234375
2021-09-03,6081.84521484375
2021-09-06,6074.72705078125
2021-09-07,6105.0234375
2021-09-08,6014.365234375
2021-09-09,5879.09521484375
2021-09-10,5894.51611328125
2021-09-13,5926.23974609375
2021-09-14,5888.40576171875
2021-09-15,5915.373046875
2021-09-16,5802.6416015625
2021-09-17,5752.80712890625
2021-09-20,5617.3974609375
2021-09-21,5719.14208984375
2021-09-22,5804.05859375
2021-09-23,5874.24072265625
2021-09-27,5888.4755859375
2021-09-28,5856.39453125
2021-09-29,5921.423828125
2021-09-30,5906.90087890625
2021-10-01,5847.42138671875
2021-10-04,5896.15185546875
2021-10-05,5930.2919921875
2021-10-06,5873.10791015625
2021-10-07,5992.44384765625
2021-10-08,6004.11865234375
2021-10-11,6086.1240234375
2021-10-12,6070.048828125
2021-10-13,5949.2080078125
2021-10-14,6036.31591796875
2021-10-15,6046.568359375
2021-10-18,6019.29052734375
2021-10-19,6016.0986328125
2021-10-20,6035.5576171875
2021-10-21,5954.58349609375
2021-10-22,6053.16064453125
2021-10-25,6045.2998046875
2021-10-26,6102.87744140625
2021-10-27,6087.89794921875
2021-10-28,6109.69921875
2021-10-29,6081.2255859375
2021-11-02,6116.15234375
2021-11-03,6187.748046875
2021-11-04,6141.20458984375
2021-11-05,6111.88330078125
2021-11-08,6131.9697265625
2021-11-09,6124.8779296875
2021-11-10,6153.86181640625
2021-11-11,6237.947265625
2021-11-12,6325.7421875
2021-11-15,6347.29638671875
2021-11-16,6427.04248046875
2021-11-17,6432.845703125
2021-11-18,6428.0009765625
2021-11-19,6386.32958984375
2021-11-22,6437.474609375
2021-11-23,6455.5751953125
2021-11-24,6415.99072265625
2021-11-25,6405.369140625
2021-11-26,6240.77978515625
2021-11-29,6359.26318359375
2021-11-30,6405.38916015625
2021-12-01,6480.708984375
2021-12-02,6457.73974609375
2021-12-03,6432.95556640625
2021-12-06,6461.97900390625
2021-12-07,6652.7490234375
2021-12-08,6603.65234375
2021-12-09,6582.38720703125
2021-12-10,6543.60009765625
2021-12-13,6522.29736328125
2021-12-14,6526.43701171875
2021-12-15,6515.44580078125
2021-12-17,6473.15771484375
2021-12-20,6370.6328125
2021-12-21,6466.24658203125
2021-12-22,6487.90966796875
2021-12-23,6519.982421875
2021-12-24,6509.76220703125
2021-12-28,6593.51708984375
2021-12-29,6668.25634765625
2021-12-30,6719.62109375
2021-12-31,6712.1279296875
2022-01-03,6709.435546875
2022-01-04,6846.34375
2022-01-05,6843.240234375
2022-01-06,6748.8203125
2022-01-07,6731.91455078125
2022-01-10,6718.22314453125
2022-01-11,6736.953125
2022-01-12,6926.8193359375
2022-01-13,6924.828125
2022-01-14,6851.07080078125
2022-01-17,6894.9951171875
2022-01-19,6936.48681640625
2022-01-21,6804.173828125
2022-01-24,6551.77978515625
2022-01-25,6573.33349609375
2022-01-26,6723.033203125
2022-01-27,6693.74072265625
2022-01-28,6688.8720703125
2022-01-31,6768.52490234375
2022-02-01,6823.7705078125
2022-02-02,6851.73779296875
2022-02-03,6832.337890625
2022-02-04,6854.0322265625
2022-02-07,6905.6875
2022-02-08,6938.48095703125
2022-02-09,6996.19091796875
2022-02-10,6980.06201171875
2022-02-11,6953.8310546875
2022-02-14,6898.884765625
2022-02-15,6902.7138671875
2022-02-16,6959.14697265625
2022-02-17,6926.35302734375
2022-02-18,6950.59033203125
2022-02-21,6873.44189453125
2022-02-22,6891.50537109375
2022-02-23,6864.4033203125
2022-02-24,6751.34912109375
2022-02-25,6799.53466796875
2022-02-28,6989.38916015625
2022-03-01,7085.08984375
2022-03-02,7132.27587890625
2022-03-03,7114.8017578125
2022-03-04,6863.06982421875
2022-03-07,6741.95361328125
2022-03-08,6658.05322265625
2022-03-09,6681.53076171875
2022-03-10,6789.919921875
2022-03-11,6765.88037109375
2022-03-14,6583.28759765625
2022-03-15,6462.77294921875
2022-03-16,6753.544921875
2022-03-17,6813.17919921875
2022-03-18,6880.4130859375
2022-03-22,6967.13671875
2022-03-23,6887.314453125
2022-03-24,6832.9462890625
2022-03-25,6821.8759765625
2022-03-28,6807.6630859375
2022-03-29,6854.99755859375
2022-03-30,6929.74462890625
2022-03-31,6928.25048828125
2022-04-01,6970.845703125
2022-04-04,6971.3544921875
2022-04-05,6911.8330078125
2022-04-06,6831.3671875
2022-04-07,6800.892578125
2022-04-08,6875.04736328125
2022-04-11,6841.00341796875
2022-04-12,6778.5771484375
2022-04-13,6723.0771484375
2022-04-14,6751.14697265625
2022-04-19,6789.53173828125
2022-04-20,6714.28759765625
2022-04-21,6679.630859375
2022-04-22,6577.4111328125
2022-04-25,6329.14306640625
2022-04-26,6373.1103515625
2022-04-28,6494.26171875
2022-04-29,6586.369140625
2022-05-03,6479.13720703125
2022-05-04,6401.7548828125
2022-05-05,6334.70751953125
2022-05-06,6173.81005859375
2022-05-09,6061.07958984375
2022-05-10,6080.86474609375
2022-05-11,6223.24462890625
2022-05-12,6108.95849609375
2022-05-13,6243.7490234375
2022-05-16,6293.94384765625
2022-05-17,6346.912109375
2022-05-18,6293.7734375
2022-05-19,6217.02001953125
2022-05-20,6138.349609375
2022-05-23,6223.16552734375
2022-05-24,6162.00634765625
2022-05-25,6160.58984375
2022-05-26,6344.6669921875
2022-05-27,6431.6953125
2022-05-30,6576.23486328125
2022-05-31,6585.76123046875
2022-06-01,6466.90478515625
2022-06-02,6485.8203125
2022-06-03,6475.583984375
2022-06-06,6497.1337890625
2022-06-07,6417.3486328125
2022-06-08,6388.98388671875
2022-06-09,6287.1982421875
2022-06-10,6179.73583984375
2022-06-13,6052.9169921875
2022-06-14,5989.35400390625
2022-06-15,6161.20751953125
2022-06-17,5953.9765625
2022-06-20,6052.60791015625
2022-06-21,6082.51953125
2022-06-22,5989.5126953125
2022-06-23,5949.5556640625
2022-06-24,6046.7822265625
2022-06-27,6199.76953125
2022-06-28,6226.138671875
2022-06-29,6204.4384765625
2022-06-30,6060.7236328125
2022-07-01,6013.986328125
2022-07-04,6139.86865234375
2022-07-05,5945.2177734375
2022-07-06,6022.8662109375
2022-07-07,6229.451171875
2022-07-08,6262.95654296875
2022-07-11,6153.14013671875
2022-07-12,6148.798828125
2022-07-13,6055.60498046875
2022-07-14,5916.52197265625
2022-07-15,5943.05224609375
2022-07-18,6128.3251953125
2022-07-19,6202.05224609375
2022-07-20,6134.68212890625
2022-07-21,6161.375
2022-07-22,6173.3583984375
2022-07-25,6139.97998046875
2022-07-26,6198.29638671875
2022-07-27,6195.11328125
2022-07-28,6213.544921875
2022-07-29,6243.89208984375
2022-08-01,6212.05712890625
2022-08-02,6155.38671875
2022-08-03,6216.37841796875
2022-08-04,6229.19140625
2022-08-05,6307.74609375
2022-08-08,6373.27783203125
2022-08-10,6314.6513671875
2022-08-11,6459.95361328125
2022-08-12,6397.9453125
2022-08-15,6400.43896484375
2022-08-16,6470.76123046875
2022-08-17,6440.44580078125
2022-08-18,6442.0810546875
2022-08-19,6321.306640625
2022-08-22,6272.130859375
2022-08-23,6327.12451171875
2022-08-24,6335.66552734375
2022-08-25,6396.0888671875
2022-08-26,6378.31689453125
2022-08-29,6282.310546875
2022-08-30,6159.97802734375
2022-08-31,6110.9912109375
2022-09-01,5989.28759765625
2022-09-02,6122.80615234375
2022-09-05,6121.69873046875
2022-09-06,6132.716796875
2022-09-07,6066.1552734375
2022-09-08,6112.408203125
2022-09-09,6261.01416015625
2022-09-12,6359.31640625
2022-09-13,6219.00341796875
2022-09-14,6207.7568359375
2022-09-15,6168.39892578125
2022-09-16,6070.7177734375
2022-09-19,6066.03662109375
2022-09-20,6081.224609375
2022-09-21,6076.68408203125
2022-09-22,5980.30908203125
2022-09-23,5806.31494140625
2022-09-26,5824.3056640625
2022-09-27,5857.3876953125
2022-09-28,5848.1865234375
2022-09-29,5799.06005859375
2022-09-30,5846.9755859375
2022-10-03,5892.91796875
2022-10-04,6091.57666015625
2022-10-05,6029.3662109375
2022-10-06,6050.70361328125
2022-10-07,6037.12158203125
2022-10-10,5947.7822265625
2022-10-11,5930.14501953125
2022-10-12,5936.1640625
2022-10-13,5914.544921875
2022-10-14,5902.62890625
2022-10-17,6081.7255859375
2022-10-18,6100.79833984375
2022-10-19,5929.66162109375
2022-10-20,5943.41943359375
2022-10-21,5917.8232421875
2022-10-24,5854.97265625
2022-10-25,5935.453125
2022-10-26,6067.40234375
2022-10-27,6057.7587890625
2022-10-28,5979.54638671875
2022-10-31,6013.79638671875
2022-11-01,6087.44873046875
2022-11-02,6058.80810546875
2022-11-03,5958.03271484375
2022-11-04,6284.17822265625
2022-11-07,6288.45947265625
2022-11-08,6248.02880859375
2022-11-09,6310.43115234375
2022-11-10,6416.25732421875
2022-11-11,6652.5478515625
2022-11-14,6636.13720703125
2022-11-15,6659.6552734375
2022-11-16,6629.40673828125
2022-11-17,6590.38623046875
2022-11-18,6629.85595703125
2022-11-21,6566.25732421875
2022-11-22,6592.48046875
2022-11-23,6659.18603515625
2022-11-24,6683.4736328125
2022-11-25,6682.32568359375
2022-11-28,6706.31494140625
2022-11-29,6688.53515625
2022-11-30,6865.20849609375
2022-12-01,6895.525390625
2022-12-02,6832.5546875
2022-12-05,6863.0615234375
2022-12-06,6850.69384765625
2022-12-07,6797.75537109375
2022-12-08,6839.5234375
2022-12-09,6846.37060546875
2022-12-12,6839.07470703125
2022-12-13,6979.48974609375
2022-12-14,6830.01806640625
2022-12-15,6701.8408203125
2022-12-19,6738.2197265625
2022-12-20,6704.1982421875
2022-12-21,6782.1416015625
2022-12-22,6724.96240234375
2022-12-23,6747.2919921875
2022-12-28,6830.48779296875
2022-12-29,6764.53271484375
2022-12-30,6710.603515625
2023-01-03,6850.92333984375
2023-01-04,6867.88525390625
2023-01-05,6954.29736328125
2023-01-06,7095.5966796875
2023-01-09,7236.68505859375
2023-01-10,7197.732421875
2023-01-11,7252.69970703125
2023-01-12,7262.900390625
2023-01-13,7333.51123046875
2023-01-16,7318.81591796875
2023-01-17,7342.26611328125
2023-01-18,7368.2412109375
2023-01-19,7325.40234375
2023-01-20,7311.7861328125
2023-01-23,7394.736328125
2023-01-24,7387.580078125
2023-01-25,7364.71630859375
2023-01-26,7441.30859375
2023-01-27,7469.8818359375
2023-01-30,7427.6416015625
2023-01-31,7336.46435546875
2023-02-01,7365.666015625
2023-02-02,7356.26171875
2023-02-03,7401.455078125
2023-02-06,7342.20458984375
2023-02-07,7336.66455078125
2023-02-08,7389.9638671875
2023-02-09,7396.833984375
2023-02-10,7294.955078125
2023-02-13,7368.791015625
2023-02-14,7375.48876953125
2023-02-15,7339.37890625
2023-02-16,7412.58642578125
2023-02-17,7316.23974609375
2023-02-20,7371.5947265625
2023-02-21,7271.6435546875
2023-02-22,7208.6083984375
2023-02-23,7287.8349609375
2023-02-24,7081.73095703125
2023-02-27,7144.91552734375
2023-02-28,7162.45703125
2023-03-01,7253.3447265625
2023-03-02,7151.5146484375
2023-03-03,7224.8125
2023-03-06,7269.75634765625
2023-03-07,7260.34326171875
2023-03-08,7186.6552734375
2023-03-09,7184.2607421875
2023-03-10,7069.19189453125
2023-03-13,6973.1513671875
2023-03-14,6936.3955078125
2023-03-15,6754.62939453125
2023-03-16,6768.5654296875
2023-03-17,6723.7900390625
2023-03-20,6902.94091796875
2023-03-22,7010.65869140625
2023-03-23,7041.54931640625
2023-03-24,6953.1162109375
2023-03-27,7013.42529296875
2023-03-28,7079.28564453125
2023-03-29,7139.4443359375
2023-03-30,7161.8271484375
2023-03-31,7103.11572265625
2023-04-03,7149.14111328125
2023-04-04,7245.62548828125
2023-04-05,7168.958984375
2023-04-06,7214.19677734375
2023-04-11,7301.4248046875
2023-04-12,7280.9462890625
2023-04-13,7354.876953125
2023-04-14,7397.68896484375
2023-04-17,7387.86474609375
2023-04-18,7451.88134765625
2023-04-19,7376.62109375
2023-04-20,7380.6953125
2023-04-21,7286.8427734375
2023-04-24,7303.36669921875
2023-04-25,7284.646484375
2023-04-26,7305.62353515625
2023-04-28,7310.5556640625
2023-05-02,7241.5341796875
2023-05-03,7313.0810546875
2023-05-04,7225.96875
2023-05-05,7306.78173828125
2023-05-08,7351.970703125
2023-05-09,7279.0654296875
2023-05-10,7293.46240234375
2023-05-11,7221.66455078125
2023-05-12,7354.2470703125
2023-05-15,7349.9140625
2023-05-16,7323.37548828125
2023-05-17,7376.95068359375
2023-05-18,7309.49658203125
2023-05-19,7356.583984375
2023-05-22,7334.38818359375
2023-05-23,7206.080078125
2023-05-24,7091.51806640625
2023-05-25,7155.35888671875
2023-05-26,7198.60009765625
2023-05-29,7202.54443359375
2023-05-30,7150.29833984375
2023-05-31,7058.0517578125
2023-06-01,7123.85888671875
2023-06-02,7257.40869140625
2023-06-05,7200.2890625
2023-06-06,7221.29638671875
2023-06-07,7238.42822265625
2023-06-08,7227.69482421875
2023-06-09,7218.27978515625
2023-06-12,7154.99951171875
2023-06-13,7306.5126953125
2023-06-14,7320.79931640625
2023-06-15,7356.67333984375
2023-06-19,7306.2333984375
2023-06-20,7187.18896484375
2023-06-21,7079.69873046875
2023-06-22,7030.4052734375
2023-06-23,6970.75927734375
2023-06-26,6955.7021484375
2023-06-27,6993.3134765625
2023-06-28,7018.44482421875
2023-06-29,7018.904296875
2023-06-30,7129.17822265625
2023-07-03,7151.904296875
2023-07-04,7147.39111328125
2023-07-05,7117.37646484375
2023-07-06,6940.15625
2023-07-07,7009.7548828125
2023-07-10,6968.62548828125
2023-07-11,7011.9599609375
2023-07-12,7184.955078125
2023-07-13,7263.48974609375
2023-07-14,7311.8486328125
2023-07-17,7262.7802734375
2023-07-18,7249.71044921875
2023-07-19,7249.80029296875
2023-07-20,7244.49951171875
2023-07-21,7221.75146484375
2023-07-24,7216.29931640625
2023-07-25,7284.98876953125
2023-07-26,7224.83984375
2023-07-27,7286.83349609375
2023-07-28,7311.68798828125
2023-07-31,7363.00732421875
2023-08-01,7328.2451171875
2023-08-02,7116.201171875
2023-08-03,7142.84326171875
2023-08-04,7160.068359375
2023-08-07,7158.2412109375
2023-08-08,7133.755859375
2023-08-10,7221.11474609375
2023-08-11,7142.98291015625
2023-08-14,7062.8935546875
2023-08-15,7004.12451171875
2023-08-16,6953.68505859375
2023-08-17,6907.31982421875
2023-08-18,6781.77392578125
2023-08-21,6848.0126953125
2023-08-22,6799.330078125
2023-08-23,6864.0703125
2023-08-24,6887.2978515625
2023-08-25,6839.84423828125
2023-08-28,6960.49658203125
2023-08-29,6932.86474609375
2023-08-30,6974.9853515625
2023-08-31,6951.19873046875
2023-09-01,6930.31787109375
2023-09-04,6989.51513671875
2023-09-05,6955.51318359375
2023-09-06,6911.314453125
2023-09-07,6794.35693359375
2023-09-08,6837.99560546875
2023-09-11,6887.66650390625
2023-09-12,6889.8447265625
2023-09-13,6843.48779296875
2023-09-14,6946.2158203125
2023-09-15,6968.14599609375
2023-09-18,6895.1865234375
2023-09-19,6869.39306640625
2023-09-20,6974.357421875
2023-09-21,6818.0537109375
2023-09-22,6842.98974609375
2023-09-26,6760.744140625
2023-09-27,6726.5302734375
2023-09-28,6757.2783203125
2023-09-29,6740.2822265625
2023-10-02,6632.126953125
2023-10-03,6595.44287109375
2023-10-04,6578.6435546875
2023-10-05,6644.98046875
2023-10-06,6683.04248046875
2023-10-09,6687.1376953125
2023-10-10,6902.11767578125
2023-10-11,6911.8857421875
2023-10-12,6863.89599609375
2023-10-13,6819.23193359375
2023-10-16,6840.88525390625
2023-10-17,6816.22509765625
2023-10-18,6652.46142578125
2023-10-19,6553.42236328125
2023-10-20,6481.3642578125
2023-10-23,6455.59228515625
2023-10-24,6506.375
2023-10-25,6477.08740234375
2023-10-26,6448.23046875
2023-10-27,6400.0546875
2023-10-30,6445.7626953125
2023-10-31,6408.77392578125
2023-11-01,6410.17333984375
2023-11-02,6565.02001953125
2023-11-03,6712.81298828125
2023-11-06,6756.4140625
2023-11-07,6584.24755859375
2023-11-08,6677.90234375
2023-11-09,6657.34521484375
2023-11-10,6565.658203125
2023-11-13,6587.50341796875
2023-11-14,6753.767578125
2023-11-15,6891.0234375
2023-11-16,6797.92822265625
2023-11-17,6814.4892578125
2023-11-20,6846.37255859375
2023-11-21,6842.2587890625
2023-11-22,6890.7841796875
2023-11-23,6955.81103515625
2023-11-24,6987.99462890625
2023-11-27,6958.38818359375
2023-11-28,6979.115234375
2023-11-29,6954.35205078125
2023-11-30,6988.67431640625
2023-12-01,7004.015625
2023-12-04,7014.734375
2023-12-05,6937.41162109375
2023-12-06,6958.697265625
2023-12-07,6902.05029296875
2023-12-08,6796.7392578125
2023-12-11,6809.634765625
2023-12-12,6680.54052734375
2023-12-13,6687.28173828125
2023-12-14,6945.9111328125
2023-12-18,6850.53857421875
2023-12-19,6901.23046875
2023-12-20,6906.89501953125
2023-12-21,6954.63134765625
2023-12-22,6831.7705078125
2023-12-27,7062.2109375
2023-12-28,7042.5224609375
2023-12-29,7084.6728515625
2024-01-02,6969.017578125
2024-01-03,6844.939453125
2024-01-04,6854.8291015625
2024-01-05,6850.8740234375
2024-01-08,6810.90625
2024-01-09,6769.98095703125
2024-01-10,6749.38330078125
2024-01-11,6773.357421875
2024-01-12,6819.607421875
2024-01-15,6760.5009765625
2024-01-16,6695.98046875
2024-01-17,6537.4169921875
2024-01-18,6602.98095703125
2024-01-19,6636.65625
2024-01-22,6604.81689453125
2024-01-23,6703.86669921875
2024-01-24,6798.330078125
2024-01-25,6761.8876953125
2024-01-26,6864.9208984375
2024-01-29,6794.013671875
2024-01-30,6812.89453125
2024-01-31,6806.3515625
2024-02-01,6796.3818359375
2024-02-02,6786.841796875
2024-02-05,6750.6787109375
2024-02-06,6808.80908203125
2024-02-07,6780.4384765625
2024-02-08,6722.92626953125
2024-02-09,6688.28271484375
2024-02-12,6715.11572265625
2024-02-13,6651.8603515625
2024-02-14,6644.9169921875
2024-02-15,6673.60791015625
2024-02-16,6718.02197265625
2024-02-19,6712.70751953125
2024-02-20,6654.078125
2024-02-21,6658.47314453125
2024-02-22,6766.2919921875
2024-02-23,6779.4990234375
2024-02-26,6738.09130859375
2024-02-27,6682.1484375
2024-02-28,6602.23095703125
2024-02-29,6632.19970703125
2024-03-01,6637.1953125
2024-03-04,6617.21484375
2024-03-05,6573.2607421875
2024-03-06,6695.134765625
2024-03-07,6705.125
2024-03-08,6734.0947265625
2024-03-11,6707.123046875
2024-03-12,6721.10986328125
2024-03-13,6784.04345703125
2024-03-14,6735.09423828125
2024-03-15,6701.12939453125
2024-03-18,6645.18701171875
2024-03-19,6603.23046875
2024-03-20,6635.197265625
2024-03-22,6731.09912109375
2024-03-25,6748.08154296875
2024-03-26,6777.0517578125
2024-03-27,6815.0126953125
2024-03-28,6877.32568359375
2024-04-02,6854.34814453125
2024-04-03,6859.34326171875
2024-04-04,6972.23291015625
2024-04-05,6926.27734375
2024-04-08,6975.22998046875
2024-04-09,6993.212890625
2024-04-10,7025.181640625
2024-04-11,6987.21875
2024-04-12,6975.22998046875
2024-04-15,6945.259765625
2024-04-16,6773.42626953125
2024-04-17,6822.37890625
2024-04-18,6841.36083984375
2024-04-19,6830.37060546875
2024-04-22,6873.3291015625
2024-04-23,6920.28369140625
2024-04-24,6936.64208984375
2024-04-25,6912.66455078125
2024-04-26,7010.57470703125
2024-04-29,7106.486328125
2024-04-30,7103.4892578125
2024-05-02,7101.49072265625
2024-05-03,7134.46044921875
2024-05-06,7153.44287109375
2024-05-07,7154.44287109375
2024-05-08,7164.4326171875
2024-05-09,7209.39208984375
2024-05-10,7302.306640625
2024-05-13,7321.2890625
2024-05-14,7325.28515625
2024-05-15,7382.23291015625
2024-05-16,7418.2001953125
2024-05-17,7415.2041015625
2024-05-20,7453.1689453125
2024-05-21,7422.19677734375
2024-05-22,7387.22900390625
2024-05-23,7326.28466796875
2024-05-24,7361.2529296875
2024-05-27,7335.27587890625
2024-05-28,7311.29931640625
2024-05-30,7171.42626953125
2024-05-31,7143.4521484375
2024-06-03,7222.37939453125
2024-06-04,7136.458984375
2024-06-05,7137.45849609375
2024-06-06,7175.42333984375
2024-06-07,7110.48193359375
2024-06-10,7089.501953125
2024-06-11,7054.5341796875
2024-06-12,7180.41796875
2024-06-13,7096.49609375
2024-06-14,7144.451171875
2024-06-18,7377.23828125
2024-06-19,7474.1494140625
2024-06-20,7418.2001953125
2024-06-21,7362.25244140625
2024-06-24,7450.1708984375
2024-06-25,7352.2607421875
2024-06-26,7365.2490234375
2024-06-27,7347.265625
2024-06-28,7429.06201171875
2024-07-01,7403.08349609375
2024-07-02,7365.11376953125
2024-07-03,7474.0263671875
2024-07-04,7494.009765625
2024-07-05,7460.037109375
2024-07-08,7467.03271484375
2024-07-09,7471.029296875
2024-07-10,7444.05078125
2024-07-11,7490.01416015625
2024-07-12,7557.958984375
2024-07-15,7528.982421875
2024-07-16,7504.0029296875
2024-07-17,7368.9580078125
2024-07-18,7337.97900390625
2024-07-19,7304.00244140625
2024-07-22,7354.9677734375
2024-07-23,7379.95068359375
2024-07-24,7365.95947265625
2024-07-25,7378.95068359375
2024-07-26,7428.916015625
2024-07-29,7407.93115234375
2024-07-30,7435.912109375
2024-07-31,7561.8251953125
2024-08-01,7466.890625
2024-08-02,7339.97705078125
2024-08-05,7261.03125
2024-08-06,7269.0263671875
2024-08-07,7341.9755859375
2024-08-08,7387.94482421875
2024-08-12,7383.94677734375
2024-08-13,7410.92822265625
2024-08-14,7450.9013671875
2024-08-15,7551.83251953125
2024-08-16,7584.8095703125
2024-08-19,7677.74658203125
2024-08-20,7657.759765625
2024-08-21,7717.7177734375
2024-08-22,7663.7568359375
2024-08-23,7704.7275390625
2024-08-26,7692.73583984375
2024-08-27,7732.70849609375
2024-08-28,7688.7392578125
2024-08-29,7695.73388671875
2024-08-30,7655.7607421875
2024-09-02,7624.78271484375
2024-09-03,7498.8681640625
2024-09-04,7484.87841796875
2024-09-05,7491.8740234375
2024-09-06,7430.91552734375
2024-09-09,7444.90576171875
2024-09-10,7426.91845703125
2024-09-11,7363.9609375
2024-09-12,7472.88623046875
2024-09-13,7487.8759765625
2024-09-16,7499.86767578125
2024-09-17,7575.81640625
2024-09-18,7544.83642578125
2024-09-19,7645.7685546875
2024-09-20,7647.7666015625
2024-09-23,7745.69921875
2024-09-25,7865.6171875
2024-09-26,8017.513671875
2024-09-27,8033.50341796875
2024-09-30,7967.24072265625
2024-10-01,7937.2578125
2024-10-02,8005.21826171875
2024-10-03,7928.26416015625
2024-10-04,7921.26806640625
2024-10-07,7928.26416015625
2024-10-08,7837.318359375
2024-10-09,7807.3359375
2024-10-10,7808.33544921875
2024-10-11,7894.28466796875
2024-10-14,7907.27587890625
2024-10-15,7872.29736328125
2024-10-16,7863.9990234375
2024-10-17,7900.98046875
2024-10-18,7952.95458984375
2024-10-21,7941.9599609375
2024-10-22,7909.97607421875
2024-10-23,7896.982421875
2024-10-24,7937.9609375
2024-10-25,7930.96435546875
2024-10-28,7985.93701171875
2024-10-29,7941.9599609375
2024-10-30,7890.9853515625
2024-10-31,7763.05078125
2024-11-01,7858.001953125
2024-11-04,7844.00927734375
2024-11-05,7866.99755859375
2024-11-06,7750.05712890625
2024-11-07,7841.0107421875
2024-11-08,7740.06298828125
2024-11-11,7711.0771484375
2024-11-12,7649.1083984375
2024-11-13,7625.12060546875
2024-11-14,7617.125
2024-11-15,7624.12158203125
2024-11-18,7655.10498046875
2024-11-19,7669.09814453125
2024-11-20,7737.06298828125
2024-11-21,7762.05126953125
2024-11-22,7772.0458984375
2024-11-25,7716.07421875
2024-11-26,7734.0654296875
2024-11-27,7728.068359375
2024-11-28,7682.09130859375
2024-11-29,7661.10205078125
2024-12-02,7773.0458984375
2024-12-03,7767.0478515625
2024-12-04,7820.021484375
2024-12-05,7866.99755859375
2024-12-06,7878.99072265625
2024-12-09,7932.96435546875
2024-12-10,7918.97119140625
2024-12-11,7882.98974609375
2024-12-12,7887.98681640625
2024-12-13,7915.97265625
2024-12-17,7791.03662109375
2024-12-18,7757.05322265625
2024-12-19,7668.09814453125
2024-12-20,7647.10986328125
2024-12-23,7648.1083984375
2024-12-24,7696.08447265625
2024-12-27,7660.10205078125
2024-12-30,7601.13330078125
2024-12-31,7603.1318359375
2025-01-02,7625.12060546875
2025-01-03,7662.10205078125
2025-01-06,7653.107421875
2025-01-07,7608.12890625
2025-01-08,7504.18212890625
2025-01-09,7575.146484375
2025-01-10,7544.1611328125
2025-01-13,7411.22900390625
2025-01-14,7434.2177734375
2025-01-15,7526.6015625
2025-01-16,7537.59716796875
2025-01-17,7628.55517578125
2025-01-20,7649.54541015625
2025-01-21,7668.53662109375
2025-01-22,7659.54150390625
2025-01-23,7575.5791015625
2025-01-24,7625.556640625
2025-01-27,7617.56005859375
2025-01-28,7642.548828125
2025-01-29,7724.51171875
2025-01-30,7759.49609375
2025-01-31,7797.478515625
2025-02-03,7751.49951171875
2025-02-04,7832.46337890625
2025-02-05,7859.45068359375
2025-02-06,7929.41943359375
2025-02-07,7975.3984375
2025-02-10,8016.3798828125
2025-02-11,7971.40087890625
2025-02-12,8024.37646484375
2025-02-13,8023.37744140625
2025-02-14,8115.33544921875
2025-02-17,8084.349609375
2025-02-18,8146.32177734375
2025-02-19,8129.32861328125
2025-02-20,8147.32080078125
2025-02-21,8160.3154296875
2025-02-24,8033.37255859375
2025-02-25,8056.36181640625
2025-02-26,8077.3525390625
2025-02-27,8011.3828125
2025-02-28,7885.43896484375
2025-03-03,8024.37646484375
2025-03-04,7961.4052734375
2025-03-05,8053.36328125
2025-03-06,8112.33642578125
2025-03-07,8129.32861328125
2025-03-10,8015.3798828125
2025-03-11,7974.3994140625
2025-03-12,8008.3837890625
2025-03-13,8005.384765625
2025-03-14,8093.34521484375
2025-03-17,8155.3173828125
2025-03-18,8206.2939453125
2025-03-19,8317.244140625
2025-03-20,8223.287109375
2025-03-24,8202.296875
2025-03-25,8252.2724609375
2025-03-26,8298.2529296875
2025-03-27,8280.2607421875
2025-03-28,8293.2548828125
2025-03-31,8215.2900390625
2025-04-01,8277.26171875
2025-04-02,8251.2734375
2025-04-03,7990.3916015625
2025-04-04,7604.56591796875
2025-04-07,7549.5908203125
2025-04-08,7800.47802734375
2025-04-09,7701.52197265625
2025-04-10,8017.3798828125
2025-04-11,8048.36572265625
2025-04-14,8261.2685546875
2025-04-15,8297.58203125
2025-04-16,8327.5693359375
2025-04-17,8320.5732421875
2025-04-22,8339.564453125
2025-04-23,8361.556640625
2025-04-24,8408.53515625
2025-04-25,84.40523529052734
2025-04-29,8501.498046875
2025-04-30,8497.4990234375
2025-05-02,8585.462890625
2025-05-05,8551.4775390625
2025-05-06,8536.4833984375
2025-05-07,8499.4990234375
2025-05-08,8451.5185546875
2025-05-09,8521.4892578125
2025-05-12,8563.4736328125
2025-05-13,8573.46875
2025-05-14,8588.4609375
2025-05-15,8576.4658203125
2025-05-16,8602.4560546875
2025-05-19,8599.45703125
2025-05-20,8642.4404296875
2025-05-21,8712.41015625
2025-05-22,8649.435546875
2025-05-23,8679.4248046875
2025-05-26,8718.408203125
2025-05-27,8709.412109375
2025-05-28,8725.4052734375
2025-05-29,8787.37890625
2025-05-30,8802.3740234375
2025-06-02,8843.3564453125
2025-06-03,8823.365234375
2025-06-04,8920.3251953125
2025-06-05,8986.2978515625
2025-06-06,8964.306640625
2025-06-09,8967.306640625
2025-06-10,8998.29296875
2025-06-11,8967.306640625
2025-06-12,9043.2744140625
2025-06-13,8914.328125
2025-06-17,8807.37109375
2025-06-18,8866.3466796875
2025-06-19,8829.3623046875
2025-06-20,8838.359375
2025-06-23,8863.349609375
2025-06-24,8943.3154296875
2025-06-25,8891.3359375
2025-06-26,8936.318359375
2025-06-27,8908.330078125
2025-06-30,9005.2900390625
2025-07-01,9026.2802734375
2025-07-02,8998.29296875
2025-07-03,9035.27734375
2025-07-04,9036.27734375
2025-07-07,9072.2607421875
2025-07-08,9064.2646484375
2025-07-09,9054.26953125
2025-07-10,9073.2607421875
2025-07-11,9060.2685546875
2025-07-14,9034.2783203125
2025-07-15,9041.275390625
2025-07-16,8955.259765625
2025-07-17,8974.2529296875
2025-07-18,9109.2119140625
2025-07-21,9213.1806640625
2025-07-22,9173.193359375
2025-07-23,9242.171875
2025-07-24,9239.1728515625
2025-07-25,9170.193359375
2025-07-28,9126.2060546875
2025-07-29,9163.1943359375
2025-07-30,9175.19140625
2025-07-31,9105.212890625
2025-08-01,9037.234375
2025-08-04,9181.1904296875
2025-08-05,9215.1787109375
2025-08-06,9274.162109375
2025-08-07,9354.1376953125
2025-08-08,9338.142578125
2025-08-11,9331.1435546875
2025-08-12,9388.1259765625
2025-08-13,9513.087890625
2025-08-14,9483.09765625
2025-08-15,9467.1015625
2025-08-18,9404.1220703125
2025-08-19,9383.1279296875
2025-08-20,9393.1259765625
2025-08-21,9439.111328125
2025-08-22,9526.083984375
2025-08-25,9566.072265625
2025-08-26,9519.0869140625
2025-08-27,9460.1044921875
2025-08-28,9471.1005859375
2025-08-29,9468.1015625
2025-09-01,9461.103515625
2025-09-02,9384.1279296875
2025-09-03,9434.1123046875
2025-09-04,9362.1337890625
2025-09-05,9432.11328125
2025-09-08,9553.076171875
2025-09-09,9608.0595703125
2025-09-10,9694.033203125
2025-09-11,9720.0244140625
2025-09-12,9775.0087890625
2025-09-15,9790.00390625
2025-09-16,9834.990234375
2025-09-17,9879.9765625
2025-09-18,9886.9736328125
2025-09-19,9943.9560546875
2025-09-22,9965.94921875
2025-09-23,10037.9267578125
2025-09-25,9974.9462890625
2025-09-26,10070.91796875
2025-09-29,10134.8994140625
2025-09-30,10178.8837890625
2025-10-01,10244.8642578125
2025-10-02,10204.876953125
2025-10-03,10332.8369140625
2025-10-06,10383.822265625
2025-10-07,10317.8427734375
2025-10-08,10513.78125
2025-10-09,10426.80859375
2025-10-10,10398.8173828125
2025-10-13,10472.794921875
2025-10-14,10449.80078125
2025-10-15,10534.775390625
2025-10-16,10680.73046875
2025-10-17,10483.791015625
2025-10-20,10522.779296875
2025-10-21,10264.8583984375
2025-10-22,10181.6572265625
2025-10-23,10372.61328125
2025-10-24,10353.66796875
2025-10-27,10209.650390625
2025-10-28,10291.6318359375
2025-10-29,10344.619140625
2025-10-30,10286.6337890625
2025-10-31,10245.642578125
2025-11-03,10192.6552734375
2025-11-04,10031.6923828125
2025-11-05,10165.6611328125
2025-11-06,10303.62890625
2025-11-07,10173.6591796875
2025-11-10,10412.6044921875
2025-11-11,10443.5966796875
2025-11-12,10582.564453125
2025-11-13,10715.533203125
2025-11-14,10484.5869140625
2025-11-17,10515.580078125
2025-11-18,10380.6103515625
2025-11-19,10468.591796875
2025-11-20,10479.5888671875
2025-11-21,10256.6396484375
2025-11-24,10289.6318359375
2025-11-25,10324.6240234375
2025-11-26,10514.580078125
2025-11-27,10355.6171875
2025-11-28,10392.6083984375
2025-12-01,10460.5927734375
2025-12-02,10412.6044921875
2025-12-03,10435.5986328125
2025-12-04,10386.6103515625
2025-12-05,10538.5751953125
2025-12-08,10383.6103515625
2025-12-09,10368.6142578125
2025-12-10,10413.6044921875
2025-12-11,10540.5751953125
2025-12-12,10630.5546875
2025-12-15,10604.5595703125
2025-12-17,10718.533203125
2025-12-18,10741.5283203125
2025-12-19,10795.5146484375
2025-12-22,10906.490234375
2025-12-23,10961.4775390625
2025-12-24,11037.4609375
2025-12-29,10887.494140625
2025-12-30,10969.4755859375
2025-12-31,10845.5048828125
2026-01-02,10918.4873046875
2026-01-05,10945.4814453125
2026-01-06,11175.4287109375
2026-01-07,11084.44921875
2026-01-08,10996.4697265625
2026-01-09,11104.4453125
2026-01-12,11281.4033203125
2026-01-13,11378.3818359375
2026-01-14,11388.37890625
2026-01-15,11368.3837890625
2026-01-16,11297.400390625
2026-01-19,11309.3974609375
2026-01-20,11324.39453125
2026-01-21,11340.9482421875
2026-01-22,11421.93359375
2026-01-23,11435.9306640625
2026-01-26,11680.88671875
2026-01-27,11625.896484375
2026-01-28,11749.8740234375
2026-01-29,11829.859375
2026-01-30,11339.9482421875
2026-02-02,11146.9833984375
2026-02-03,11290.9580078125
2026-02-04,11361.9443359375
2026-02-05,11097.9921875
2026-02-06,11236.966796875
2026-02-09,11233.9677734375
2026-02-10,11316.9521484375
2026-02-11,11415.9345703125
2026-02-12,11451.9287109375
2026-02-13,11285.9580078125
2026-02-16,11305.9541015625
2026-02-17,11199.9736328125
2026-02-18,11425.9326171875
2026-02-19,11326.9501953125
2026-02-20,11502.9189453125
2026-02-23,11716.880859375
2026-02-24,11713.880859375
2026-02-25,11886.849609375
2026-02-26,11884.849609375
2026-02-27,12018.826171875
2026-03-02,11950.8369140625
2026-03-03,11405.9365234375
2026-03-04,11389.939453125
2026-03-05,11210.9716796875
2026-03-06,10892.029296875
2026-03-09,10892.029296875
2026-03-10,11218.970703125
2026-03-11,11009.0078125
2026-03-12,10994.0107421875
2026-03-13,10828.041015625
2026-03-16,10933.0224609375
2026-03-17,11025.005859375
2026-03-18,10642.0751953125
2026-03-19,10345.1279296875
2026-03-20,10313.1337890625
2026-03-23,10341.12890625
2026-03-24,10334.1298828125
2026-03-25,10738.056640625
2026-03-26,10578.0859375
2026-03-27,10461.1064453125
2026-03-30,10563.0888671875
2026-03-31,10728.05859375
2026-04-01,11002.009765625
2026-04-02,10965.0166015625
2026-04-07,10832.0400390625
2026-04-08,11328.9501953125
2026-04-09,11194.974609375
2026-04-10,11293.9560546875
2026-04-13,11233.9677734375
2026-04-14,11367.943359375
2026-04-15,11348.947265625
2026-04-16,11254.9638671875
2026-04-17,11625.896484375
2026-04-20,11430.931640625
2026-04-21,11169.9228515625
2026-04-22,11114.9287109375
2026-04-23,10987.9404296875
2026-04-24,10988.9404296875
2026-04-28,10785.9599609375
2026-04-29,10683.9697265625
2026-04-30,10858.953125
2026-05-04,10785.9599609375
2026-05-05,10819.95703125
2026-05-06,11201.919921875
2026-05-07,11227.91796875
2026-05-08,11125.927734375
2026-05-11,11204.919921875
2026-05-12,11040.935546875
2026-05-13,11074.9326171875
2026-05-14,11080.931640625
2026-05-15,10813.9580078125
2026-05-18,10820.95703125
2026-05-19,10726.9658203125
2026-05-20,10790.9599609375
2026-05-21,10766.9619140625
2026-05-22,10663.9716796875
2026-05-25,10938.9453125
2026-05-26,10923.947265625
2026-05-27,10874.9521484375
2026-05-28,10816.95703125
2026-05-29,10817.95703125
2026-06-01,10562.9814453125
2026-06-02,10742.96484375
2026-06-03,10645.9736328125
2026-06-04,10595.978515625
2026-06-05,10458.9921875
2026-06-08,10436.994140625
2026-06-09,10443.9931640625
2026-06-10,10288.0087890625
2026-06-11,10338.00390625
2026-06-12,10535.984375
2026-06-15,10888.9501953125
2026-06-17,10941.9453125
2026-06-18,10858.953125
2026-06-19,10587.9794921875
2026-06-22,10545.9833984375
2026-06-23,10458.9921875
2026-06-24,10308.0068359375
2026-06-25,10400.9970703125
2026-06-26,10350.001953125
2026-06-29,10331.00390625
2026-06-30,10330.00390625
2026-07-01,10284.0087890625
2026-07-02,10372.0
2026-07-03,10473.990234375
2026-07-06,10392.998046875
2026-07-07,10326.0048828125
2026-07-08,10182.0185546875
2026-07-09,10259.0107421875
2026-07-10,10306.0068359375
2026-07-13,10270.009765625
2026-07-14,10316.005859375
2026-07-15,10366.0009765625
2026-07-16,10336.00390625
2026-07-17,10252.01171875
2026-07-20,10199.0166015625
2026-07-21,10198.0166015625
2026-07-22,10177.0
2026-07-23,10094.0
2026-07-24,10171.0
2026-07-27,10230.0
2026-07-28,10236.0
2026-07-29,10257.0
2026-07-30,10391.0
2026-07-31,10349.0
2026-08-03,10456.0
2026-08-04,10625.0
2026-08-05,10758.0
2026-08-06,10760.0
2026-08-07,10977.0
2026-08-11,10857.0
2026-08-12,10770.0
2026-08-13,10674.0
2026-08-14,10660.0
2026-08-17,10743.0
2026-08-18,10646.0
2026-08-19,10899.0
2026-08-20,10864.0
2026-08-21,11112.0
2026-08-24,11017.0
